t,pose_x,pose_y,pose_yaw,goal_x,goal_y,goal_active,des_vx,des_wz,act_vx,act_wz,crosstrack_err,along_err,heading_err,mode,obstacle_pts,left_thrust,right_thrust,safety_stop,path_min_clearance,path_length,raw_obstacle_pts,safety_cloud_pts,lio_input_pts,registered_pts,dynamic_track_count,dynamic_point_count,dynamic_max_speed,goal_accepted,goal_status,goal_result_code
0.201,-0.089,0.060,0.0005,0.000,0.000,0,0.000,0.000,-0.001,0.003,0.000,0.000,0.0000,PLAN,0,0.000,0.000,0,nan,0.000,0,0,0,0,0,0,0.000,0,IDLE code=0,0
0.401,-0.088,0.060,0.0007,0.000,0.000,0,0.000,0.000,-0.001,-0.006,0.000,0.000,0.0000,PLAN,0,0.000,0.000,0,nan,0.000,0,0,0,7492,0,0,0.000,0,IDLE code=0,0
0.601,-0.088,0.060,0.0007,0.000,0.000,0,0.000,0.000,-0.001,-0.006,0.000,0.000,0.0000,PLAN,0,0.000,0.000,0,nan,0.000,0,0,0,7492,0,0,0.000,0,IDLE code=0,0
0.801,-0.088,0.060,0.0007,0.000,0.000,0,0.000,0.000,-0.001,-0.006,0.000,0.000,0.0000,PLAN,0,0.000,0.000,0,nan,0.000,0,0,0,7492,0,0,0.000,0,IDLE code=0,0
1.001,-0.088,0.060,0.0007,0.000,0.000,0,0.000,0.000,-0.001,-0.006,0.000,0.000,0.0000,PLAN,0,0.000,0.000,0,nan,0.000,0,0,22185,7492,0,0,0.000,0,IDLE code=0,0
1.201,-0.119,0.056,0.0011,0.000,0.000,0,0.000,0.000,0.000,-0.007,0.000,0.000,0.0000,PLAN,0,0.000,0.000,0,nan,0.000,0,0,22185,7578,0,0,0.000,0,IDLE code=0,0
1.400,-0.119,0.056,0.0011,0.000,0.000,0,0.000,0.000,0.000,-0.007,0.000,0.000,0.0000,PLAN,0,0.000,0.000,0,nan,0.000,0,0,22185,7578,0,0,0.000,0,IDLE code=0,0
1.601,-0.124,0.056,-0.0022,0.000,0.000,0,0.000,0.000,0.000,-0.013,0.000,0.000,0.0000,PLAN,0,0.000,0.000,0,nan,0.000,0,0,22239,7578,0,0,0.000,0,IDLE code=0,0
1.800,-0.127,0.061,0.0011,0.000,0.000,0,0.000,0.000,0.001,-0.001,0.000,0.000,0.0000,PLAN,425,0.000,0.000,0,nan,0.000,0,0,22239,7661,0,0,0.000,0,IDLE code=0,0
2.001,-0.127,0.061,0.0011,0.000,0.000,0,0.000,0.000,0.001,-0.001,0.000,0.000,0.0000,PLAN,425,0.000,0.000,0,nan,0.000,2929,2929,22239,7661,0,0,0.000,0,IDLE code=0,0
2.201,-0.127,0.061,0.0011,0.000,0.000,0,0.000,0.000,0.001,-0.001,0.000,0.000,0.0000,PLAN,425,0.000,0.000,0,nan,0.000,2938,2938,22239,7661,0,0,0.000,0,IDLE code=0,0
2.400,-0.127,0.061,0.0011,0.000,0.000,0,0.000,0.000,0.001,-0.001,0.000,0.000,0.0000,PLAN,425,0.000,0.000,0,nan,0.000,2968,2968,22255,7661,0,0,0.000,0,IDLE code=0,0
2.601,-0.125,0.074,0.0008,0.000,0.000,0,0.000,0.000,0.000,-0.001,0.000,0.000,0.0000,PLAN,425,0.000,0.000,0,nan,0.000,2968,2968,22255,7661,0,0,0.000,0,IDLE code=0,0
2.801,-0.125,0.074,0.0008,0.000,0.000,0,0.000,0.000,0.000,-0.001,0.000,0.000,0.0000,PLAN,428,0.000,0.000,0,nan,0.000,2968,2968,22255,7656,0,0,0.000,0,IDLE code=0,0
3.001,-0.125,0.074,0.0008,0.000,0.000,0,0.000,0.000,0.000,-0.001,0.000,0.000,0.0000,PLAN,428,0.000,0.000,0,nan,0.000,2968,2968,22267,7656,0,0,0.000,0,IDLE code=0,0
3.201,-0.114,0.085,0.0002,0.000,0.000,0,0.000,0.000,-0.000,-0.005,0.000,0.000,0.0000,PLAN,428,0.000,0.000,0,nan,0.000,3033,3033,22269,7656,0,0,0.000,0,IDLE code=0,0
3.401,-0.111,0.089,-0.0003,0.000,0.000,0,0.000,0.000,-0.000,0.004,0.000,0.000,0.0000,PLAN,420,0.000,0.000,0,nan,0.000,3033,3033,22271,7660,0,0,0.000,0,IDLE code=0,0
3.601,-0.107,0.090,0.0005,0.000,0.000,0,0.000,0.000,-0.001,-0.003,0.000,0.000,0.0000,PLAN,420,0.000,0.000,0,nan,0.000,3033,3033,22271,7660,0,0,0.000,0,IDLE code=0,0
3.801,-0.103,0.091,-0.0008,0.000,0.000,0,0.000,0.000,-0.000,-0.004,0.000,0.000,0.0000,PLAN,411,0.000,0.000,0,nan,0.000,3054,3054,22234,7617,0,0,0.000,0,IDLE code=0,0
4.001,-0.102,0.091,0.0001,10.000,0.000,1,0.000,0.000,-0.001,0.011,0.000,0.000,-0.0091,PLAN,424,0.000,0.000,0,nan,0.000,3054,3054,22197,7639,0,0,0.000,0,GOAL_SENT code=1,1
4.200,-0.099,0.092,-0.0003,10.000,0.000,1,0.000,0.000,-0.001,-0.009,0.001,0.004,-0.0088,PLAN,424,0.000,0.000,0,nan,0.000,3054,3054,22197,7639,0,0,0.000,0,GOAL_SENT code=1,1
4.401,-0.099,0.092,-0.0003,10.000,0.000,1,0.000,0.000,-0.001,-0.009,0.001,0.004,-0.0088,PLAN,408,0.000,0.000,0,nan,0.000,3080,3080,22197,7575,0,0,0.000,0,GOAL_SENT code=1,1
4.600,-0.099,0.092,-0.0003,10.000,0.000,1,0.000,0.000,-0.001,-0.009,0.001,0.004,-0.0088,PLAN,408,0.000,0.000,0,nan,0.000,3084,3084,22213,7575,0,0,0.000,0,GOAL_SENT code=1,1
4.800,-0.094,0.088,0.0005,10.000,0.000,1,0.000,0.000,-0.001,0.002,0.002,0.009,-0.0093,PLAN,421,0.000,0.000,0,nan,0.000,3078,3078,22213,7586,0,0,0.000,0,GOAL_SENT code=1,1
5.001,-0.094,0.088,0.0005,10.000,0.000,1,0.000,0.000,-0.001,0.002,0.002,0.009,-0.0093,PLAN,421,0.000,0.000,0,nan,0.000,3065,3065,22180,7586,0,0,0.000,0,GOAL_SENT code=1,1
5.201,-0.094,0.084,0.0003,10.000,0.000,1,0.000,0.000,-0.000,0.014,0.006,0.008,-0.0086,PLAN,425,0.000,0.000,0,nan,0.000,3055,3055,22170,7544,0,0,0.000,0,GOAL_SENT code=1,1
5.400,-0.095,0.082,0.0003,10.000,0.000,1,0.000,0.000,-0.000,0.005,0.008,0.007,-0.0085,PLAN,425,0.000,0.000,0,nan,0.000,3035,3035,22188,7589,0,0,0.000,0,GOAL_SENT code=1,1
5.601,-0.097,0.080,0.0004,10.000,0.000,1,0.000,0.000,-0.000,0.008,0.010,0.005,-0.0084,PLAN,425,0.000,0.000,0,nan,0.000,3025,3025,22199,7589,0,0,0.000,0,GOAL_SENT code=1,1
5.801,-0.099,0.077,0.0003,10.000,0.000,1,0.000,0.000,0.000,-0.004,0.014,0.004,-0.0079,PLAN,429,0.000,0.000,0,nan,0.000,3025,3025,22199,7599,0,0,0.000,0,GOAL_SENT code=1,1
6.001,-0.099,0.077,0.0012,10.000,0.000,1,0.000,0.000,0.000,0.012,0.013,0.003,-0.0088,PLAN,413,0.000,0.000,0,nan,0.000,3025,3025,22199,7580,0,0,0.000,0,GOAL_SENT code=1,1
6.201,-0.099,0.077,0.0012,10.000,0.000,1,0.000,0.000,0.000,0.012,0.013,0.003,-0.0088,PLAN,413,0.000,0.000,0,nan,0.000,3025,3025,22199,7580,0,0,0.000,0,GOAL_SENT code=1,1
6.400,-0.099,0.077,0.0012,10.000,0.000,1,0.000,0.000,0.000,0.012,0.013,0.003,-0.0088,PLAN,413,0.000,0.000,0,nan,0.000,3025,3025,22199,7580,0,0,0.000,0,GOAL_SENT code=1,1
6.601,-0.099,0.077,0.0012,10.000,0.000,1,0.000,0.000,0.000,0.012,0.013,0.003,-0.0088,PLAN,413,0.000,0.000,0,nan,0.000,3004,3004,22199,7580,0,0,0.000,0,GOAL_SENT code=1,1
6.801,-0.133,0.055,0.0009,10.000,0.000,1,0.000,0.000,0.000,0.004,0.035,-0.030,-0.0064,PLAN,413,0.000,0.000,0,nan,0.000,3002,3002,22199,7580,0,0,0.000,0,GOAL_SENT code=1,1
7.001,-0.134,0.056,0.0011,10.000,0.000,1,0.000,0.000,0.000,0.004,0.035,-0.031,-0.0067,PLAN,424,0.000,0.000,0,nan,0.000,3002,3002,22199,7612,0,0,0.000,0,GOAL_SENT code=1,1
7.200,-0.139,0.051,-0.0004,10.000,0.000,1,0.000,0.000,-0.001,-0.007,0.040,-0.036,-0.0046,PLAN,424,0.000,0.000,0,nan,0.000,3002,3002,22296,7612,0,0,0.000,0,GOAL_SENT code=1,1
7.401,-0.139,0.052,0.0012,10.000,0.000,1,0.000,0.000,0.001,0.002,0.039,-0.036,-0.0063,PLAN,430,0.000,0.000,0,nan,0.000,2995,2995,22273,7652,0,0,0.000,0,GOAL_SENT code=1,1
7.601,-0.139,0.051,0.0008,10.000,0.000,1,0.000,0.000,0.000,0.004,0.040,-0.036,-0.0059,PLAN,430,0.000,0.000,0,nan,0.000,2995,2995,22273,7652,0,0,0.000,0,GOAL_SENT code=1,1
7.801,-0.139,0.051,0.0009,10.000,0.000,1,0.000,0.000,0.000,0.004,0.040,-0.036,-0.0060,PLAN,441,0.000,0.000,0,nan,0.000,2995,2995,22273,7610,0,0,0.000,0,GOAL_SENT code=1,1
8.001,-0.139,0.051,0.0009,10.000,0.000,1,0.000,0.000,0.000,0.004,0.040,-0.036,-0.0060,PLAN,441,0.000,0.000,0,nan,0.000,2995,2995,22273,7610,0,0,0.000,0,GOAL_SENT code=1,1
8.200,-0.128,0.055,-0.0005,10.000,0.000,1,0.000,0.000,0.004,0.007,0.036,-0.025,-0.0049,PLAN,441,0.000,0.000,0,nan,0.000,3036,3036,22168,7610,0,0,0.000,0,GOAL_SENT code=1,1
8.400,-0.125,0.056,0.0002,10.000,0.000,1,0.000,0.000,0.000,0.009,0.035,-0.023,-0.0057,PLAN,435,0.000,0.000,0,nan,0.000,3036,3036,22168,7516,0,0,0.000,0,GOAL_SENT code=1,1
8.600,-0.125,0.056,0.0002,10.000,0.000,1,0.000,0.000,0.000,0.009,0.035,-0.023,-0.0057,PLAN,435,0.000,0.000,0,nan,0.000,3048,3048,22168,7516,0,0,0.000,0,GOAL_SENT code=1,1
8.801,-0.125,0.056,0.0002,10.000,0.000,1,0.000,0.000,0.000,0.009,0.035,-0.023,-0.0057,PLAN,435,0.000,0.000,0,nan,0.000,3027,3027,22168,7516,0,0,0.000,0,GOAL_SENT code=1,1
9.000,-0.125,0.056,0.0002,10.000,0.000,1,0.000,0.000,0.000,0.009,0.035,-0.023,-0.0057,PLAN,435,0.000,0.000,0,nan,0.000,3014,3014,22168,7516,0,0,0.000,0,GOAL_SENT code=1,1
9.200,-0.089,0.075,-0.0011,10.000,0.000,1,0.000,0.000,0.005,0.006,0.016,0.013,-0.0063,PLAN,435,0.000,0.000,0,nan,0.000,2976,2976,22078,7516,0,0,0.000,0,GOAL_SENT code=1,1
9.401,-0.084,0.076,0.0005,10.000,0.000,1,0.000,0.000,-0.001,0.012,0.014,0.018,-0.0080,PLAN,397,0.000,0.000,0,nan,0.000,2943,2943,22078,7547,0,0,0.000,0,GOAL_SENT code=1,1
9.600,-0.079,0.082,-0.0012,10.000,0.000,1,0.000,0.000,-0.000,-0.005,0.009,0.024,-0.0069,PLAN,397,0.000,0.000,0,nan,0.000,2936,2936,22084,7547,0,0,0.000,0,GOAL_SENT code=1,1
9.801,-0.079,0.083,0.0004,10.000,0.000,1,0.000,0.000,-0.001,0.001,0.007,0.023,-0.0087,PLAN,397,0.000,0.000,0,nan,0.000,2936,2936,22084,7563,0,0,0.000,0,GOAL_SENT code=1,1
10.000,-0.079,0.083,0.0004,10.000,0.000,1,0.000,0.000,-0.001,0.001,0.007,0.023,-0.0087,PLAN,397,0.000,0.000,0,nan,0.000,2936,2936,22084,7563,0,0,0.000,0,GOAL_SENT code=1,1
10.201,-0.079,0.083,0.0004,10.000,0.000,1,0.000,0.000,-0.001,0.001,0.007,0.023,-0.0087,PLAN,397,0.000,0.000,0,nan,0.000,2975,2975,22084,7563,0,0,0.000,0,GOAL_SENT code=1,1
10.400,-0.079,0.083,0.0004,10.000,0.000,1,0.000,0.000,-0.001,0.001,0.007,0.023,-0.0087,PLAN,397,0.000,0.000,0,nan,0.000,3008,3008,22222,7563,0,0,0.000,0,GOAL_SENT code=1,1
10.601,-0.088,0.094,0.0008,10.000,0.000,1,0.000,0.000,-0.000,0.010,0.004,0.014,-0.0102,PLAN,397,0.000,0.000,0,nan,0.000,3014,3014,22244,7656,0,0,0.000,0,GOAL_SENT code=1,1
10.801,-0.093,0.100,0.0009,10.000,0.000,1,0.000,0.000,-0.000,0.019,0.009,0.009,-0.0107,PLAN,421,0.000,0.000,0,nan,0.000,3018,3018,22244,7640,0,0,0.000,0,GOAL_SENT code=1,1
11.001,-0.093,0.100,0.0009,10.000,0.000,1,0.000,0.000,-0.000,0.019,0.009,0.009,-0.0107,PLAN,421,0.000,0.000,0,nan,0.000,2972,2972,22244,7640,0,0,0.000,0,GOAL_SENT code=1,1
11.201,-0.100,0.098,-0.0023,10.000,0.000,1,0.000,0.000,-0.002,0.011,0.007,0.002,-0.0074,PLAN,421,0.000,0.000,0,nan,0.000,2932,2932,22270,7640,0,0,0.000,0,GOAL_SENT code=1,1
11.400,-0.103,0.099,0.0014,10.000,0.000,1,0.000,0.000,-0.000,-0.007,0.008,-0.001,-0.0113,PLAN,422,0.000,0.000,0,nan,0.000,2901,2901,22270,7660,0,0,0.000,0,GOAL_SENT code=1,1
11.601,-0.103,0.099,0.0014,10.000,0.000,1,0.000,0.000,-0.000,-0.007,0.008,-0.001,-0.0113,PLAN,422,0.000,0.000,0,nan,0.000,2901,2901,22270,7660,0,0,0.000,0,GOAL_SENT code=1,1
11.800,-0.109,0.098,0.0014,10.000,0.000,1,0.000,0.000,-0.002,-0.008,0.007,-0.007,-0.0111,PLAN,422,0.000,0.000,0,nan,0.000,2921,2921,22376,7660,0,0,0.000,0,GOAL_SENT code=1,1
12.000,-0.125,0.094,0.0022,10.000,0.000,1,0.000,0.000,0.001,-0.000,0.003,-0.022,-0.0115,PLAN,407,0.000,0.000,0,nan,0.000,2945,2945,22407,7664,0,0,0.000,0,GOAL_SENT code=1,1
12.202,-0.135,0.091,0.0019,10.000,0.000,1,0.000,0.000,0.001,-0.000,0.000,-0.033,-0.0109,PLAN,407,0.000,0.000,0,nan,0.000,2954,2954,22407,7669,0,0,0.000,0,GOAL_SENT code=1,1
12.401,-0.141,0.088,-0.0004,10.000,0.000,1,0.000,0.000,0.002,0.001,0.003,-0.038,-0.0083,PLAN,424,0.000,0.000,0,nan,0.000,2988,2988,22407,7669,0,0,0.000,0,GOAL_SENT code=1,1
12.601,-0.141,0.087,0.0023,10.000,0.000,1,0.000,0.000,0.005,0.004,0.004,-0.039,-0.0109,PLAN,433,0.000,0.000,0,nan,0.000,2994,2994,22369,7674,0,0,0.000,0,GOAL_SENT code=1,1
12.801,-0.146,0.084,0.0009,10.000,0.000,1,0.000,0.000,0.001,0.009,0.007,-0.044,-0.0091,PLAN,430,0.000,0.000,0,nan,0.000,3044,3044,22333,7704,0,0,0.000,0,GOAL_SENT code=1,1
13.001,-0.149,0.079,-0.0001,10.000,0.000,1,0.000,0.000,0.001,-0.003,0.012,-0.046,-0.0077,PLAN,430,0.000,0.000,0,nan,0.000,3044,3044,22333,7704,0,0,0.000,0,GOAL_SENT code=1,1
13.200,-0.149,0.080,0.0010,10.000,0.000,1,0.000,0.000,0.001,-0.003,0.012,-0.047,-0.0089,PLAN,446,0.000,0.000,0,nan,0.000,3044,3044,22333,7704,0,0,0.000,0,GOAL_SENT code=1,1
13.401,-0.151,0.076,0.0000,10.000,0.000,1,0.000,0.000,-0.000,-0.005,0.015,-0.048,-0.0075,PLAN,446,0.000,0.000,0,nan,0.000,3044,3044,22173,7704,0,0,0.000,0,GOAL_SENT code=1,1
13.600,-0.148,0.072,0.0004,10.000,0.000,1,0.000,0.000,0.001,0.013,0.019,-0.045,-0.0075,PLAN,462,0.000,0.000,0,nan,0.000,3145,3145,22070,7559,0,0,0.000,0,GOAL_SENT code=1,1
13.801,-0.144,0.066,0.0011,10.000,0.000,1,0.000,0.000,0.000,-0.006,0.025,-0.041,-0.0075,PLAN,465,0.000,0.000,0,nan,0.000,3145,3145,22070,7501,0,0,0.000,0,GOAL_SENT code=1,1
14.000,-0.144,0.066,0.0011,10.000,0.000,1,0.000,0.000,0.000,-0.006,0.025,-0.041,-0.0075,PLAN,465,0.000,0.000,0,nan,0.000,3145,3145,22070,7501,0,0,0.000,0,GOAL_SENT code=1,1
14.201,-0.144,0.066,0.0011,10.000,0.000,1,0.000,0.000,0.000,-0.006,0.025,-0.041,-0.0075,PLAN,465,0.000,0.000,0,nan,0.000,3197,3197,22070,7501,0,0,0.000,0,GOAL_SENT code=1,1
14.401,-0.144,0.066,0.0011,10.000,0.000,1,0.000,0.000,0.000,-0.006,0.025,-0.041,-0.0075,PLAN,465,0.000,0.000,0,nan,0.000,3228,3228,22070,7501,0,0,0.000,0,GOAL_SENT code=1,1
14.601,-0.144,0.066,0.0011,10.000,0.000,1,0.000,0.000,0.000,-0.006,0.025,-0.041,-0.0075,PLAN,465,0.000,0.000,0,nan,0.000,3128,3128,21902,7501,0,0,0.000,0,GOAL_SENT code=1,1
14.801,-0.078,0.057,0.0003,10.000,0.000,1,0.000,0.000,-0.001,-0.013,0.034,0.025,-0.0059,PLAN,449,0.000,0.000,0,nan,0.000,3128,3128,21879,7473,0,0,0.000,0,GOAL_SENT code=1,1
15.000,-0.073,0.051,0.0001,10.000,0.000,1,0.000,0.000,-0.002,-0.002,0.039,0.029,-0.0052,PLAN,433,0.000,0.000,0,nan,0.000,3128,3128,21879,7450,0,0,0.000,0,GOAL_SENT code=1,1
15.201,-0.068,0.053,-0.0001,10.000,0.000,1,0.000,0.000,-0.001,0.005,0.037,0.034,-0.0052,PLAN,433,0.000,0.000,0,nan,0.000,2949,2949,21880,7450,0,0,0.000,0,GOAL_SENT code=1,1
15.401,-0.063,0.053,-0.0007,10.000,0.000,1,0.000,0.000,-0.002,0.017,0.037,0.040,-0.0046,PLAN,389,0.000,0.000,0,nan,0.000,2884,2884,21911,7467,0,0,0.000,0,GOAL_SENT code=1,1
15.601,-0.062,0.054,0.0001,10.000,0.000,1,0.000,0.000,-0.002,0.015,0.037,0.040,-0.0055,PLAN,361,0.000,0.000,0,nan,0.000,2884,2884,21911,7511,0,0,0.000,0,GOAL_SENT code=1,1
15.801,-0.062,0.054,0.0001,10.000,0.000,1,0.000,0.000,-0.002,0.015,0.037,0.040,-0.0055,PLAN,361,0.000,0.000,0,nan,0.000,2884,2884,21987,7511,0,0,0.000,0,GOAL_SENT code=1,1
16.001,-0.062,0.061,0.0007,10.000,0.000,1,0.000,0.000,-0.001,0.013,0.029,0.040,-0.0068,PLAN,374,0.000,0.000,0,nan,0.000,2884,2884,21987,7545,0,0,0.000,0,GOAL_SENT code=1,1
16.200,-0.062,0.061,0.0007,10.000,0.000,1,0.000,0.000,-0.001,0.013,0.029,0.040,-0.0068,PLAN,374,0.000,0.000,0,nan,0.000,2884,2884,21987,7545,0,0,0.000,0,GOAL_SENT code=1,1
16.400,-0.062,0.061,0.0007,10.000,0.000,1,0.000,0.000,-0.001,0.013,0.029,0.040,-0.0068,PLAN,374,0.000,0.000,0,nan,0.000,2922,2922,22208,7545,0,0,0.000,0,GOAL_SENT code=1,1
16.600,-0.080,0.078,-0.0025,10.000,0.000,1,0.000,0.000,-0.000,0.010,0.013,0.023,-0.0053,PLAN,404,0.000,0.000,0,nan,0.000,2955,2955,22209,7642,0,0,0.000,0,GOAL_SENT code=1,1
16.801,-0.085,0.085,0.0014,10.000,0.000,1,0.000,0.000,0.000,-0.007,0.006,0.017,-0.0099,PLAN,410,0.000,0.000,0,nan,0.000,2955,2955,22209,7653,0,0,0.000,0,GOAL_SENT code=1,1
17.001,-0.094,0.090,0.0013,10.000,0.000,1,0.000,0.000,0.001,0.014,0.000,0.008,-0.0103,PLAN,410,0.000,0.000,0,nan,0.000,2932,2932,22239,7653,0,0,0.000,0,GOAL_SENT code=1,1
17.201,-0.108,0.099,-0.0007,10.000,0.000,1,0.000,0.000,0.001,0.007,0.008,-0.005,-0.0091,PLAN,414,0.000,0.000,0,nan,0.000,2856,2856,22258,7678,0,0,0.000,0,GOAL_SENT code=1,1
17.401,-0.113,0.103,0.0025,10.000,0.000,1,0.000,0.000,0.001,-0.009,0.012,-0.011,-0.0127,PLAN,420,0.000,0.000,0,nan,0.000,2962,2962,22258,7644,0,0,0.000,0,GOAL_SENT code=1,1
17.601,-0.119,0.101,-0.0036,10.000,0.000,1,0.000,0.000,-0.000,0.005,0.011,-0.017,-0.0064,PLAN,420,0.000,0.000,0,nan,0.000,2994,2994,22316,7644,0,0,0.000,0,GOAL_SENT code=1,1
17.800,-0.124,0.106,0.0027,10.000,0.000,1,0.000,0.000,0.002,0.003,0.015,-0.021,-0.0131,PLAN,450,0.000,0.000,0,nan,0.000,3031,3031,22439,7622,0,0,0.000,0,GOAL_SENT code=1,1
18.001,-0.131,0.104,0.0014,10.000,0.000,1,0.000,0.000,0.002,0.006,0.013,-0.029,-0.0116,PLAN,450,0.000,0.000,0,nan,0.000,3031,3031,22453,7622,0,0,0.000,0,GOAL_SENT code=1,1
18.201,-0.142,0.105,0.0029,10.000,0.000,1,0.000,0.000,0.002,-0.002,0.014,-0.040,-0.0133,PLAN,459,0.000,0.000,0,nan,0.000,2991,2991,22453,7680,0,0,0.000,0,GOAL_SENT code=1,1
18.400,-0.147,0.103,-0.0017,10.000,0.000,1,0.000,0.000,-0.000,0.014,0.012,-0.045,-0.0085,PLAN,459,0.000,0.000,0,nan,0.000,2978,2978,22489,7680,0,0,0.000,0,GOAL_SENT code=1,1
18.601,-0.148,0.103,0.0021,10.000,0.000,1,0.000,0.000,0.001,-0.005,0.012,-0.046,-0.0122,PLAN,449,0.000,0.000,0,nan,0.000,2978,2978,22489,7653,0,0,0.000,0,GOAL_SENT code=1,1
18.801,-0.148,0.103,0.0021,10.000,0.000,1,0.000,0.000,0.001,-0.005,0.012,-0.046,-0.0122,PLAN,449,0.000,0.000,0,nan,0.000,3091,3091,22292,7653,0,0,0.000,0,GOAL_SENT code=1,1
19.001,-0.152,0.095,0.0007,10.000,0.000,1,0.000,0.000,0.000,0.009,0.003,-0.049,-0.0100,PLAN,473,0.000,0.000,0,nan,0.000,3135,3135,22292,7633,0,0,0.000,0,GOAL_SENT code=1,1
19.201,-0.152,0.095,0.0007,10.000,0.000,1,0.000,0.000,0.000,0.009,0.003,-0.049,-0.0100,PLAN,473,0.000,0.000,0,nan,0.000,3135,3135,22292,7633,0,0,0.000,0,GOAL_SENT code=1,1
19.401,-0.150,0.084,-0.0033,10.000,0.000,1,0.000,0.000,-0.001,0.007,0.007,-0.047,-0.0050,PLAN,473,0.000,0.000,0,nan,0.000,3171,3171,22015,7633,0,0,0.000,0,GOAL_SENT code=1,1
19.601,-0.146,0.082,-0.0009,10.000,0.000,1,0.000,0.000,-0.000,0.004,0.010,-0.044,-0.0071,PLAN,472,0.000,0.000,0,nan,0.000,3219,3219,21888,7478,0,0,0.000,0,GOAL_SENT code=1,1
19.800,-0.134,0.071,-0.0004,10.000,0.000,1,0.000,0.000,-0.001,0.009,0.020,-0.032,-0.0066,PLAN,480,0.000,0.000,0,nan,0.000,3219,3219,21888,7417,0,0,0.000,0,GOAL_SENT code=1,1
20.000,-0.134,0.071,-0.0004,10.000,0.000,1,0.000,0.000,-0.001,0.009,0.020,-0.032,-0.0066,PLAN,480,0.000,0.000,0,nan,0.000,3162,3162,21888,7417,0,0,0.000,0,GOAL_SENT code=1,1
20.200,-0.134,0.071,-0.0004,10.000,0.000,1,0.000,0.000,-0.001,0.009,0.020,-0.032,-0.0066,PLAN,480,0.000,0.000,0,nan,0.000,3118,3118,21609,7417,0,0,0.000,0,GOAL_SENT code=1,1
20.400,-0.096,0.057,0.0022,10.000,0.000,1,0.000,0.000,-0.001,0.009,0.033,0.007,-0.0078,PLAN,473,0.000,0.000,0,nan,0.000,3095,3095,21609,7311,0,0,0.000,0,GOAL_SENT code=1,1
20.600,-0.089,0.049,-0.0012,10.000,0.000,1,0.000,0.000,-0.002,-0.003,0.041,0.014,-0.0037,PLAN,478,0.000,0.000,0,nan,0.000,3095,3095,21609,7326,0,0,0.000,0,GOAL_SENT code=1,1
20.800,-0.082,0.051,0.0002,10.000,0.000,1,0.000,0.000,0.000,0.018,0.040,0.021,-0.0053,PLAN,478,0.000,0.000,0,nan,0.000,3095,3095,21625,7326,0,0,0.000,0,GOAL_SENT code=1,1
21.001,-0.074,0.045,0.0001,10.000,0.000,1,0.000,0.000,-0.005,-0.006,0.046,0.029,-0.0045,PLAN,478,0.000,0.000,0,nan,0.000,2864,2864,21733,7326,0,0,0.000,0,GOAL_SENT code=1,1
21.200,-0.064,0.045,-0.0003,10.000,0.000,1,0.000,0.000,-0.002,0.007,0.045,0.039,-0.0042,PLAN,396,0.000,0.000,0,nan,0.000,2856,2856,21736,7394,0,0,0.000,0,GOAL_SENT code=1,1
21.401,-0.062,0.044,0.0002,10.000,0.000,1,0.000,0.000,-0.002,-0.003,0.046,0.041,-0.0046,PLAN,375,0.000,0.000,0,nan,0.000,2856,2856,21736,7437,0,0,0.000,0,GOAL_SENT code=1,1
21.601,-0.061,0.045,-0.0017,10.000,0.000,1,0.000,0.000,-0.001,0.004,0.045,0.042,-0.0028,PLAN,357,0.000,0.000,0,nan,0.000,2800,2800,21949,7449,0,0,0.000,0,GOAL_SENT code=1,1
21.801,-0.063,0.049,-0.0016,10.000,0.000,1,0.000,0.000,-0.001,-0.006,0.041,0.040,-0.0033,PLAN,365,0.000,0.000,0,nan,0.000,2800,2800,21949,7534,0,0,0.000,0,GOAL_SENT code=1,1
22.000,-0.064,0.051,0.0005,10.000,0.000,1,0.000,0.000,-0.001,-0.011,0.039,0.038,-0.0056,PLAN,362,0.000,0.000,0,nan,0.000,2836,2836,22149,7579,0,0,0.000,0,GOAL_SENT code=1,1
22.200,-0.069,0.057,0.0016,10.000,0.000,1,0.000,0.000,-0.000,-0.008,0.033,0.034,-0.0073,PLAN,400,0.000,0.000,0,nan,0.000,2836,2836,22149,7676,0,0,0.000,0,GOAL_SENT code=1,1
22.401,-0.069,0.057,0.0016,10.000,0.000,1,0.000,0.000,-0.000,-0.008,0.033,0.034,-0.0073,PLAN,400,0.000,0.000,0,nan,0.000,2930,2930,22149,7676,0,0,0.000,0,GOAL_SENT code=1,1
22.600,-0.069,0.057,0.0016,10.000,0.000,1,0.000,0.000,-0.000,-0.008,0.033,0.034,-0.0073,PLAN,400,0.000,0.000,0,nan,0.000,2929,2929,22149,7676,0,0,0.000,0,GOAL_SENT code=1,1
22.800,-0.069,0.057,0.0016,10.000,0.000,1,0.000,0.000,-0.000,-0.008,0.033,0.034,-0.0073,PLAN,400,0.000,0.000,0,nan,0.000,2929,2929,22149,7676,0,0,0.000,0,GOAL_SENT code=1,1
23.000,-0.069,0.057,0.0016,10.000,0.000,1,0.000,0.000,-0.000,-0.008,0.033,0.034,-0.0073,PLAN,400,0.000,0.000,0,nan,0.000,2929,2929,22149,7676,0,0,0.000,0,GOAL_SENT code=1,1
23.200,-0.131,0.076,-0.0057,10.000,0.000,1,0.000,0.000,-0.003,-0.003,0.015,-0.029,-0.0017,PLAN,400,0.000,0.000,0,nan,0.000,2947,2947,22410,7676,0,0,0.000,0,GOAL_SENT code=1,1
23.401,-0.157,0.117,0.0052,10.000,0.000,1,0.000,0.000,0.002,-0.001,0.026,-0.055,-0.0167,PLAN,461,0.000,0.000,0,nan,0.000,2947,2947,22410,7707,0,0,0.000,0,GOAL_SENT code=1,1
23.601,-0.168,0.123,0.0013,10.000,0.000,1,0.000,0.000,0.004,0.011,0.032,-0.066,-0.0134,PLAN,461,0.000,0.000,0,nan,0.000,3008,3008,22510,7707,0,0,0.000,0,GOAL_SENT code=1,1
23.800,-0.184,0.137,-0.0024,10.000,0.000,1,0.000,0.000,0.003,0.020,0.046,-0.082,-0.0111,PLAN,477,0.000,0.000,0,nan,0.000,3008,3008,22510,7727,0,0,0.000,0,GOAL_SENT code=1,1
24.000,-0.186,0.137,0.0017,10.000,0.000,1,0.000,0.000,0.016,0.009,0.046,-0.084,-0.0152,PLAN,482,0.000,0.000,0,nan,0.000,3067,3067,22480,7690,0,0,0.000,0,GOAL_SENT code=1,1
24.200,-0.187,0.136,0.0009,10.000,0.000,1,0.000,0.000,0.002,0.000,0.045,-0.085,-0.0143,PLAN,473,0.000,0.000,0,nan,0.000,3067,3067,22480,7650,0,0,0.000,0,GOAL_SENT code=1,1
24.401,-0.187,0.136,0.0009,10.000,0.000,1,0.000,0.000,0.002,0.000,0.045,-0.085,-0.0143,PLAN,473,0.000,0.000,0,nan,0.000,3067,3067,22480,7650,0,0,0.000,0,GOAL_SENT code=1,1
24.600,-0.187,0.136,0.0009,10.000,0.000,1,0.000,0.000,0.002,0.000,0.045,-0.085,-0.0143,PLAN,473,0.000,0.000,0,nan,0.000,3085,3085,22480,7650,0,0,0.000,0,GOAL_SENT code=1,1
24.800,-0.187,0.136,0.0009,10.000,0.000,1,0.000,0.000,0.002,0.000,0.045,-0.085,-0.0143,PLAN,473,0.000,0.000,0,nan,0.000,3171,3171,22480,7650,0,0,0.000,0,GOAL_SENT code=1,1
25.000,-0.187,0.136,0.0009,10.000,0.000,1,0.000,0.000,0.002,0.000,0.045,-0.085,-0.0143,PLAN,473,0.000,0.000,0,nan,0.000,3184,3184,21868,7650,0,0,0.000,0,GOAL_SENT code=1,1
25.201,-0.133,0.073,-0.0005,10.000,0.000,1,0.000,0.000,-0.001,-0.000,0.018,-0.031,-0.0067,PLAN,473,0.000,0.000,0,nan,0.000,3220,3220,21868,7650,0,0,0.000,0,GOAL_SENT code=1,1
25.400,-0.119,0.061,0.0004,10.000,0.000,1,0.000,0.000,-0.001,-0.008,0.030,-0.016,-0.0064,PLAN,475,0.000,0.000,0,nan,0.000,3164,3164,21868,7399,0,0,0.000,0,GOAL_SENT code=1,1
25.600,-0.119,0.061,0.0004,10.000,0.000,1,0.000,0.000,-0.001,-0.008,0.030,-0.016,-0.0064,PLAN,475,0.000,0.000,0,nan,0.000,3118,3118,21502,7399,0,0,0.000,0,GOAL_SENT code=1,1
25.801,-0.085,0.030,0.0002,10.000,0.000,1,0.000,0.000,-0.002,0.011,0.060,0.018,-0.0032,PLAN,475,0.000,0.000,0,nan,0.000,3118,3118,21494,7280,0,0,0.000,0,GOAL_SENT code=1,1
26.000,-0.065,0.015,0.0006,10.000,0.000,1,0.000,0.000,-0.002,-0.015,0.076,0.038,-0.0021,PLAN,474,0.000,0.000,0,nan,0.000,3061,3061,21482,7259,0,0,0.000,0,GOAL_SENT code=1,1
26.201,-0.058,0.009,0.0008,10.000,0.000,1,0.000,0.000,-0.002,-0.003,0.081,0.045,-0.0018,PLAN,477,0.000,0.000,0,nan,0.000,3044,3044,21487,7250,0,0,0.000,0,GOAL_SENT code=1,1
26.401,-0.054,0.007,0.0007,10.000,0.000,1,0.000,0.000,-0.005,0.009,0.083,0.049,-0.0014,PLAN,451,0.000,0.000,0,nan,0.000,3003,3003,21503,7249,0,0,0.000,0,GOAL_SENT code=1,1
26.600,-0.051,0.007,0.0004,10.000,0.000,1,0.000,0.000,-0.002,0.017,0.083,0.052,-0.0011,PLAN,451,0.000,0.000,0,nan,0.000,3003,3003,21534,7250,0,0,0.000,0,GOAL_SENT code=1,1
26.801,-0.049,0.009,0.0003,10.000,0.000,1,0.000,0.000,-0.002,0.009,0.082,0.054,-0.0011,PLAN,432,0.000,0.000,0,nan,0.000,2972,2972,21534,7276,0,0,0.000,0,GOAL_SENT code=1,1
27.000,-0.050,0.010,0.0007,10.000,0.000,1,0.000,0.000,-0.004,0.012,0.080,0.053,-0.0017,PLAN,432,0.000,0.000,0,nan,0.000,2972,2972,21730,7276,0,0,0.000,0,GOAL_SENT code=1,1
27.201,-0.051,0.012,0.0005,10.000,0.000,1,0.000,0.000,-0.002,-0.008,0.078,0.052,-0.0017,PLAN,419,0.000,0.000,0,nan,0.000,2919,2919,21730,7379,0,0,0.000,0,GOAL_SENT code=1,1
27.401,-0.051,0.012,0.0005,10.000,0.000,1,0.000,0.000,-0.002,-0.008,0.078,0.052,-0.0017,PLAN,419,0.000,0.000,0,nan,0.000,2919,2919,21730,7379,0,0,0.000,0,GOAL_SENT code=1,1
27.600,-0.057,0.016,0.0011,10.000,0.000,1,0.000,0.000,-0.001,0.016,0.074,0.046,-0.0027,PLAN,419,0.000,0.000,0,nan,0.000,2867,2867,22040,7379,0,0,0.000,0,GOAL_SENT code=1,1
27.800,-0.068,0.025,0.0024,10.000,0.000,1,0.000,0.000,0.000,-0.005,0.065,0.035,-0.0049,PLAN,396,0.000,0.000,0,nan,0.000,2876,2876,22061,7579,0,0,0.000,0,GOAL_SENT code=1,1
28.001,-0.075,0.032,0.0027,10.000,0.000,1,0.000,0.000,-0.001,0.021,0.059,0.028,-0.0058,PLAN,400,0.000,0.000,0,nan,0.000,2915,2915,22180,7610,0,0,0.000,0,GOAL_SENT code=1,1
28.201,-0.104,0.046,-0.0029,10.000,0.000,1,0.000,0.000,-0.086,-0.011,0.044,-0.001,-0.0017,PLAN,427,0.000,0.000,0,nan,0.000,2949,2949,22196,7633,0,0,0.000,0,GOAL_SENT code=1,1
28.400,-0.128,0.081,-0.0049,10.000,0.000,1,0.000,0.000,-0.126,0.002,0.010,-0.025,-0.0030,PLAN,425,0.000,0.000,0,nan,0.000,2949,2949,22196,7599,0,0,0.000,0,GOAL_SENT code=1,1
28.600,-0.149,0.101,0.0022,10.000,0.000,1,0.000,0.000,-0.157,0.009,0.009,-0.047,-0.0121,PLAN,435,0.000,0.000,0,nan,0.000,2949,2949,22196,7604,0,0,0.000,0,GOAL_SENT code=1,1
28.801,-0.149,0.101,0.0022,10.000,0.000,1,0.000,0.000,-0.157,0.009,0.009,-0.047,-0.0121,PLAN,435,0.000,0.000,0,nan,0.000,2902,2902,22371,7604,0,0,0.000,0,GOAL_SENT code=1,1
29.001,-0.183,0.145,0.0034,10.000,0.000,1,0.000,0.000,0.003,0.003,0.053,-0.081,-0.0176,PLAN,435,0.000,0.000,0,nan,0.000,2923,2923,22385,7604,0,0,0.000,0,GOAL_SENT code=1,1
29.200,-0.200,0.166,0.0034,10.000,0.000,1,0.000,0.000,0.003,-0.006,0.074,-0.099,-0.0196,PLAN,457,0.000,0.000,0,nan,0.000,2933,2933,22395,7705,0,0,0.000,0,GOAL_SENT code=1,1
29.401,-0.206,0.173,0.0067,10.000,0.000,1,0.000,0.000,0.003,0.000,0.082,-0.105,-0.0237,PLAN,454,0.000,0.000,0,nan,0.000,2973,2973,22437,7714,0,0,0.000,0,GOAL_SENT code=1,1
29.601,-0.207,0.176,0.0066,10.000,0.000,1,0.000,0.000,0.003,0.000,0.084,-0.106,-0.0238,PLAN,455,0.000,0.000,0,nan,0.000,2996,2996,22437,7709,0,0,0.000,0,GOAL_SENT code=1,1
29.801,-0.206,0.176,-0.0023,10.000,0.000,1,0.000,0.000,0.003,-0.007,0.085,-0.105,-0.0150,PLAN,455,0.000,0.000,0,nan,0.000,2996,2996,22529,7709,0,0,0.000,0,GOAL_SENT code=1,1
30.000,-0.207,0.176,-0.0001,10.000,0.000,1,0.000,0.000,0.002,0.004,0.084,-0.106,-0.0171,PLAN,472,0.000,0.000,0,nan,0.000,2996,2996,22529,7712,0,0,0.000,0,GOAL_SENT code=1,1
30.201,-0.203,0.173,-0.0009,10.000,0.000,1,0.000,0.000,0.003,-0.002,0.082,-0.101,-0.0161,PLAN,472,0.000,0.000,0,nan,0.000,2973,2973,22402,7712,0,0,0.000,0,GOAL_SENT code=1,1
30.400,-0.201,0.172,0.0008,10.000,0.000,1,0.000,0.000,0.002,0.004,0.081,-0.100,-0.0177,PLAN,465,0.000,0.000,0,nan,0.000,2987,2987,22331,7619,0,0,0.000,0,GOAL_SENT code=1,1
30.601,-0.192,0.167,0.0007,10.000,0.000,1,0.000,0.000,0.001,-0.006,0.075,-0.090,-0.0171,PLAN,465,0.000,0.000,0,nan,0.000,2987,2987,22331,7619,0,0,0.000,0,GOAL_SENT code=1,1
30.801,-0.190,0.166,0.0009,10.000,0.000,1,0.000,0.000,0.001,-0.006,0.075,-0.089,-0.0172,PLAN,427,0.000,0.000,0,nan,0.000,3111,3111,22090,7661,0,0,0.000,0,GOAL_SENT code=1,1
31.000,-0.171,0.157,0.0015,10.000,0.000,1,0.000,0.000,-0.000,0.002,0.066,-0.069,-0.0169,PLAN,438,0.000,0.000,0,nan,0.000,3168,3168,22021,7575,0,0,0.000,0,GOAL_SENT code=1,1
31.200,-0.160,0.145,0.0022,10.000,0.000,1,0.000,0.000,-0.001,0.011,0.054,-0.058,-0.0165,PLAN,472,0.000,0.000,0,nan,0.000,3197,3197,21959,7508,0,0,0.000,0,GOAL_SENT code=1,1
31.400,-0.155,0.140,-0.0002,10.000,0.000,1,0.000,0.000,-0.001,-0.013,0.049,-0.053,-0.0136,PLAN,470,0.000,0.000,0,nan,0.000,3200,3200,21694,7465,0,0,0.000,0,GOAL_SENT code=1,1
