experiment,validity,world,target,rows,duration_s,terminal_status,result_code,accepted_t_s,terminal_t_s,final_x,final_y,final_goal_error_m,min_goal_error_m,max_crosstrack_m,p95_crosstrack_m,mean_crosstrack_m,min_path_clearance_m,max_path_length_m,traveled_distance_m,peak_des_vx_mps,peak_act_vx_mps,safety_stop_samples,max_dynamic_tracks,max_dynamic_speed_mps,median_raw_obstacle_pts,median_safety_cloud_pts,median_lio_input_pts,median_registered_pts,notes
static_route_after_bt_fix_20260829_valid,valid,sydney_regatta,"(4, 0, yaw=0)",403,80.6,SUCCEEDED code=4,4,7.2,24.201,3.651,0.404,0.533869834322937,0.231948270094864,0.236,0.1739499999999999,0.023092391304347825,8.29,4.122,3.547,0.412,0.523,0,16.0,5.0,2226.0,2226.0,19607.0,6985.0,Valid rerun after BT/control-bridge fix; logger continued after terminal status to verify zero thrust.
static_route_after_bt_fix_20260829,invalid,sydney_regatta,"(4, 0, yaw=0)",,,,,,,,,,,,,,,,,,,,,,,,,,Invalid: disk exhaustion caused logger failure; do not use for performance claims.
static_route_after_bt_fix_20260829_retry,invalid,sydney_regatta,"(4, 0, yaw=0)",,,,,,,,,,,,,,,,,,,,,,,,,,Invalid: incorrect ROS parameter syntax used -p out_csv=/path instead of -p out_csv:=/path; no valid CSV produced.
m5_multigoal_20260829_valid,valid,sydney_regatta,"(1.5,0); (3,0.5); (4,0), yaw=0",197,39.4,SUCCEEDED code=4,4,10.401,34.601,3.519,0.011,0.481,0.780,0.247,0.165,0.076,6.823,36.713,4.012,0.600,0.024,0,21,5.000,2713.5,2713.5,20300,7112.5,"Valid M5 after separate through-poses BT and yaw_sign=+1. Waypoints passed in order at 0.7/0.7/0.8 m tolerances; Nav2 success error 0.780 m, post-stop final error 0.481 m; both thrusters remained zero after terminal status."
m5_multigoal_20260829_invalid_import,invalid,sydney_regatta,,,,,,,,,,,,,,,,,,,,,,,,,,,Invalid: command script imported Odometry from geometry_msgs instead of nav_msgs; no action was sent.
m5_multigoal_20260829,invalid,sydney_regatta,"(1.5,0); (3,0.5); (4,0)",,,ABORTED code=6,6,,,,,,,,,,,,,,,,,,,,,,"Invalid: NavigateThroughPoses aborted because the multi-goal navigator was configured with the single-goal ComputePathToPose BT; poses appeared as blank-frame (0,0)."
m5_multigoal_20260829_retry2,invalid,sydney_regatta,"(1.5,0); (3,0.5); (4,0)",64,12.8,ABORTED code=6,6,,,,,,,,,,,,,,,,,,,,,,Invalid: adding PoseStamped stamps alone did not fix the BT blackboard mismatch; action aborted before movement.
m5_multigoal_20260829_invalid_yaw_sign,invalid,sydney_regatta,"(1.5,0); (3,0.5); (4,0)",916,183.2,TIMEOUT while ACCEPTED,1,,,29.183,6.374,25.977,,,,,,,,,,,,,,,,,"Invalid safety run: yaw_sign=-1 made measured yaw respond predominantly opposite to commanded wz. Action timed out after 170 s and the vessel overshot to (29.183,6.374); chain was stopped."
m5_long_route_30m_20260829_valid,valid,sydney_regatta,"(30, 0, yaw=0)",941,188.20000000000002,SUCCEEDED code=4,4,,,30.259,0.065,0.2670318333083158,0.03206243908376282,3.673,3.425,1.1091190223166845,8.038,31.108,56.228663020721235,0.6,0.831,0,0.0,0.0,37.0,37.0,13167.0,4654.0,"30 m target reached; Nav2 terminal success independently verified in .usv_logs/nav2.log. Raw logger did not latch /goal_pose and /usv/goal_status in this run (goal_x/goal_y/status columns remain zero/IDLE); target and result are preserved in the companion event log. Thrust output is valid: both thrusters nonzero for 466 samples, then zero after arrival; no SafetyCloud stop."
dynamic_ab_tracker_disabled_dynamic_20260829_2050_disabled,valid,sydney_regatta,"(10, 0, yaw=0)",471,94.401,SUCCEEDED code=4,4,6.4,58.8,9.743,0.351,0.4350287346831239,0.2975583976297756,1.158,,0.39262131519274374,1.4,13.717,16.635382779396085,0.6,1.065,0,0.0,0.0,1558.0,1558.0,18013.0,6105.0,"Fixed dynamic obstacle A/B tracker_disabled; obstacle (6.5,-6.0)->(6.5,6.0), configured 0.60 m/s at 5 Hz; raw CSV and obstacle event CSV preserved. Both thrusters nonzero during navigation and zero at terminal. Enabled tracker max speed estimate 5.0 m/s is an observation outlier versus configured obstacle speed; do not interpret as actual obstacle speed."
dynamic_ab_tracker_enabled_dynamic_20260829_2120_enabled,valid,sydney_regatta,"(10, 0, yaw=0)",952,190.401,SUCCEEDED code=4,4,6.8,75.0,9.893,0.484,0.49568639279286236,0.22128940327092045,0.79,,0.17599020674646354,1.503,13.911,19.989201799553918,0.6,0.728,0,27.0,5.0,1038.0,1038.0,16296.0,5858.0,"Fixed dynamic obstacle A/B tracker_enabled; obstacle (6.5,-6.0)->(6.5,6.0), configured 0.60 m/s at 5 Hz; raw CSV and obstacle event CSV preserved. Both thrusters nonzero during navigation and zero at terminal. Enabled tracker max speed estimate 5.0 m/s is an observation outlier versus configured obstacle speed; do not interpret as actual obstacle speed."
