wall_time,stream,frame,n,xmin,xmax,ymin,ymax,zmin,zmax,r01,r05,r50,r95,r<2,r<5,r<10,r<15,r<20,r<35,s0,s1,s2,s3,s4,s5,s6,s7,s8,s9,s10,s11,s12,s13,s14,s15
1788002720.671,input,wamv/wamv/base_link/lidar_wamv_sensor,23333,-104.21504974365234,56.33277130126953,-127.79342651367188,129.4427947998047,-5.585481643676758,23.667150497436523,0.37307342594924464,0.4305175917236808,32.4249312506637,95.3110752555477,3690,3690,4151,5240,6229,12737,3946,3562,3324,2769,1216,143,0,0,0,23,64,435,690,1224,2538,3399
1788002720.908,input,wamv/wamv/base_link/lidar_wamv_sensor,23313,-104.23451232910156,56.33309555053711,-127.80496215820312,129.44029235839844,-5.4736175537109375,23.66733169555664,0.3727014163737812,0.43088018164872255,32.43254830627414,95.2822370935669,3690,3690,4155,5240,6237,12730,3943,3558,3326,2764,1212,140,0,0,0,23,64,435,690,1223,2544,3391
1788002721.312,input,wamv/wamv/base_link/lidar_wamv_sensor,23269,-104.24491882324219,56.3266716003418,-127.82093811035156,129.47293090820312,-5.415211200714111,23.699064254760742,0.3730900749589799,0.43033153194426615,32.375518337893794,95.13560132501057,3690,3690,4153,5216,6329,12775,3943,3569,3321,2759,1205,140,0,0,0,25,64,436,679,1225,2534,3369
1788002721.532,input,wamv/wamv/base_link/lidar_wamv_sensor,23258,-104.25375366210938,56.32731246948242,-127.83576965332031,129.474853515625,-5.347978591918945,23.701623916625977,0.37307194646608843,0.43021292331288913,32.343510808026366,94.81765408428105,3690,3690,4153,5213,6338,12792,3939,3569,3325,2756,1201,140,0,0,0,25,64,436,674,1229,2527,3373
1788002721.745,input,wamv/wamv/base_link/lidar_wamv_sensor,23241,-104.263427734375,56.33781814575195,-127.80807495117188,129.4947052001953,-5.381692409515381,23.710058212280273,0.3732724275636265,0.43027584898571525,32.35756051783319,94.64196508937513,3690,3690,4150,5199,6338,12776,3944,3568,3324,2764,1188,140,0,0,0,25,64,437,671,1228,2513,3375
1788002721.760,raw,wamv/wamv/base_link,3078,-34.746055603027344,26.679975509643555,-34.301025390625,25.367868423461914,0.500899076461792,3.9654111862182617,8.465641693401029,9.213212691452094,15.946903702616988,31.969450908547742,0,0,238,1201,2161,3078,667,545,791,483,112,0,0,0,3,21,0,0,0,39,249,168
1788002721.774,safety,wamv/wamv/base_link,3078,-34.746055603027344,26.679975509643555,-34.301025390625,25.367868423461914,0.500899076461792,3.9654111862182617,8.465641693401029,9.213212691452094,15.946903702616988,31.969450908547742,0,0,238,1201,2161,3078,667,545,791,483,112,0,0,0,3,21,0,0,0,39,249,168
1788002721.984,input,wamv/wamv/base_link/lidar_wamv_sensor,23237,-104.27915954589844,56.3325080871582,-127.8443374633789,129.51058959960938,-5.47340726852417,23.947704315185547,0.3728947235168269,0.4312094201093114,32.38921049271944,94.54998535883293,3690,3690,4152,5198,6307,12738,3942,3572,3323,2760,1185,140,0,0,0,25,64,440,678,1235,2516,3357
1788002722.004,raw,wamv/wamv/base_link,3069,-34.691246032714844,26.696535110473633,-34.23481369018555,25.239591598510742,0.5001876354217529,3.9662370681762695,8.453994860842224,9.21268039482094,15.916756764915194,32.00021760316664,0,0,240,1204,2149,3069,647,550,796,490,118,0,0,0,3,21,0,0,0,33,249,162
1788002722.024,safety,wamv/wamv/base_link,3069,-34.691246032714844,26.696535110473633,-34.23481369018555,25.239591598510742,0.5001876354217529,3.9662370681762695,8.453994860842224,9.21268039482094,15.916756764915194,32.00021760316664,0,0,240,1204,2149,3069,647,550,796,490,118,0,0,0,3,21,0,0,0,33,249,162
1788002722.228,input,wamv/wamv/base_link/lidar_wamv_sensor,23233,-104.29109954833984,56.33035659790039,-127.82656860351562,129.5242156982422,-5.530366897583008,23.942020416259766,0.3724761713103792,0.4296093238548538,32.42098161756017,94.5884517083167,3690,3690,4149,5191,6302,12718,3941,3573,3317,2762,1184,140,0,0,0,25,64,439,683,1240,2516,3349
1788002722.240,raw,wamv/wamv/base_link,3070,-34.82711410522461,26.69462776184082,-34.13227844238281,25.02627182006836,0.5021011829376221,3.96610426902771,8.44210917204719,9.207720583501512,15.902944076621653,32.03459838195314,0,0,240,1205,2149,3070,643,554,799,491,118,0,0,0,3,21,0,0,0,29,249,163
1788002722.250,safety,wamv/wamv/base_link,3070,-34.82711410522461,26.69462776184082,-34.13227844238281,25.02627182006836,0.5021011829376221,3.96610426902771,8.44210917204719,9.207720583501512,15.902944076621653,32.03459838195314,0,0,240,1205,2149,3070,643,554,799,491,118,0,0,0,3,21,0,0,0,29,249,163
1788002722.262,raw,wamv/wamv/base_link,3077,-34.858760833740234,26.68330192565918,-34.1854133605957,25.000154495239258,0.5003160238265991,3.966870069503784,8.448213729311414,9.204367354634151,15.906221265124568,32.051225780570455,0,0,242,1206,2153,3077,642,553,802,495,121,0,0,0,3,21,0,0,0,27,249,164
1788002722.273,safety,wamv/wamv/base_link,3077,-34.858760833740234,26.68330192565918,-34.1854133605957,25.000154495239258,0.5003160238265991,3.966870069503784,8.448213729311414,9.204367354634151,15.906221265124568,32.051225780570455,0,0,242,1206,2153,3077,642,553,802,495,121,0,0,0,3,21,0,0,0,27,249,164
1788002722.343,raw,wamv/wamv/base_link,3085,-34.820831298828125,26.7037353515625,-34.14805603027344,24.846481323242188,0.5005834102630615,3.9666154384613037,8.431067024342509,9.189628181412314,15.896886820271721,32.012674317332255,0,0,246,1218,2149,3085,635,553,816,500,126,0,0,0,3,19,0,0,0,21,249,163
1788002722.353,safety,wamv/wamv/base_link,3085,-34.820831298828125,26.7037353515625,-34.14805603027344,24.846481323242188,0.5005834102630615,3.9666154384613037,8.431067024342509,9.189628181412314,15.896886820271721,32.012674317332255,0,0,246,1218,2149,3085,635,553,816,500,126,0,0,0,3,19,0,0,0,21,249,163
1788002722.755,input,wamv/wamv/base_link/lidar_wamv_sensor,23233,-104.28511810302734,56.33475875854492,-127.78392791748047,129.5139617919922,-5.665457248687744,25.21913719177246,0.3736497125615177,0.43015884231297946,32.40627074810338,94.72671421523889,3690,3690,4161,5186,6285,12730,3935,3572,3334,2744,1176,140,0,0,0,20,64,449,696,1246,2507,3350
1788002722.995,input,wamv/wamv/base_link/lidar_wamv_sensor,23234,-104.27265167236328,56.33267593383789,-127.79652404785156,129.51600646972656,-5.665950775146484,25.213699340820312,0.37293154508242876,0.4304879496003068,32.384529046023,94.64835577295837,3690,3690,4160,5195,6281,12748,3940,3568,3326,2745,1175,140,0,0,0,20,64,451,697,1246,2508,3354
1788002723.007,raw,wamv/wamv/base_link,3099,-34.894775390625,26.676870346069336,-34.108394622802734,24.702146530151367,0.5000693798065186,3.965838670730591,8.429025806790936,9.176324381708028,15.912148145438543,31.92331348023415,0,0,250,1228,2153,3099,639,550,825,505,128,0,0,0,2,18,0,0,0,20,249,163
1788002723.019,safety,wamv/wamv/base_link,3099,-34.894775390625,26.676870346069336,-34.108394622802734,24.702146530151367,0.5000693798065186,3.965838670730591,8.429025806790936,9.176324381708028,15.912148145438543,31.92331348023415,0,0,250,1228,2153,3099,639,550,825,505,128,0,0,0,2,18,0,0,0,20,249,163
1788002723.239,input,wamv/wamv/base_link/lidar_wamv_sensor,23255,-104.28437042236328,56.328941345214844,-127.78831481933594,129.5240478515625,-5.665815830230713,25.21151351928711,0.3720375790698222,0.4304170059751605,32.38221208509372,94.62797257967796,3690,3690,4161,5205,6277,12750,3940,3576,3328,2748,1178,140,0,0,0,18,64,451,697,1246,2515,3354
1788002723.250,raw,wamv/wamv/base_link,3098,-34.796749114990234,26.687255859375,-34.0827751159668,24.708032608032227,0.5000674724578857,3.9666991233825684,8.419487335075972,9.182634555844437,15.91437547976557,31.879965516409978,0,0,250,1232,2148,3098,640,547,827,506,128,0,0,0,2,17,0,0,0,19,249,163
1788002723.261,safety,wamv/wamv/base_link,3098,-34.796749114990234,26.687255859375,-34.0827751159668,24.708032608032227,0.5000674724578857,3.9666991233825684,8.419487335075972,9.182634555844437,15.91437547976557,31.879965516409978,0,0,250,1232,2148,3098,640,547,827,506,128,0,0,0,2,17,0,0,0,19,249,163
1788002723.450,input,wamv/wamv/base_link/lidar_wamv_sensor,23259,-104.29063415527344,56.32213592529297,-127.07502746582031,129.5228729248047,-5.66507625579834,25.209871292114258,0.372500252185406,0.4301415686474233,32.35714780144828,94.55197867313322,3690,3690,4163,5219,6285,12781,3937,3568,3331,2753,1179,140,0,0,0,17,64,453,697,1248,2511,3361
1788002723.464,raw,wamv/wamv/base_link,3100,-34.63908386230469,26.698604583740234,-34.06233215332031,24.915552139282227,0.500205397605896,3.9652538299560547,8.412902404159299,9.17633197608708,15.938880074465246,31.84846278468001,0,0,251,1237,2145,3100,641,542,830,508,129,0,0,0,1,16,0,0,0,21,249,163
1788002723.478,safety,wamv/wamv/base_link,3100,-34.63908386230469,26.698604583740234,-34.06233215332031,24.915552139282227,0.500205397605896,3.9652538299560547,8.412902404159299,9.17633197608708,15.938880074465246,31.84846278468001,0,0,251,1237,2145,3100,641,542,830,508,129,0,0,0,1,16,0,0,0,21,249,163
1788002723.656,input,wamv/wamv/base_link/lidar_wamv_sensor,23286,-104.28970336914062,56.332584381103516,-126.92448425292969,129.5242156982422,-5.665813446044922,25.21149253845215,0.3734576634551425,0.4293307862388535,32.3487548126917,94.42896762355922,3690,3690,4167,5243,6291,12795,3940,3557,3327,2759,1182,140,0,0,0,15,64,453,698,1249,2517,3385
1788002723.667,raw,wamv/wamv/base_link,3103,-34.92988967895508,26.68936538696289,-34.068206787109375,24.877498626708984,0.5004485845565796,3.9655966758728027,8.401997665771756,9.173264329389454,15.938811476242812,31.81956453337175,0,0,251,1241,2146,3103,647,538,830,510,129,0,0,0,0,17,0,0,0,21,249,162
1788002723.678,safety,wamv/wamv/base_link,3103,-34.92988967895508,26.68936538696289,-34.068206787109375,24.877498626708984,0.5004485845565796,3.9655966758728027,8.401997665771756,9.173264329389454,15.938811476242812,31.81956453337175,0,0,251,1241,2146,3103,647,538,830,510,129,0,0,0,0,17,0,0,0,21,249,162
1788002723.857,input,wamv/wamv/base_link/lidar_wamv_sensor,23264,-104.28421020507812,56.32028579711914,-127.08740234375,129.50880432128906,-5.665218830108643,25.204383850097656,0.37325720199939993,0.430535219521486,32.33889792456314,94.52859332615446,3690,3690,4168,5248,6274,12784,3932,3547,3324,2761,1184,140,0,0,0,13,64,455,698,1248,2514,3384
1788002723.867,raw,wamv/wamv/base_link,3100,-34.52832794189453,26.686725616455078,-34.07830810546875,24.93147850036621,0.5004589557647705,3.9643073081970215,8.393987543864764,9.17659943992132,15.918098326675763,31.767101740364428,0,0,254,1257,2145,3100,662,509,828,520,129,0,0,0,0,14,0,0,0,23,249,166
1788002723.877,safety,wamv/wamv/base_link,3100,-34.52832794189453,26.686725616455078,-34.07830810546875,24.93147850036621,0.5004589557647705,3.9643073081970215,8.393987543864764,9.17659943992132,15.918098326675763,31.767101740364428,0,0,254,1257,2145,3100,662,509,828,520,129,0,0,0,0,14,0,0,0,23,249,166
1788002724.065,input,wamv/wamv/base_link/lidar_wamv_sensor,23279,-104.28043365478516,56.32482147216797,-126.92295837402344,129.5242156982422,-5.663943767547607,25.200990676879883,0.3724057157522263,0.4306604861298199,32.36732906552057,94.53589700963664,3690,3690,4169,5256,6256,12765,3934,3546,3327,2764,1190,140,0,0,0,11,66,457,703,1242,2525,3374
1788002724.076,raw,wamv/wamv/base_link,3078,-34.755619049072266,26.698366165161133,-34.124969482421875,25.066240310668945,0.5003185272216797,3.964611291885376,8.38626472406683,9.174264349134553,15.897402535790102,31.73383281320397,0,0,254,1263,2124,3078,651,492,827,522,128,0,0,0,0,12,0,0,0,25,249,172
1788002724.087,safety,wamv/wamv/base_link,3078,-34.755619049072266,26.698366165161133,-34.124969482421875,25.066240310668945,0.5003185272216797,3.964611291885376,8.38626472406683,9.174264349134553,15.897402535790102,31.73383281320397,0,0,254,1263,2124,3078,651,492,827,522,128,0,0,0,0,12,0,0,0,25,249,172
1788002724.298,input,wamv/wamv/base_link/lidar_wamv_sensor,23356,-104.25777435302734,56.33090591430664,-124.87359619140625,129.51051330566406,-5.662477970123291,25.23045539855957,0.3735882067326635,0.4306839383675237,32.414893471244255,94.51587598374499,3690,3690,4174,5275,6176,12740,3944,3561,3333,2770,1203,140,0,0,0,14,70,456,702,1240,2538,3385
1788002724.308,raw,wamv/wamv/base_link,2995,-34.844398498535156,26.759183883666992,-34.15837097167969,25.29350471496582,0.5004687309265137,3.9637560844421387,8.340754644587372,9.140056521253845,15.803195128310776,31.824541249436503,0,0,267,1301,2037,2995,548,477,834,534,124,0,0,0,0,9,0,0,0,36,249,184
1788002724.319,safety,wamv/wamv/base_link,2995,-34.844398498535156,26.759183883666992,-34.15837097167969,25.29350471496582,0.5004687309265137,3.9637560844421387,8.340754644587372,9.140056521253845,15.803195128310776,31.824541249436503,0,0,267,1301,2037,2995,548,477,834,534,124,0,0,0,0,9,0,0,0,36,249,184
1788002724.488,input,wamv/wamv/base_link/lidar_wamv_sensor,23410,-104.25990295410156,56.33220291137695,-127.75316619873047,129.4862823486328,-5.661181926727295,25.231176376342773,0.3725851214472496,0.4299684905364427,32.42814893028529,94.5344522687613,3690,3690,4178,5294,6198,12753,3946,3596,3325,2776,1208,140,0,0,0,13,78,455,698,1233,2544,3398
1788002724.499,raw,wamv/wamv/base_link,2992,-34.81166458129883,26.774511337280273,-34.22356414794922,25.365970611572266,0.5001219511032104,3.964512586593628,8.328442958418288,9.128546718697512,15.75947758066304,31.819862885504843,0,0,270,1308,2008,2992,539,474,834,535,123,0,0,0,0,9,0,0,0,38,249,191
1788002724.509,safety,wamv/wamv/base_link,2992,-34.81166458129883,26.774511337280273,-34.22356414794922,25.365970611572266,0.5001219511032104,3.964512586593628,8.328442958418288,9.128546718697512,15.75947758066304,31.819862885504843,0,0,270,1308,2008,2992,539,474,834,535,123,0,0,0,0,9,0,0,0,38,249,191
1788002724.519,raw,wamv/wamv/base_link,2998,-34.65409851074219,26.7690372467041,-34.241085052490234,25.502248764038086,0.5002535581588745,3.963503122329712,8.324956325663228,9.126616136391831,15.720290594637241,31.82270230572155,0,0,273,1321,2020,2998,531,475,833,537,121,0,0,0,0,9,0,0,0,43,248,201
1788002724.529,safety,wamv/wamv/base_link,2998,-34.65409851074219,26.7690372467041,-34.241085052490234,25.502248764038086,0.5002535581588745,3.963503122329712,8.324956325663228,9.126616136391831,15.720290594637241,31.82270230572155,0,0,273,1321,2020,2998,531,475,833,537,121,0,0,0,0,9,0,0,0,43,248,201
1788002724.540,raw,wamv/wamv/base_link,2990,-34.54899978637695,26.71375274658203,-34.18511962890625,25.65072250366211,0.500320315361023,3.963945150375366,8.312107067591526,9.11450488294739,15.647507181756751,31.822949419360285,0,0,280,1329,2021,2990,515,478,836,535,120,0,0,0,0,10,0,0,0,45,248,203
1788002724.550,safety,wamv/wamv/base_link,2990,-34.54899978637695,26.71375274658203,-34.18511962890625,25.65072250366211,0.500320315361023,3.963945150375366,8.312107067591526,9.11450488294739,15.647507181756751,31.822949419360285,0,0,280,1329,2021,2990,515,478,836,535,120,0,0,0,0,10,0,0,0,45,248,203
1788002724.960,input,wamv/wamv/base_link/lidar_wamv_sensor,23424,-104.25740814208984,56.331138610839844,-127.76184844970703,129.48361206054688,-5.6424641609191895,25.23114585876465,0.3720322772387115,0.43039955797033813,32.43889928591737,94.30338348166897,3690,3690,4188,5308,6205,12739,3950,3617,3319,2780,1203,140,0,0,0,13,78,454,689,1230,2550,3401
1788002724.970,raw,wamv/wamv/base_link,2979,-34.39524459838867,26.702770233154297,-34.11928939819336,25.852794647216797,0.5006303787231445,3.966568946838379,8.320840919689983,9.111231171757344,15.624602850140873,31.812009790917376,0,0,284,1335,2010,2979,501,478,836,531,117,0,0,0,0,12,0,0,0,47,248,209
1788002724.980,safety,wamv/wamv/base_link,2979,-34.39524459838867,26.702770233154297,-34.11928939819336,25.852794647216797,0.5006303787231445,3.966568946838379,8.320840919689983,9.111231171757344,15.624602850140873,31.812009790917376,0,0,284,1335,2010,2979,501,478,836,531,117,0,0,0,0,12,0,0,0,47,248,209
1788002725.237,raw,wamv/wamv/base_link,2986,-34.52993392944336,26.706663131713867,-34.16111373901367,25.892736434936523,0.5000642538070679,3.9732472896575928,8.317533389027966,9.111369702806021,15.659201466033528,31.85384570290767,0,0,279,1324,2021,2986,517,477,834,523,117,0,0,0,2,17,0,0,0,47,248,204
1788002725.247,safety,wamv/wamv/base_link,2986,-34.52993392944336,26.706663131713867,-34.16111373901367,25.892736434936523,0.5000642538070679,3.9732472896575928,8.317533389027966,9.111369702806021,15.659201466033528,31.85384570290767,0,0,279,1324,2021,2986,517,477,834,523,117,0,0,0,2,17,0,0,0,47,248,204
1788002725.497,input,wamv/wamv/base_link/lidar_wamv_sensor,23359,-104.24563598632812,56.32151794433594,-127.7761001586914,129.47598266601562,-5.6028971672058105,25.21033477783203,0.37231486417125,0.4307185538519377,32.38540320911643,94.19184345335674,3690,3690,4181,5293,6223,12756,3946,3578,3322,2777,1203,140,0,0,0,20,66,451,688,1230,2546,3392
1788002725.697,input,wamv/wamv/base_link/lidar_wamv_sensor,23355,-104.25007629394531,56.32600402832031,-127.7445068359375,129.47653198242188,-5.604443550109863,25.208515167236328,0.3725394339268571,0.4305015533028032,32.38958653682218,94.21150404299642,3690,3690,4176,5285,6201,12760,3948,3567,3324,2772,1202,140,0,0,0,21,66,451,688,1229,2548,3399
1788002725.707,raw,wamv/wamv/base_link,2994,-34.596221923828125,26.69913101196289,-34.141441345214844,25.732402801513672,0.5000183582305908,3.9716145992279053,8.323492260248429,9.119959167923435,15.69676950991099,31.880582276118176,0,0,277,1317,2028,2994,531,476,833,520,117,0,0,0,2,18,0,0,0,46,248,203
1788002725.718,safety,wamv/wamv/base_link,2994,-34.596221923828125,26.69913101196289,-34.141441345214844,25.732402801513672,0.5000183582305908,3.9716145992279053,8.323492260248429,9.119959167923435,15.69676950991099,31.880582276118176,0,0,277,1317,2028,2994,531,476,833,520,117,0,0,0,2,18,0,0,0,46,248,203
1788002725.728,raw,wamv/wamv/base_link,2992,-34.64844512939453,26.704153060913086,-34.144283294677734,25.805116653442383,0.5000145435333252,3.970571994781494,8.333541281457938,9.125897506875697,15.713916817510341,31.904070716457095,0,0,272,1308,2010,2992,531,476,833,519,117,0,0,0,3,17,0,0,0,46,248,202
1788002725.741,safety,wamv/wamv/base_link,2992,-34.64844512939453,26.704153060913086,-34.144283294677734,25.805116653442383,0.5000145435333252,3.970571994781494,8.333541281457938,9.125897506875697,15.713916817510341,31.904070716457095,0,0,272,1308,2010,2992,531,476,833,519,117,0,0,0,3,17,0,0,0,46,248,202
1788002725.752,raw,wamv/wamv/base_link,2983,-34.796287536621094,26.68994140625,-34.270957946777344,25.63307762145996,0.5012964010238647,3.9691293239593506,8.345828463723176,9.145268012329202,15.799771240478067,31.87089725232746,0,0,255,1282,2006,2983,539,476,830,513,118,0,0,0,3,18,0,0,0,44,248,194
1788002725.762,safety,wamv/wamv/base_link,2983,-34.796287536621094,26.68994140625,-34.270957946777344,25.63307762145996,0.5012964010238647,3.9691293239593506,8.345828463723176,9.145268012329202,15.799771240478067,31.87089725232746,0,0,255,1282,2006,2983,539,476,830,513,118,0,0,0,3,18,0,0,0,44,248,194
1788002726.175,input,wamv/wamv/base_link/lidar_wamv_sensor,23296,-104.25929260253906,56.33208465576172,-127.74948120117188,129.4726104736328,-5.605644702911377,25.21377944946289,0.3728341379561097,0.43083454058457804,32.36747049672022,94.4191435458171,3690,3690,4156,5249,6253,12772,3939,3552,3324,2768,1200,140,0,0,0,24,64,449,690,1238,2533,3375
1788002726.397,input,wamv/wamv/base_link/lidar_wamv_sensor,23284,-104.26304626464844,56.323814392089844,-127.76750946044922,129.48170471191406,-5.643365859985352,25.216459274291992,0.37170779567590584,0.4304326978505047,32.35137243530497,94.4167525839615,3690,3690,4158,5241,6262,12779,3937,3548,3321,2769,1202,140,0,0,0,25,64,449,693,1242,2524,3370
1788002726.408,raw,wamv/wamv/base_link,3040,-34.73594284057617,26.684213638305664,-34.202545166015625,25.38165855407715,0.5000922679901123,3.9640090465545654,8.390736979453596,9.16827376653235,15.908883631709836,31.818258285442155,0,0,248,1256,2085,3040,622,477,830,504,118,0,0,0,3,21,0,0,0,38,249,178
1788002726.419,safety,wamv/wamv/base_link,3040,-34.73594284057617,26.684213638305664,-34.202545166015625,25.38165855407715,0.5000922679901123,3.9640090465545654,8.390736979453596,9.16827376653235,15.908883631709836,31.818258285442155,0,0,248,1256,2085,3040,622,477,830,504,118,0,0,0,3,21,0,0,0,38,249,178
1788002726.657,input,wamv/wamv/base_link/lidar_wamv_sensor,23280,-104.26022338867188,56.32904052734375,-127.77355194091797,129.5242156982422,-5.64570951461792,25.21561622619629,0.3730522165116531,0.4305219313782218,32.33255409516176,94.51813550860503,3690,3690,4156,5229,6288,12798,3940,3544,3314,2770,1202,140,0,0,0,25,64,448,693,1241,2524,3375
1788002726.669,raw,wamv/wamv/base_link,3047,-34.88600540161133,26.669334411621094,-34.18562698364258,25.31749725341797,0.5002841949462891,3.965644598007202,8.418309074936282,9.18228609770251,15.917953934960854,31.853117405857667,0,0,243,1243,2086,3047,636,484,826,497,118,0,0,0,3,21,0,0,0,36,249,177
1788002726.681,safety,wamv/wamv/base_link,3047,-34.88600540161133,26.669334411621094,-34.18562698364258,25.31749725341797,0.5002841949462891,3.965644598007202,8.418309074936282,9.18228609770251,15.917953934960854,31.853117405857667,0,0,243,1243,2086,3047,636,484,826,497,118,0,0,0,3,21,0,0,0,36,249,177
1788002726.857,input,wamv/wamv/base_link/lidar_wamv_sensor,23309,-104.27418518066406,56.331050872802734,-127.7751693725586,129.4898681640625,-5.64448881149292,25.216880798339844,0.37234210971834275,0.4298058671424838,32.33205744076733,94.49515654206982,3690,3690,4155,5212,6313,12822,3944,3559,3327,2769,1199,140,0,0,0,25,64,449,692,1241,2519,3381
1788002726.867,raw,wamv/wamv/base_link,3065,-34.88307571411133,26.682003021240234,-34.160430908203125,25.24546241760254,0.5003856420516968,3.965061902999878,8.430276593663855,9.186763323133034,15.90592489310028,31.808598817964832,0,0,241,1236,2111,3065,651,496,824,494,119,0,0,0,3,21,0,0,0,34,249,174
1788002726.878,safety,wamv/wamv/base_link,3065,-34.88307571411133,26.682003021240234,-34.160430908203125,25.24546241760254,0.5003856420516968,3.965061902999878,8.430276593663855,9.186763323133034,15.90592489310028,31.808598817964832,0,0,241,1236,2111,3065,651,496,824,494,119,0,0,0,3,21,0,0,0,34,249,174
1788002727.051,input,wamv/wamv/base_link/lidar_wamv_sensor,23305,-104.27547454833984,56.33059310913086,-127.81719207763672,129.5242156982422,-5.665966033935547,25.223167419433594,0.37379718615729374,0.43057188433857246,32.36550158169644,94.6245415961217,3690,3690,4153,5185,6310,12794,3944,3565,3335,2769,1200,140,0,0,0,25,64,447,694,1241,2517,3364
1788002727.061,raw,wamv/wamv/base_link,3084,-34.666133880615234,26.694570541381836,-34.13829040527344,25.202356338500977,0.5006297826766968,3.964811325073242,8.43520115405938,9.206498017401298,15.930341898513138,31.794236215592772,0,0,239,1227,2135,3084,663,512,820,492,119,0,0,0,3,21,0,0,0,32,249,173
1788002727.072,safety,wamv/wamv/base_link,3084,-34.666133880615234,26.694570541381836,-34.13829040527344,25.202356338500977,0.5006297826766968,3.964811325073242,8.43520115405938,9.206498017401298,15.930341898513138,31.794236215592772,0,0,239,1227,2135,3084,663,512,820,492,119,0,0,0,3,21,0,0,0,32,249,173
1788002727.083,raw,wamv/wamv/base_link,3099,-34.880523681640625,26.71556854248047,-34.11616134643555,25.142194747924805,0.5002833604812622,3.9662022590637207,8.457640005928493,9.210332790175359,15.98372349767602,31.80544393024751,0,0,239,1220,2150,3099,667,536,817,489,119,0,0,0,3,21,0,0,0,30,249,168
1788002727.094,safety,wamv/wamv/base_link,3099,-34.880523681640625,26.71556854248047,-34.11616134643555,25.142194747924805,0.5002833604812622,3.9662022590637207,8.457640005928493,9.210332790175359,15.98372349767602,31.80544393024751,0,0,239,1220,2150,3099,667,536,817,489,119,0,0,0,3,21,0,0,0,30,249,168
1788002727.105,raw,wamv/wamv/base_link,3069,-34.93513107299805,26.682268142700195,-34.113243103027344,25.133119583129883,0.5012080669403076,3.9664595127105713,8.487666031984823,9.238981306356816,15.954836885092227,31.892540990319386,0,0,232,1190,2129,3069,650,546,806,486,118,0,0,0,3,21,0,0,0,27,249,163
1788002727.116,safety,wamv/wamv/base_link,3069,-34.93513107299805,26.682268142700195,-34.113243103027344,25.133119583129883,0.5012080669403076,3.9664595127105713,8.487666031984823,9.238981306356816,15.954836885092227,31.892540990319386,0,0,232,1190,2129,3069,650,546,806,486,118,0,0,0,3,21,0,0,0,27,249,163
1788002727.126,raw,wamv/wamv/base_link,3066,-34.92417907714844,26.69596290588379,-34.156089782714844,25.017555236816406,0.50026535987854,3.965743064880371,8.492953040512196,9.23483217962723,15.950749911742863,31.921084092183392,0,0,232,1176,2129,3066,645,550,804,485,118,0,0,0,3,21,0,0,0,26,249,165
1788002727.137,safety,wamv/wamv/base_link,3066,-34.92417907714844,26.69596290588379,-34.156089782714844,25.017555236816406,0.50026535987854,3.965743064880371,8.492953040512196,9.23483217962723,15.950749911742863,31.921084092183392,0,0,232,1176,2129,3066,645,550,804,485,118,0,0,0,3,21,0,0,0,26,249,165
1788002727.148,raw,wamv/wamv/base_link,3047,-34.72853088378906,26.690526962280273,-34.151588439941406,24.870960235595703,0.5001912117004395,3.9656546115875244,8.509806486266395,9.251715549883263,15.956259048859977,32.05118896014948,0,0,230,1150,2109,3047,635,553,797,482,118,0,0,0,3,21,0,0,0,24,249,165
1788002727.157,safety,wamv/wamv/base_link,3047,-34.72853088378906,26.690526962280273,-34.151588439941406,24.870960235595703,0.5001912117004395,3.9656546115875244,8.509806486266395,9.251715549883263,15.956259048859977,32.05118896014948,0,0,230,1150,2109,3047,635,553,797,482,118,0,0,0,3,21,0,0,0,24,249,165
1788002727.328,raw,wamv/wamv/base_link,3031,-34.84308624267578,26.683513641357422,-34.21524429321289,24.87433624267578,0.5003175735473633,3.9661834239959717,8.536914767663074,9.257890095143647,15.98060969246491,32.13030274975622,0,0,226,1131,2090,3031,631,553,790,480,117,0,0,0,3,20,0,0,0,24,249,164
1788002727.338,safety,wamv/wamv/base_link,3031,-34.84308624267578,26.683513641357422,-34.21524429321289,24.87433624267578,0.5003175735473633,3.9661834239959717,8.536914767663074,9.257890095143647,15.98060969246491,32.13030274975622,0,0,226,1131,2090,3031,631,553,790,480,117,0,0,0,3,20,0,0,0,24,249,164
1788002727.441,raw,wamv/wamv/base_link,3030,-34.836090087890625,26.695911407470703,-34.25532913208008,24.857030868530273,0.5001958608627319,3.965567111968994,8.54381079664411,9.263395080168156,15.988241226009622,32.14408878519299,0,0,227,1132,2091,3030,633,553,790,479,116,0,0,0,3,19,0,0,0,24,249,164
1788002727.454,safety,wamv/wamv/base_link,3030,-34.836090087890625,26.695911407470703,-34.25532913208008,24.857030868530273,0.5001958608627319,3.965567111968994,8.54381079664411,9.263395080168156,15.988241226009622,32.14408878519299,0,0,227,1132,2091,3030,633,553,790,479,116,0,0,0,3,19,0,0,0,24,249,164
1788002727.707,input,wamv/wamv/base_link/lidar_wamv_sensor,23292,-104.26667022705078,56.32925796508789,-127.82391357421875,129.50787353515625,-5.606353759765625,23.949338912963867,0.3717910053386209,0.42982429699995334,32.42439492976954,94.54692141820729,3690,3690,4147,5154,6280,12743,3941,3572,3333,2775,1193,140,0,0,0,22,64,447,691,1241,2513,3360
1788002727.914,input,wamv/wamv/base_link/lidar_wamv_sensor,23295,-104.28168487548828,56.32969284057617,-127.81220245361328,129.50587463378906,-5.606942176818848,23.942489624023438,0.37299659856201267,0.430663758546961,32.41441668422691,94.57734574747253,3690,3690,4145,5156,6283,12751,3942,3571,3334,2774,1198,140,0,0,0,21,64,445,690,1240,2515,3361
1788002727.929,raw,wamv/wamv/base_link,3024,-34.75645446777344,26.698928833007812,-34.19926834106445,24.96653938293457,0.5003349781036377,3.966238498687744,8.54426853306439,9.277944992876694,15.988838814913162,32.10676803760638,0,0,222,1132,2091,3024,633,553,786,477,115,0,0,0,3,18,0,0,0,26,249,164
1788002727.941,safety,wamv/wamv/base_link,3024,-34.75645446777344,26.698928833007812,-34.19926834106445,24.96653938293457,0.5003349781036377,3.966238498687744,8.54426853306439,9.277944992876694,15.988838814913162,32.10676803760638,0,0,222,1132,2091,3024,633,553,786,477,115,0,0,0,3,18,0,0,0,26,249,164
1788002728.172,input,wamv/wamv/base_link/lidar_wamv_sensor,23294,-104.28299713134766,56.33034133911133,-127.81388092041016,129.49755859375,-5.586445331573486,23.94991111755371,0.3731970952572539,0.4300603860647446,32.40162460863664,94.60063943004894,3690,3690,4144,5157,6298,12765,3940,3573,3333,2775,1195,140,0,0,0,20,64,445,689,1240,2516,3364
1788002728.185,raw,wamv/wamv/base_link,3028,-34.63669967651367,26.70425796508789,-34.25075149536133,25.080591201782227,0.5002576112747192,3.966094493865967,8.535003838626778,9.270911666054412,15.97324733470786,32.04457621670697,0,0,222,1135,2101,3028,636,554,786,476,114,0,0,0,2,18,0,0,0,28,249,165
1788002728.198,safety,wamv/wamv/base_link,3028,-34.63669967651367,26.70425796508789,-34.25075149536133,25.080591201782227,0.5002576112747192,3.966094493865967,8.535003838626778,9.270911666054412,15.97324733470786,32.04457621670697,0,0,222,1135,2101,3028,636,554,786,476,114,0,0,0,2,18,0,0,0,28,249,165
1788002728.411,input,wamv/wamv/base_link/lidar_wamv_sensor,23294,-104.26907348632812,56.3307991027832,-127.80963134765625,129.5108642578125,-5.54801082611084,23.948261260986328,0.37232551056388447,0.43044458728534624,32.36925204568516,94.53535709976565,3690,3690,4147,5158,6311,12790,3942,3574,3329,2778,1192,140,0,0,0,20,64,445,686,1242,2510,3372
1788002728.421,raw,wamv/wamv/base_link,3039,-34.92768096923828,26.685087203979492,-34.29629135131836,25.240684509277344,0.5003032684326172,3.9655473232269287,8.529693004634419,9.274020740616386,15.957432234581706,32.02503341585904,0,0,223,1145,2116,3039,649,552,786,476,112,0,0,0,1,18,0,0,0,32,249,164
1788002728.432,safety,wamv/wamv/base_link,3039,-34.92768096923828,26.685087203979492,-34.29629135131836,25.240684509277344,0.5003032684326172,3.9655473232269287,8.529693004634419,9.274020740616386,15.957432234581706,32.02503341585904,0,0,223,1145,2116,3039,649,552,786,476,112,0,0,0,1,18,0,0,0,32,249,164
1788002728.609,input,wamv/wamv/base_link/lidar_wamv_sensor,23302,-104.24652099609375,56.33245849609375,-127.8056411743164,129.4938201904297,-5.52902364730835,23.68781852722168,0.37387821802952553,0.4298238728180345,32.37944049089388,94.49452470431866,3690,3690,4149,5160,6319,12797,3945,3570,3329,2780,1189,140,0,0,0,19,64,444,683,1243,2519,3377
1788002728.782,input,wamv/wamv/base_link/lidar_wamv_sensor,23285,-104.26126861572266,56.326927185058594,-127.78154754638672,129.48150634765625,-5.433283805847168,23.664121627807617,0.3739850363635858,0.43048677496926574,32.34195142179263,94.55585027229505,3690,3690,4149,5220,6330,12816,3944,3566,3321,2775,1205,140,0,0,0,11,64,442,677,1231,2534,3375
1788002728.794,raw,wamv/wamv/base_link,3042,-34.923866271972656,26.71429443359375,-34.32232666015625,25.653688430786133,0.5009065866470337,3.986394166946411,8.492468047412459,9.234590197638992,15.940627453679554,31.92939827485873,0,0,230,1195,2118,3042,663,519,799,476,107,0,0,0,0,10,0,0,0,44,248,176
1788002728.805,safety,wamv/wamv/base_link,3042,-34.923866271972656,26.71429443359375,-34.32232666015625,25.653688430786133,0.5009065866470337,3.986394166946411,8.492468047412459,9.234590197638992,15.940627453679554,31.92939827485873,0,0,230,1195,2118,3042,663,519,799,476,107,0,0,0,0,10,0,0,0,44,248,176
1788002728.975,input,wamv/wamv/base_link/lidar_wamv_sensor,23283,-104.24093627929688,56.33130645751953,-127.76091003417969,129.46685791015625,-5.385568618774414,23.65531349182129,0.3730323524959529,0.4307435951919637,32.352764628547,94.63824346089552,3690,3690,4155,5227,6279,12777,3937,3553,3325,2775,1209,140,0,0,0,13,64,442,672,1226,2543,3384
1788002729.159,input,wamv/wamv/base_link/lidar_wamv_sensor,23297,-104.24514770507812,56.330535888671875,-127.77423095703125,129.46044921875,-5.428943157196045,23.6435604095459,0.37271718101955076,0.430159418224953,32.40950673140667,94.6573438522136,3690,3690,4163,5248,6238,12722,3945,3550,3322,2777,1215,140,0,0,0,14,64,442,669,1229,2540,3390
1788002729.389,input,wamv/wamv/base_link/lidar_wamv_sensor,23296,-104.2254867553711,56.33137893676758,-127.76884460449219,129.4698028564453,-5.441872596740723,23.642820358276367,0.37325936320200837,0.43077878150119586,32.40617076070136,94.49813816937946,3690,3690,4161,5256,6229,12723,3946,3546,3320,2778,1215,140,0,0,0,14,64,442,673,1224,2547,3387
1788002729.402,raw,wamv/wamv/base_link,2940,-34.68543243408203,26.767135620117188,-34.21000671386719,25.916128158569336,0.5001527070999146,3.964815616607666,8.363855535697947,9.164354309481572,15.767344899405655,32.111607899668776,0,0,243,1243,2003,2940,537,482,818,485,106,0,0,0,0,9,0,0,0,52,248,203
1788002729.415,safety,wamv/wamv/base_link,2940,-34.68543243408203,26.767135620117188,-34.21000671386719,25.916128158569336,0.5001527070999146,3.964815616607666,8.363855535697947,9.164354309481572,15.767344899405655,32.111607899668776,0,0,243,1243,2003,2940,537,482,818,485,106,0,0,0,0,9,0,0,0,52,248,203
1788002729.427,raw,wamv/wamv/base_link,2945,-34.6194953918457,26.77723503112793,-34.20087814331055,26.039783477783203,0.5005002021789551,3.9658546447753906,8.35376231915861,9.139264878165166,15.710838450774148,32.10435091893052,0,0,252,1260,1987,2945,532,480,825,487,106,0,0,0,0,9,0,0,0,54,248,204
1788002729.437,safety,wamv/wamv/base_link,2945,-34.6194953918457,26.77723503112793,-34.20087814331055,26.039783477783203,0.5005002021789551,3.9658546447753906,8.35376231915861,9.139264878165166,15.710838450774148,32.10435091893052,0,0,252,1260,1987,2945,532,480,825,487,106,0,0,0,0,9,0,0,0,54,248,204
1788002729.448,raw,wamv/wamv/base_link,2954,-34.53682327270508,26.76563835144043,-34.1615104675293,25.961225509643555,0.5000983476638794,3.9664766788482666,8.332979054993524,9.124818971016508,15.663340543160317,32.02777324081279,0,0,261,1278,1992,2954,531,480,829,491,107,0,0,0,0,9,0,0,0,55,248,204
1788002729.460,safety,wamv/wamv/base_link,2954,-34.53682327270508,26.76563835144043,-34.1615104675293,25.961225509643555,0.5000983476638794,3.9664766788482666,8.332979054993524,9.124818971016508,15.663340543160317,32.02777324081279,0,0,261,1278,1992,2954,531,480,829,491,107,0,0,0,0,9,0,0,0,55,248,204
1788002729.668,input,wamv/wamv/base_link/lidar_wamv_sensor,23322,-104.24542236328125,56.334842681884766,-127.76596069335938,129.47210693359375,-5.441927909851074,23.630598068237305,0.372523815265177,0.4310016347023122,32.40822344613867,94.51759986199733,3690,3690,4177,5293,6219,12724,3946,3559,3324,2784,1216,140,0,0,0,12,64,443,675,1221,2544,3394
1788002729.682,raw,wamv/wamv/base_link,2950,-34.46537780761719,26.7445125579834,-34.2900276184082,26.139219284057617,0.5005271434783936,3.9652888774871826,8.311684748642309,9.117600029539338,15.627259706021718,32.03145983739575,0,0,270,1296,2005,2950,516,480,832,493,108,0,0,0,0,9,0,0,0,56,248,208
1788002729.695,safety,wamv/wamv/base_link,2950,-34.46537780761719,26.7445125579834,-34.2900276184082,26.139219284057617,0.5005271434783936,3.9652888774871826,8.311684748642309,9.117600029539338,15.627259706021718,32.03145983739575,0,0,270,1296,2005,2950,516,480,832,493,108,0,0,0,0,9,0,0,0,56,248,208
1788002729.916,input,wamv/wamv/base_link/lidar_wamv_sensor,23308,-104.2276611328125,56.32789993286133,-127.76514434814453,129.47377014160156,-5.428938865661621,23.70868492126465,0.37256306905650377,0.43072098410245346,32.40137987146484,94.52639985057526,3690,3690,4183,5296,6221,12718,3943,3556,3321,2778,1217,140,0,0,0,11,64,443,673,1221,2545,3396
1788002729.927,raw,wamv/wamv/base_link,2955,-34.44573211669922,26.710691452026367,-34.32203674316406,26.101139068603516,0.5001046657562256,3.9646637439727783,8.300207001588625,9.109499881261938,15.613635621607164,32.00865614453579,0,0,278,1308,2011,2955,510,479,834,498,110,0,0,0,0,10,0,0,0,56,248,210
1788002729.940,safety,wamv/wamv/base_link,2955,-34.44573211669922,26.710691452026367,-34.32203674316406,26.101139068603516,0.5001046657562256,3.9646637439727783,8.300207001588625,9.109499881261938,15.613635621607164,32.00865614453579,0,0,278,1308,2011,2955,510,479,834,498,110,0,0,0,0,10,0,0,0,56,248,210
1788002730.154,input,wamv/wamv/base_link/lidar_wamv_sensor,23308,-104.22986602783203,56.327701568603516,-127.77327728271484,129.4678497314453,-5.414155960083008,23.702953338623047,0.373267728855041,0.4304468424074112,32.39337546564793,94.47620915789568,3690,3690,4187,5301,6220,12728,3943,3554,3327,2773,1219,140,0,0,0,11,64,443,669,1221,2546,3398
1788002730.167,raw,wamv/wamv/base_link,2964,-34.32960891723633,26.71462059020996,-34.260929107666016,26.10076141357422,0.5000721216201782,3.9989171028137207,8.280122830620787,9.104048203981314,15.593631476118453,31.99671951458946,0,0,287,1326,2017,2964,509,478,837,504,111,0,0,0,0,10,0,0,0,56,248,211
1788002730.180,safety,wamv/wamv/base_link,2964,-34.32960891723633,26.71462059020996,-34.260929107666016,26.10076141357422,0.5000721216201782,3.9989171028137207,8.280122830620787,9.104048203981314,15.593631476118453,31.99671951458946,0,0,287,1326,2017,2964,509,478,837,504,111,0,0,0,0,10,0,0,0,56,248,211
1788002730.390,input,wamv/wamv/base_link/lidar_wamv_sensor,23307,-104.22467803955078,56.3326530456543,-127.76316833496094,129.47828674316406,-5.431900978088379,23.702213287353516,0.3719206628937355,0.429840693436048,32.384216514856746,94.4871789121082,3690,3690,4192,5307,6225,12726,3945,3561,3321,2771,1218,140,0,0,0,13,64,444,668,1221,2545,3396
1788002730.403,raw,wamv/wamv/base_link,2972,-34.376220703125,26.704727172851562,-34.170692443847656,26.130891799926758,0.5002340078353882,3.99832820892334,8.266248959555837,9.10215167900392,15.582553419886358,31.965032126865967,0,0,291,1336,2025,2972,505,480,835,512,112,0,0,0,0,12,0,0,0,56,248,212
1788002730.416,safety,wamv/wamv/base_link,2972,-34.376220703125,26.704727172851562,-34.170692443847656,26.130891799926758,0.5002340078353882,3.99832820892334,8.266248959555837,9.10215167900392,15.582553419886358,31.965032126865967,0,0,291,1336,2025,2972,505,480,835,512,112,0,0,0,0,12,0,0,0,56,248,212
1788002730.619,input,wamv/wamv/base_link/lidar_wamv_sensor,23314,-104.2488021850586,56.334449768066406,-127.78251647949219,129.4779052734375,-5.469234943389893,23.697465896606445,0.37231474929683395,0.4307117880491813,32.40295836732815,94.37892344647112,3690,3690,4196,5314,6221,12720,3944,3571,3310,2771,1206,140,0,0,0,17,64,445,675,1225,2545,3401
1788002730.631,raw,wamv/wamv/base_link,2982,-34.43515396118164,26.704219818115234,-34.2782096862793,26.045345306396484,0.500873327255249,3.988786458969116,8.252402677879955,9.101065601175641,15.57806233895918,31.930472289577114,0,0,299,1351,2032,2982,501,481,836,521,115,0,0,0,0,15,0,0,0,54,248,211
1788002730.643,safety,wamv/wamv/base_link,2982,-34.43515396118164,26.704219818115234,-34.2782096862793,26.045345306396484,0.500873327255249,3.988786458969116,8.252402677879955,9.101065601175641,15.57806233895918,31.930472289577114,0,0,299,1351,2032,2982,501,481,836,521,115,0,0,0,0,15,0,0,0,54,248,211
1788002730.878,input,wamv/wamv/base_link/lidar_wamv_sensor,23315,-104.24983215332031,56.32875061035156,-127.7707748413086,129.47677612304688,-5.6036763191223145,25.20945167541504,0.37371255314044144,0.43118700118277714,32.405639096977104,94.33775038686818,3690,3690,4191,5312,6214,12718,3946,3568,3313,2763,1199,140,0,0,0,20,64,448,687,1229,2547,3391
