t,pose_x,pose_y,pose_yaw,goal_x,goal_y,goal_active,goal_status,plan_id,plan_nearest_error_m,raw_obstacle_points,dynamic_obstacle_points,dynamic_tracks,dynamic_predicted_points,dynamic_max_speed_mps,safety_stop,cmd_vx,cmd_wz,left_thrust_n,right_thrust_n
1.201,-0.1349,0.1769,-0.00065,,,0,IDLE code=0,0,,3038,0,0,0,0.000,0,,,,
1.400,-0.1290,0.1637,-0.00006,,,0,IDLE code=0,0,,3038,0,0,0,0.000,0,,,,
1.601,-0.1290,0.1637,-0.00006,,,0,IDLE code=0,0,,3038,0,0,0,0.000,0,,,,
1.801,-0.1346,0.1627,-0.00021,,,0,IDLE code=0,0,,3038,0,0,0,0.000,0,,,,
2.000,-0.1324,0.1622,0.00016,,,0,IDLE code=0,0,,3038,0,0,0,0.000,0,,,,
2.200,-0.1324,0.1622,0.00016,,,0,IDLE code=0,0,,3064,0,0,0,0.000,0,,,,
2.401,-0.1324,0.1622,0.00016,,,0,IDLE code=0,0,,3064,0,0,0,0.000,0,,,,
2.601,-0.1324,0.1622,0.00016,,,0,IDLE code=0,0,,3064,0,0,0,0.000,0,,,,
2.801,-0.1324,0.1622,0.00016,,,0,IDLE code=0,0,,3064,0,0,0,0.000,0,,,,
3.000,-0.1551,0.1638,0.00019,,,0,IDLE code=0; status_seq=1,0,,3064,0,0,0,0.000,0,,,,
3.201,-0.1594,0.1626,0.00021,,,0,IDLE code=0; status_seq=1,0,,3064,0,0,0,0.000,0,,,,
3.401,-0.1644,0.1635,-0.00118,,,0,IDLE code=0; status_seq=1,0,,2951,0,0,0,0.000,0,,,,
3.601,-0.1677,0.1651,0.00045,,,0,IDLE code=0; status_seq=1,0,,2951,0,0,0,0.000,0,,,,
3.800,-0.1677,0.1651,0.00045,,,0,IDLE code=0; status_seq=1,0,,2951,0,0,0,0.000,0,,,,
4.001,-0.1715,0.1634,-0.00242,,,0,IDLE code=0; status_seq=1,0,,2951,0,0,0,0.000,0,,,,
4.201,-0.1753,0.1652,0.00019,,,0,IDLE code=0; status_seq=1,0,,2951,0,0,0,0.000,1,,,,
4.401,-0.1788,0.1658,0.00076,,,0,IDLE code=0; status_seq=1,0,,2951,0,0,0,0.000,1,,,,
4.600,-0.1788,0.1658,0.00076,,,0,IDLE code=0; status_seq=1,0,,2951,0,0,0,0.000,1,,,,
4.801,-0.1788,0.1658,0.00076,,,0,IDLE code=0; status_seq=1,0,,2951,0,0,0,0.000,1,,,,
5.000,-0.1788,0.1658,0.00076,,,0,IDLE code=0; status_seq=1,0,,3481,0,0,0,0.000,1,,,,
5.201,-0.1795,0.1606,-0.00158,,,0,IDLE code=0; status_seq=1,0,,3481,0,0,0,0.000,1,,,,
5.401,-0.1761,0.1578,-0.00020,,,0,IDLE code=0; status_seq=1,0,,3481,0,0,0,0.000,1,,,,
5.601,-0.1756,0.1580,0.00077,,,0,IDLE code=0; status_seq=1,0,,3481,0,0,0,0.000,1,,,,
5.801,-0.1731,0.1578,0.00017,,,0,IDLE code=0; status_seq=1,0,,3481,0,0,0,0.000,1,,,,
6.001,-0.1731,0.1578,0.00017,,,0,IDLE code=0; status_seq=1,0,,3481,0,0,0,0.000,1,,,,
6.200,-0.1731,0.1578,0.00017,,,0,IDLE code=0; status_seq=1,0,,3481,0,0,0,0.000,1,,,,
6.400,-0.1731,0.1578,0.00017,,,0,IDLE code=0; status_seq=1,0,,3656,0,0,0,0.000,1,,,,
6.601,-0.1589,0.1610,-0.00058,,,0,IDLE code=0; status_seq=1,0,,3656,0,0,0,0.000,1,,,,
6.801,-0.1514,0.1536,-0.00044,,,0,IDLE code=0; status_seq=1,0,,3656,0,0,0,0.000,1,,,,
7.001,-0.1471,0.1541,-0.00056,,,0,IDLE code=0; status_seq=1,0,,3656,0,0,0,0.000,1,,,,
7.200,-0.1454,0.1528,-0.00031,,,0,IDLE code=0; status_seq=1,0,,3656,0,0,0,0.000,1,,,,
7.400,-0.1456,0.1535,-0.00002,,,0,IDLE code=0; status_seq=1,0,,3656,0,0,0,0.000,1,,,,
7.601,-0.1437,0.1539,0.00012,,,0,IDLE code=0; status_seq=1,0,,3656,0,0,0,0.000,1,,,,
7.800,-0.1432,0.1540,-0.00105,,,0,IDLE code=0; status_seq=1,0,,3527,0,0,0,0.000,1,,,,
8.001,-0.1441,0.1554,0.00002,,,0,IDLE code=0; status_seq=1,0,,3527,0,0,0,0.000,1,,,,
8.200,-0.1453,0.1567,0.00014,,,0,IDLE code=0; status_seq=1,0,,3527,0,0,0,0.000,1,,,,
8.401,-0.1449,0.1567,0.00011,,,0,IDLE code=0; status_seq=1,0,,3527,0,0,0,0.000,1,,,,
8.600,-0.1449,0.1567,0.00011,,,0,IDLE code=0; status_seq=1,0,,3527,0,0,0,0.000,1,,,,
8.800,-0.1449,0.1567,0.00011,,,0,IDLE code=0; status_seq=1,0,,3527,0,0,0,0.000,1,,,,
9.000,-0.1535,0.1566,-0.00171,,,0,IDLE code=0; status_seq=1,0,,3438,0,0,0,0.000,1,,,,
9.201,-0.1689,0.1723,-0.00003,,,0,IDLE code=0; status_seq=1,0,,3438,0,0,0,0.000,1,,,,
9.400,-0.1769,0.1759,-0.00010,,,0,IDLE code=0; status_seq=1,0,,3438,0,0,0,0.000,1,,,,
9.601,-0.1808,0.1781,0.00016,,,0,IDLE code=0; status_seq=1,0,,3438,0,0,0,0.000,1,,,,
9.801,-0.1810,0.1781,0.00025,,,0,IDLE code=0; status_seq=1,0,,3438,0,0,0,0.000,1,,,,
10.000,-0.1810,0.1781,0.00025,,,0,IDLE code=0; status_seq=1,0,,3438,0,0,0,0.000,1,,,,
10.200,-0.1810,0.1781,0.00025,,,0,IDLE code=0; status_seq=1,0,,3438,0,0,0,0.000,1,,,,
10.400,-0.1810,0.1781,0.00025,,,0,IDLE code=0; status_seq=1,0,,3438,0,0,0,0.000,1,,,,
10.601,-0.1830,0.1750,0.00018,,,0,IDLE code=0; status_seq=1,0,,3474,0,0,0,0.000,1,,,,
10.800,-0.1840,0.1758,0.00014,,,0,IDLE code=0; status_seq=1,0,,3474,0,0,0,0.000,1,,,,
11.001,-0.1856,0.1779,-0.00028,,,0,IDLE code=0; status_seq=1,0,,3474,0,0,0,0.000,1,,,,
11.200,-0.1822,0.1759,0.00038,,,0,IDLE code=0; status_seq=1,0,,3474,0,0,0,0.000,1,,,,
11.401,-0.1808,0.1748,-0.00008,,,0,IDLE code=0; status_seq=1,0,,3474,0,0,0,0.000,1,,,,
11.601,-0.1808,0.1748,-0.00008,,,0,IDLE code=0; status_seq=1,0,,3474,0,0,0,0.000,1,,,,
11.801,-0.1808,0.1748,-0.00008,,,0,IDLE code=0; status_seq=1,0,,3626,0,0,0,0.000,1,,,,
12.000,-0.1739,0.1699,-0.00027,,,0,IDLE code=0; status_seq=1,0,,3626,0,0,0,0.000,1,,,,
12.201,-0.1643,0.1630,-0.00048,,,0,IDLE code=0; status_seq=1,0,,3626,0,0,0,0.000,1,,,,
12.402,-0.1614,0.1614,0.00005,,,0,IDLE code=0; status_seq=1,0,,3626,0,0,0,0.000,1,,,,
12.600,-0.1614,0.1614,0.00005,,,0,IDLE code=0; status_seq=1,0,,3626,0,0,0,0.000,1,,,,
12.801,-0.1574,0.1559,0.00047,,,0,IDLE code=0; status_seq=1,0,,3626,0,0,0,0.000,1,,,,
13.001,-0.1550,0.1529,0.00075,,,0,IDLE code=0; status_seq=1,0,,3702,0,0,0,0.000,1,,,,
13.201,-0.1527,0.1521,-0.00049,,,0,IDLE code=0; status_seq=1,0,,3702,0,0,0,0.000,1,,,,
13.401,-0.1513,0.1494,-0.00075,,,0,IDLE code=0; status_seq=1,0,,3702,0,0,0,0.000,1,,,,
13.601,-0.1506,0.1478,0.00014,,,0,IDLE code=0; status_seq=1,0,,3702,0,0,0,0.000,1,,,,
13.800,-0.1506,0.1478,0.00014,,,0,IDLE code=0; status_seq=1,0,,3702,0,0,0,0.000,1,,,,
14.000,-0.1506,0.1478,0.00014,,,0,IDLE code=0; status_seq=1,0,,3702,0,0,0,0.000,1,,,,
14.200,-0.1506,0.1478,0.00014,,,0,IDLE code=0; status_seq=1,0,,3702,0,0,0,0.000,1,,,,
14.401,-0.1578,0.1490,-0.00112,,,0,IDLE code=0; status_seq=1,0,,3702,0,0,0,0.000,1,,,,
14.600,-0.1693,0.1563,-0.00002,,,0,IDLE code=0; status_seq=1,0,,3702,0,0,0,0.000,1,,,,
14.800,-0.1693,0.1563,-0.00002,,,0,IDLE code=0; status_seq=1,0,,3702,0,0,0,0.000,1,,,,
15.001,-0.1720,0.1561,-0.00100,,,0,IDLE code=0; status_seq=1,0,,3439,0,0,0,0.000,1,,,,
15.200,-0.1795,0.1656,-0.00008,,,0,IDLE code=0; status_seq=1,0,,3439,0,0,0,0.000,1,,,,
15.401,-0.1817,0.1651,-0.00230,,,0,IDLE code=0; status_seq=1,0,,3439,0,0,0,0.000,1,,,,
15.600,-0.1854,0.1715,-0.00009,,,0,IDLE code=0; status_seq=1,0,,3439,0,0,0,0.000,1,,,,
15.800,-0.1888,0.1752,0.00048,,,0,IDLE code=0; status_seq=1,0,,3439,0,0,0,0.000,1,,,,
16.001,-0.1900,0.1775,-0.00007,18.0000,0.0000,1,ACCEPTED code=1; Nav2 goal accepted; status_seq=3,2,0.0030,3404,0,0,0,0.000,1,,,,
16.201,-0.1899,0.1786,-0.00136,18.0000,0.0000,1,ACCEPTED code=1; Nav2 goal accepted; status_seq=3,2,0.0041,3404,0,0,0,0.000,1,0.1500,0.0075,3.754,7.954
16.401,-0.1895,0.1795,-0.00128,18.0000,0.0000,1,ACCEPTED code=1; Nav2 goal accepted; status_seq=3,2,0.0047,3404,0,0,0,0.000,1,0.3000,0.0150,15.606,28.206
16.601,-0.1893,0.1816,-0.00078,18.0000,0.0000,1,ACCEPTED code=1; Nav2 goal accepted; status_seq=3,2,0.0065,3404,0,0,0,0.000,1,0.5000,0.0250,28.296,47.196
16.801,-0.1890,0.1824,0.00003,18.0000,0.0000,1,ACCEPTED code=1; Nav2 goal accepted; status_seq=3,2,0.0074,3404,0,0,0,0.000,1,0.6000,0.0375,29.050,57.400
17.000,-0.1890,0.1824,0.00003,18.0000,0.0000,1,ACCEPTED code=1; Nav2 goal accepted; status_seq=3,2,0.0074,3404,0,0,0,0.000,1,0.6000,0.0475,24.850,62.650
17.200,-0.1890,0.1824,0.00003,18.0000,0.0000,1,ACCEPTED code=1; Nav2 goal accepted; status_seq=3,2,0.0074,3452,0,0,0,0.000,1,0.6000,0.0575,20.650,66.850
17.400,-0.1297,0.1858,0.00516,18.0000,0.0000,1,ACCEPTED code=1; Nav2 goal accepted; status_seq=3,2,0.0613,3452,0,0,0,0.000,1,0.5975,0.0675,17.500,70.000
17.600,-0.1148,0.1888,0.00628,18.0000,0.0000,1,ACCEPTED code=1; Nav2 goal accepted; status_seq=3,2,0.0746,3452,0,0,0,0.000,1,0.5968,0.0775,13.125,74.375
17.801,-0.1148,0.1888,0.00628,18.0000,0.0000,1,ACCEPTED code=1; Nav2 goal accepted; status_seq=3,2,0.0746,3452,0,0,0,0.000,1,0.5968,0.0857,13.125,74.375
18.001,-0.0168,0.1908,0.01889,18.0000,0.0000,1,ACCEPTED code=1; Nav2 goal accepted; status_seq=3,2,0.1683,3452,0,0,0,0.000,1,0.5939,0.0857,13.125,74.375
18.200,0.0091,0.1894,0.02249,18.0000,0.0000,1,ACCEPTED code=1; Nav2 goal accepted; status_seq=3,2,0.1984,3452,0,0,0,0.000,1,0.5937,0.0857,13.125,74.375
18.400,0.0091,0.1894,0.02249,18.0000,0.0000,1,ACCEPTED code=1; Nav2 goal accepted; status_seq=3,2,0.1977,3452,0,0,0,0.000,1,0.5937,0.0857,13.125,74.375
18.600,0.0091,0.1894,0.02249,18.0000,0.0000,1,ACCEPTED code=1; Nav2 goal accepted; status_seq=3,2,0.1977,3529,0,0,0,0.000,1,0.5937,0.0857,13.125,74.375
18.800,0.1631,0.1877,0.04810,18.0000,0.0000,1,ACCEPTED code=1; Nav2 goal accepted; status_seq=3,2,0.3573,3529,0,0,0,0.000,1,0.6000,0.0853,13.125,74.375
19.000,0.1917,0.1974,0.06005,18.0000,0.0000,1,ACCEPTED code=1; Nav2 goal accepted; status_seq=3,2,0.3811,3529,0,0,0,0.000,1,0.6000,0.0854,13.125,74.375
19.201,0.2165,0.1954,0.06014,18.0000,0.0000,1,ACCEPTED code=1; Nav2 goal accepted; status_seq=3,2,0.4039,3529,0,0,0,0.000,1,0.6000,0.0847,13.125,74.375
19.401,0.2825,0.2000,0.07231,18.0000,0.0000,1,ACCEPTED code=1; Nav2 goal accepted; status_seq=3,2,0.4707,3529,0,0,0,0.000,1,0.6000,0.0842,13.125,74.375
19.601,0.3311,0.2029,0.08649,18.0000,0.0000,1,ACCEPTED code=1; Nav2 goal accepted; status_seq=3,2,0.5218,3529,0,0,0,0.000,1,0.6000,0.0815,13.125,74.375
19.801,0.3474,0.2086,0.08586,18.0000,0.0000,1,ACCEPTED code=1; Nav2 goal accepted; status_seq=3,2,0.5368,3529,0,0,0,0.000,1,0.6000,0.0826,13.125,74.375
20.000,0.3474,0.2086,0.08586,18.0000,0.0000,1,ACCEPTED code=1; Nav2 goal accepted; status_seq=3,2,0.5368,3340,0,0,0,0.000,1,0.6000,0.0826,13.125,74.375
20.200,0.4930,0.2238,0.11233,18.0000,0.0000,1,ACCEPTED code=1; Nav2 goal accepted; status_seq=3,4,0.0199,3340,0,0,0,0.000,1,0.6000,0.0775,13.125,74.375
20.400,0.4930,0.2238,0.11233,18.0000,0.0000,1,ACCEPTED code=1; Nav2 goal accepted; status_seq=3,4,0.0264,3340,0,0,0,0.000,1,0.6000,0.0776,13.125,74.375
20.601,0.6026,0.2419,0.13831,18.0000,0.0000,1,ACCEPTED code=1; Nav2 goal accepted; status_seq=3,4,0.1357,3340,0,0,0,0.000,1,0.6000,0.0747,13.125,74.375
20.800,0.6448,0.2530,0.13999,18.0000,0.0000,1,ACCEPTED code=1; Nav2 goal accepted; status_seq=3,4,0.1817,3340,0,0,0,0.000,1,0.6000,0.0737,13.128,74.372
21.001,0.7292,0.2731,0.15538,18.0000,0.0000,1,ACCEPTED code=1; Nav2 goal accepted; status_seq=3,4,0.2680,3340,0,0,0,0.000,1,0.6000,0.0717,13.835,73.665
21.201,0.7901,0.2793,0.17123,18.0000,0.0000,1,ACCEPTED code=1; Nav2 goal accepted; status_seq=3,4,0.3312,3240,0,0,0,0.000,1,0.6000,0.0692,13.648,73.852
21.400,0.8184,0.2887,0.16804,18.0000,0.0000,1,ACCEPTED code=1; Nav2 goal accepted; status_seq=3,4,0.3577,3240,0,0,0,0.000,1,0.6000,0.0698,15.063,72.437
21.600,0.9094,0.3063,0.18222,18.0000,0.0000,1,ACCEPTED code=1; Nav2 goal accepted; status_seq=3,4,0.4539,3240,0,0,0,0.000,1,0.6000,0.0677,15.832,71.668
21.800,0.9094,0.3063,0.18222,18.0000,0.0000,1,ACCEPTED code=1; Nav2 goal accepted; status_seq=3,4,0.4504,3240,0,0,0,0.000,1,0.6000,0.0679,15.218,72.282
22.000,1.0522,0.3347,0.20654,18.0000,0.0000,1,ACCEPTED code=1; Nav2 goal accepted; status_seq=3,4,0.6275,3240,0,0,0,0.000,1,0.6000,0.0651,16.896,70.604
22.201,1.1372,0.3431,0.22200,18.0000,0.0000,1,ACCEPTED code=1; Nav2 goal accepted; status_seq=3,4,0.5431,3174,0,0,0,0.000,1,0.6000,0.0652,16.355,71.145
22.400,1.1960,0.3589,0.22870,18.0000,0.0000,1,ACCEPTED code=1; Nav2 goal accepted; status_seq=3,4,0.4835,3174,0,0,0,0.000,1,0.6000,0.0613,17.237,70.263
22.600,1.2321,0.3698,0.22537,18.0000,0.0000,1,ACCEPTED code=1; Nav2 goal accepted; status_seq=3,4,0.4468,3174,0,0,0,0.000,1,0.6000,0.0629,17.563,69.937
22.800,1.2321,0.3698,0.22537,18.0000,0.0000,1,ACCEPTED code=1; Nav2 goal accepted; status_seq=3,4,0.4468,3174,0,0,0,0.000,1,0.6000,0.0629,17.344,70.156
23.001,1.4612,0.3729,0.26430,18.0000,0.0000,1,ACCEPTED code=1; Nav2 goal accepted; status_seq=3,4,0.2535,3174,0,0,0,0.000,1,0.6000,0.0629,17.344,70.156
23.200,1.4868,0.3892,0.25924,18.0000,0.0000,1,ACCEPTED code=1; Nav2 goal accepted; status_seq=3,4,0.2188,3174,0,0,0,0.000,1,0.6000,0.0602,18.973,68.527
23.401,1.5947,0.4145,0.27381,18.0000,0.0000,1,ACCEPTED code=1; Nav2 goal accepted; status_seq=3,4,0.1300,3122,0,0,0,0.000,1,0.6000,0.0582,19.281,68.219
23.600,1.6048,0.4161,0.27216,18.0000,0.0000,1,ACCEPTED code=1; Nav2 goal accepted; status_seq=3,4,0.1305,3122,0,0,0,0.000,1,0.6000,0.0588,19.047,68.453
23.801,1.7594,0.4478,0.29422,18.0000,0.0000,1,ACCEPTED code=1; Nav2 goal accepted; status_seq=3,4,0.1373,3122,0,0,0,0.000,1,0.6000,0.0559,20.203,67.297
24.000,1.7681,0.4497,0.29255,18.0000,0.0000,1,ACCEPTED code=1; Nav2 goal accepted; status_seq=3,4,0.1528,3122,0,0,0,0.000,1,0.6000,0.0565,20.009,67.491
24.201,1.9372,0.4947,0.31461,18.0000,0.0000,1,ACCEPTED code=1; Nav2 goal accepted; status_seq=3,6,0.0034,3122,0,0,0,0.000,1,0.6000,0.0534,21.059,66.441
24.401,2.0035,0.5166,0.32038,18.0000,0.0000,1,ACCEPTED code=1; Nav2 goal accepted; status_seq=3,6,0.0690,3122,0,0,0,0.000,1,0.6000,0.0459,22.368,65.132
24.601,2.1000,0.5372,0.33405,18.0000,0.0000,1,ACCEPTED code=1; Nav2 goal accepted; status_seq=3,6,0.1691,2884,0,0,0,0.000,1,0.6000,0.0384,25.518,61.982
24.801,2.1163,0.5554,0.33441,18.0000,0.0000,1,ACCEPTED code=1; Nav2 goal accepted; status_seq=3,6,0.1881,2884,0,0,0,0.000,1,0.6000,0.0259,31.818,55.682
25.000,2.1163,0.5554,0.33441,18.0000,0.0000,1,ACCEPTED code=1; Nav2 goal accepted; status_seq=3,6,0.1881,2884,0,0,0,0.000,1,0.6000,0.0159,36.018,51.482
25.200,2.1163,0.5554,0.33441,18.0000,0.0000,1,ACCEPTED code=1; Nav2 goal accepted; status_seq=3,6,0.1881,2884,0,0,0,0.000,1,0.6000,0.0059,40.218,47.282
25.400,2.1163,0.5554,0.33441,18.0000,0.0000,1,ACCEPTED code=1; Nav2 goal accepted; status_seq=3,6,0.1881,2884,0,0,0,0.000,0,0.6000,-0.0041,57.512,56.176
25.600,2.5148,0.6365,0.37574,18.0000,0.0000,1,ACCEPTED code=1; Nav2 goal accepted; status_seq=3,6,0.5959,2884,0,0,0,0.000,0,0.6000,-0.0068,58.670,55.018
25.800,2.5111,0.6387,0.37484,18.0000,0.0000,1,ACCEPTED code=1; Nav2 goal accepted; status_seq=3,6,0.5904,2884,0,0,0,0.000,0,0.6000,-0.0147,61.820,51.868
26.001,2.5111,0.6387,0.37484,18.0000,0.0000,1,ACCEPTED code=1; Nav2 goal accepted; status_seq=3,6,0.5904,2884,0,0,0,0.000,0,0.6000,-0.0147,63.014,50.674
26.200,2.7647,0.6996,0.38711,18.0000,0.0000,1,ACCEPTED code=1; Nav2 goal accepted; status_seq=3,6,0.4167,2985,0,0,0,0.000,0,0.6000,-0.0147,63.014,50.674
26.400,2.7616,0.7164,0.38822,18.0000,0.0000,1,ACCEPTED code=1; Nav2 goal accepted; status_seq=3,6,0.4097,2985,0,0,0,0.000,0,0.6000,-0.0189,64.064,49.624
26.600,2.7821,0.7101,0.38980,18.0000,0.0000,1,ACCEPTED code=1; Nav2 goal accepted; status_seq=3,6,0.3973,2985,0,0,0,0.000,0,0.6000,-0.0194,65.239,48.449
26.800,2.7821,0.7101,0.38980,18.0000,0.0000,1,ACCEPTED code=1; Nav2 goal accepted; status_seq=3,6,0.3973,2985,0,0,0,0.000,0,0.6000,-0.0194,64.996,48.692
27.000,2.7821,0.7101,0.38980,18.0000,0.0000,1,ACCEPTED code=1; Nav2 goal accepted; status_seq=3,6,0.3973,2985,0,0,0,0.000,0,0.6000,-0.0194,64.996,48.692
27.201,2.9658,0.7759,0.39113,18.0000,0.0000,1,ACCEPTED code=1; Nav2 goal accepted; status_seq=3,6,0.2547,2985,0,0,0,0.000,0,0.6000,-0.0225,65.614,48.074
27.400,2.9732,0.7779,0.39043,18.0000,0.0000,1,ACCEPTED code=1; Nav2 goal accepted; status_seq=3,6,0.2407,2985,0,0,0,0.000,0,0.6000,-0.0212,65.742,47.946
27.601,3.0188,0.8425,0.38661,18.0000,0.0000,1,ACCEPTED code=1; Nav2 goal accepted; status_seq=3,6,0.1673,3122,0,0,0,0.000,0,0.6000,-0.0237,65.742,47.946
27.800,3.0940,0.8231,0.38795,18.0000,0.0000,1,ACCEPTED code=1; Nav2 goal accepted; status_seq=3,6,0.1905,3122,0,0,0,0.000,0,0.6000,-0.0217,65.968,47.720
28.000,3.0940,0.8231,0.38795,18.0000,0.0000,1,ACCEPTED code=1; Nav2 goal accepted; status_seq=3,6,0.1905,3122,0,0,0,0.000,0,0.6000,-0.0217,65.968,47.720
28.200,3.0940,0.8231,0.38795,18.0000,0.0000,1,ACCEPTED code=1; Nav2 goal accepted; status_seq=3,6,0.1905,3122,0,0,0,0.000,0,0.6000,-0.0217,65.968,47.720
28.400,3.2780,0.9930,0.38448,18.0000,0.0000,1,ACCEPTED code=1; Nav2 goal accepted; status_seq=3,8,0.0090,3122,0,0,0,0.000,0,0.6000,-0.0242,65.968,47.720
28.601,3.4532,0.9660,0.37465,18.0000,0.0000,1,ACCEPTED code=1; Nav2 goal accepted; status_seq=3,8,0.1815,3122,0,0,0,0.000,0,0.6000,-0.0192,65.968,47.720
28.801,3.4929,0.9586,0.37899,18.0000,0.0000,1,ACCEPTED code=1; Nav2 goal accepted; status_seq=3,8,0.2199,3122,0,0,0,0.000,0,0.6000,-0.0092,61.768,51.920
29.000,3.4929,0.9586,0.37899,18.0000,0.0000,1,ACCEPTED code=1; Nav2 goal accepted; status_seq=3,8,0.2199,3044,0,0,0,0.000,1,0.6000,0.0008,44.474,43.026
29.200,3.4929,0.9586,0.37899,18.0000,0.0000,1,ACCEPTED code=1; Nav2 goal accepted; status_seq=3,8,0.2199,3044,0,0,0,0.000,1,0.6000,0.0108,40.274,47.226
29.400,3.4929,0.9586,0.37899,18.0000,0.0000,1,ACCEPTED code=1; Nav2 goal accepted; status_seq=3,8,0.2199,3044,0,0,0,0.000,1,0.6000,0.0208,36.074,51.426
29.601,3.4929,0.9586,0.37899,18.0000,0.0000,1,ACCEPTED code=1; Nav2 goal accepted; status_seq=3,8,0.2199,3044,0,0,0,0.000,1,0.6000,0.0308,32.924,54.576
29.801,3.4929,0.9586,0.37899,18.0000,0.0000,1,ACCEPTED code=1; Nav2 goal accepted; status_seq=3,8,0.2199,3044,0,0,0,0.000,1,0.6000,0.0382,27.717,59.783
30.000,3.4929,0.9586,0.37899,18.0000,0.0000,1,ACCEPTED code=1; Nav2 goal accepted; status_seq=3,8,0.2199,3044,0,0,0,0.000,1,0.6000,0.0382,27.717,59.783
30.200,3.4929,0.9586,0.37899,18.0000,0.0000,1,ACCEPTED code=1; Nav2 goal accepted; status_seq=3,8,0.2199,2954,0,0,0,0.000,1,0.6000,0.0382,27.717,59.783
30.400,3.4929,0.9586,0.37899,18.0000,0.0000,1,ACCEPTED code=1; Nav2 goal accepted; status_seq=3,8,0.2199,2954,0,0,0,0.000,1,0.6000,0.0382,27.717,59.783
30.600,3.4929,0.9586,0.37899,18.0000,0.0000,1,ACCEPTED code=1; Nav2 goal accepted; status_seq=3,8,0.2199,2954,0,0,0,0.000,1,0.6000,0.0382,27.717,59.783
30.801,3.4929,0.9586,0.37899,18.0000,0.0000,1,ACCEPTED code=1; Nav2 goal accepted; status_seq=3,8,0.2199,2954,0,0,0,0.000,1,0.6000,0.0382,27.717,59.783
31.000,3.4929,0.9586,0.37899,18.0000,0.0000,1,ACCEPTED code=1; Nav2 goal accepted; status_seq=3,8,0.2199,2954,0,0,0,0.000,1,0.6000,0.0382,27.717,59.783
31.201,3.4929,0.9586,0.37899,18.0000,0.0000,1,ACCEPTED code=1; Nav2 goal accepted; status_seq=3,8,0.2199,2954,0,0,0,0.000,0,0.6000,0.0382,40.811,72.877
31.400,3.4929,0.9586,0.37899,18.0000,0.0000,1,ACCEPTED code=1; Nav2 goal accepted; status_seq=3,8,0.2199,2954,0,0,0,0.000,0,0.6000,0.0382,40.811,72.877
31.601,3.4929,0.9586,0.37899,18.0000,0.0000,1,ACCEPTED code=1; Nav2 goal accepted; status_seq=3,8,0.2199,2954,0,0,0,0.000,0,0.6000,0.0382,40.811,72.877
31.800,3.4929,0.9586,0.37899,18.0000,0.0000,1,ACCEPTED code=1; Nav2 goal accepted; status_seq=3,8,0.2199,3007,0,0,0,0.000,0,0.6000,0.0382,40.811,72.877
32.000,3.4929,0.9586,0.37899,18.0000,0.0000,1,ACCEPTED code=1; Nav2 goal accepted; status_seq=3,8,0.2199,3007,0,0,0,0.000,0,0.6000,0.0382,40.811,72.877
32.200,3.4929,0.9586,0.37899,18.0000,0.0000,1,ACCEPTED code=1; Nav2 goal accepted; status_seq=3,8,0.2199,3007,0,0,0,0.000,0,0.6000,0.0382,40.811,72.877
32.400,3.9163,3.9854,0.44304,18.0000,0.0000,1,ACCEPTED code=1; Nav2 goal accepted; status_seq=3,8,2.3890,3007,0,0,0,0.000,0,0.5000,0.0307,29.817,57.683
32.600,3.8260,4.4174,0.45839,18.0000,0.0000,1,ACCEPTED code=1; Nav2 goal accepted; status_seq=3,10,0.0000,3007,0,0,0,0.000,0,0.5000,0.0207,34.017,53.483
32.800,3.9356,4.4388,0.46605,18.0000,0.0000,1,ACCEPTED code=1; Nav2 goal accepted; status_seq=3,10,0.0982,3373,0,0,0,0.000,0,0.5990,0.0107,43.533,56.699
33.001,3.9994,4.4781,0.47080,18.0000,0.0000,1,ACCEPTED code=1; Nav2 goal accepted; status_seq=3,10,0.1833,3373,0,0,0,0.000,0,0.5768,0.0007,52.744,57.511
33.201,4.0974,4.5465,0.47603,18.0000,0.0000,1,ACCEPTED code=1; Nav2 goal accepted; status_seq=3,10,0.3003,3373,0,0,0,0.000,0,0.5655,-0.0093,55.001,49.267
33.401,4.1587,4.5106,0.47843,18.0000,0.0000,1,ACCEPTED code=1; Nav2 goal accepted; status_seq=3,10,0.3511,3373,0,0,0,0.000,0,0.5422,-0.0193,55.203,43.170
33.600,4.2323,4.5031,0.48683,18.0000,0.0000,1,ACCEPTED code=1; Nav2 goal accepted; status_seq=3,10,0.4155,3373,0,0,0,0.000,0,0.5398,-0.0293,58.266,39.932
33.801,4.2523,4.5109,0.48420,18.0000,0.0000,1,ACCEPTED code=1; Nav2 goal accepted; status_seq=3,10,0.4364,3460,0,0,0,0.000,0,0.5344,-0.0393,63.556,32.622
34.000,4.2523,4.5109,0.48420,18.0000,0.0000,1,ACCEPTED code=1; Nav2 goal accepted; status_seq=3,10,0.4364,3460,0,0,0,0.000,0,0.5344,-0.0493,67.764,28.431
34.200,4.2523,4.5109,0.48420,18.0000,0.0000,1,ACCEPTED code=1; Nav2 goal accepted; status_seq=3,10,0.4364,3460,0,0,0,0.000,0,0.5344,-0.0593,71.964,24.231
34.400,4.5199,4.5695,0.48728,18.0000,0.0000,1,ACCEPTED code=1; Nav2 goal accepted; status_seq=3,10,0.4797,3460,0,0,0,0.000,0,0.5046,-0.0693,70.767,16.733
34.601,4.5558,4.5959,0.48732,18.0000,0.0000,1,ACCEPTED code=1; Nav2 goal accepted; status_seq=3,10,0.4458,3460,0,0,0,0.000,0,0.5046,-0.0793,75.350,13.297
34.800,4.6229,4.5936,0.48186,18.0000,0.0000,1,ACCEPTED code=1; Nav2 goal accepted; status_seq=3,10,0.3860,3460,0,0,0,0.000,0,0.5000,-0.0858,74.375,13.125
35.000,4.6229,4.5936,0.48186,18.0000,0.0000,1,ACCEPTED code=1; Nav2 goal accepted; status_seq=3,10,0.3860,3230,0,0,0,0.000,0,0.5000,-0.0858,74.375,13.125
35.201,4.8194,4.6529,0.46760,18.0000,0.0000,1,ACCEPTED code=1; Nav2 goal accepted; status_seq=3,10,0.1749,3230,0,0,0,0.000,0,0.5000,-0.0872,74.375,13.125
35.400,4.9103,4.7042,0.46189,18.0000,0.0000,1,ACCEPTED code=1; Nav2 goal accepted; status_seq=3,10,0.0781,3230,0,0,0,0.000,0,0.5000,-0.0894,74.375,13.125
35.600,5.1001,4.8039,0.45189,18.0000,0.0000,1,ACCEPTED code=1; Nav2 goal accepted; status_seq=3,10,0.1561,3230,0,0,0,0.000,0,0.5000,-0.0900,74.375,13.125
35.800,5.2002,4.8610,0.44564,18.0000,0.0000,1,ACCEPTED code=1; Nav2 goal accepted; status_seq=3,10,0.2752,3230,0,0,0,0.000,0,0.5000,-0.0900,74.375,13.125
36.000,5.1880,4.8717,0.44078,18.0000,0.0000,1,ACCEPTED code=1; Nav2 goal accepted; status_seq=3,10,0.2439,3230,0,0,0,0.000,0,0.5000,-0.0900,74.375,13.125
36.201,5.1880,4.8717,0.44078,18.0000,0.0000,1,ACCEPTED code=1; Nav2 goal accepted; status_seq=3,10,0.2439,3230,0,0,0,0.000,0,0.5000,-0.0900,74.375,13.125
36.401,5.4794,5.0433,0.40897,18.0000,0.0000,1,ACCEPTED code=1; Nav2 goal accepted; status_seq=3,10,0.5813,3126,0,0,0,0.000,0,0.5000,-0.0900,74.375,13.125
36.600,5.4747,5.0055,0.40321,18.0000,0.0000,1,ACCEPTED code=1; Nav2 goal accepted; status_seq=3,10,0.6562,3126,0,0,0,0.000,0,0.5000,-0.0900,74.375,13.125
36.800,5.5485,5.0764,0.39182,18.0000,0.0000,1,ACCEPTED code=1; Nav2 goal accepted; status_seq=3,12,0.0058,3126,0,0,0,0.000,0,0.5000,-0.0900,74.375,13.125
37.000,5.5485,5.0764,0.39182,18.0000,0.0000,1,ACCEPTED code=1; Nav2 goal accepted; status_seq=3,12,0.0057,3126,0,0,0,0.000,0,0.5000,-0.0900,74.375,13.125
37.201,5.6794,5.1728,0.37001,18.0000,0.0000,1,ACCEPTED code=1; Nav2 goal accepted; status_seq=3,12,0.1657,3126,0,0,0,0.000,0,0.5000,-0.0900,74.375,13.125
37.400,5.7286,5.1976,0.36049,18.0000,0.0000,1,ACCEPTED code=1; Nav2 goal accepted; status_seq=3,12,0.2156,3191,0,0,0,0.000,0,0.5000,-0.0900,74.375,13.125
37.600,5.7489,5.2275,0.35219,18.0000,0.0000,1,ACCEPTED code=1; Nav2 goal accepted; status_seq=3,12,0.2468,3191,0,0,0,0.000,0,0.5000,-0.0900,74.375,13.125
37.801,5.7783,5.2499,0.34549,18.0000,0.0000,1,ACCEPTED code=1; Nav2 goal accepted; status_seq=3,12,0.2851,3191,0,0,0,0.000,0,0.5000,-0.0900,74.375,13.125
38.001,5.8298,5.2897,0.33088,18.0000,0.0000,1,ACCEPTED code=1; Nav2 goal accepted; status_seq=3,12,0.3476,3191,0,0,0,0.000,0,0.5000,-0.0900,74.375,13.125
38.200,5.8895,5.3151,0.32211,18.0000,0.0000,1,ACCEPTED code=1; Nav2 goal accepted; status_seq=3,12,0.4108,3191,0,0,0,0.000,0,0.5000,-0.0900,74.375,13.125
38.400,5.8895,5.3151,0.32211,18.0000,0.0000,1,ACCEPTED code=1; Nav2 goal accepted; status_seq=3,12,0.4107,3491,0,0,0,0.000,0,0.5000,-0.0900,74.375,13.125
38.600,6.0484,5.3855,0.29404,18.0000,0.0000,1,ACCEPTED code=1; Nav2 goal accepted; status_seq=3,12,0.5867,3491,0,0,0,0.000,0,0.5000,-0.0900,74.375,13.125
38.801,6.0519,5.3865,0.29258,18.0000,0.0000,1,ACCEPTED code=1; Nav2 goal accepted; status_seq=3,12,0.5858,3491,0,0,0,0.000,0,0.5000,-0.0900,74.375,13.125
39.001,6.1788,5.4224,0.27185,18.0000,0.0000,1,ACCEPTED code=1; Nav2 goal accepted; status_seq=3,12,0.6189,3491,0,0,0,0.000,0,0.5000,-0.0900,74.375,13.125
39.201,6.2717,5.4441,0.25965,18.0000,0.0000,1,ACCEPTED code=1; Nav2 goal accepted; status_seq=3,12,0.5639,3491,0,0,0,0.000,0,0.5000,-0.0900,74.375,13.125
39.400,6.3315,5.4489,0.24170,18.0000,0.0000,1,ACCEPTED code=1; Nav2 goal accepted; status_seq=3,12,0.5217,3491,0,0,0,0.000,0,0.5000,-0.0900,74.375,13.125
39.600,6.3788,5.4385,0.24193,18.0000,0.0000,1,ACCEPTED code=1; Nav2 goal accepted; status_seq=3,12,0.4831,3491,0,0,0,0.000,0,0.5000,-0.0900,74.375,13.125
39.800,6.3788,5.4385,0.24193,18.0000,0.0000,1,ACCEPTED code=1; Nav2 goal accepted; status_seq=3,12,0.4831,4004,0,0,0,0.000,0,0.5000,-0.0900,74.375,13.125
40.000,6.6040,5.4276,0.21204,18.0000,0.0000,1,ACCEPTED code=1; Nav2 goal accepted; status_seq=3,12,0.3741,4004,0,0,0,0.000,0,0.5000,-0.0900,74.375,13.125
40.201,6.7226,5.4276,0.19705,18.0000,0.0000,1,ACCEPTED code=1; Nav2 goal accepted; status_seq=3,12,0.3727,4004,0,0,0,0.000,0,0.5000,-0.0900,74.375,13.125
40.400,6.7851,5.4305,0.18980,18.0000,0.0000,1,ACCEPTED code=1; Nav2 goal accepted; status_seq=3,12,0.3825,4004,0,0,0,0.000,0,0.5000,-0.0900,74.375,13.125
40.600,6.9250,5.4454,0.16683,18.0000,0.0000,1,ACCEPTED code=1; Nav2 goal accepted; status_seq=3,12,0.4623,4004,0,0,0,0.000,0,0.5000,-0.0900,74.375,13.125
40.801,7.0335,5.4411,0.15633,18.0000,0.0000,1,ACCEPTED code=1; Nav2 goal accepted; status_seq=3,12,0.5149,4004,0,0,0,0.000,0,0.5000,-0.0900,74.375,13.125
41.001,7.1181,5.4604,0.14364,18.0000,0.0000,1,ACCEPTED code=1; Nav2 goal accepted; status_seq=3,14,0.0226,3913,0,0,0,0.000,0,0.5000,-0.0900,74.375,13.125
41.201,7.1605,5.4627,0.14488,18.0000,0.0000,1,ACCEPTED code=1; Nav2 goal accepted; status_seq=3,14,0.0588,3913,0,0,0,0.000,0,0.4500,-0.0875,74.375,13.125
41.401,7.3359,5.4895,0.12001,18.0000,0.0000,1,ACCEPTED code=1; Nav2 goal accepted; status_seq=3,14,0.1709,3913,0,0,0,0.000,0,0.3500,-0.0825,37.240,6.572
41.600,7.3400,5.4951,0.12182,18.0000,0.0000,1,ACCEPTED code=1; Nav2 goal accepted; status_seq=3,14,0.1758,3913,0,0,0,0.000,0,0.5000,-0.0900,74.375,13.125
41.801,7.5248,5.5238,0.10122,18.0000,0.0000,1,ACCEPTED code=1; Nav2 goal accepted; status_seq=3,14,0.3486,3913,0,0,0,0.000,0,0.5000,-0.0900,74.375,13.125
42.000,7.5260,5.5256,0.09977,18.0000,0.0000,1,ACCEPTED code=1; Nav2 goal accepted; status_seq=3,14,0.3469,3913,0,0,0,0.000,0,0.5000,-0.0900,74.375,13.125
42.200,7.5260,5.5256,0.09977,18.0000,0.0000,1,ACCEPTED code=1; Nav2 goal accepted; status_seq=3,14,0.3469,3465,0,0,0,0.000,0,0.5000,-0.0900,74.375,13.125
42.401,7.7534,5.6102,0.06543,18.0000,0.0000,1,ACCEPTED code=1; Nav2 goal accepted; status_seq=3,14,0.3564,3465,0,0,0,0.000,0,0.5000,-0.0900,74.375,13.125
42.601,7.7536,5.6103,0.06543,18.0000,0.0000,1,ACCEPTED code=1; Nav2 goal accepted; status_seq=3,14,0.3578,3465,0,0,0,0.000,0,0.5000,-0.0900,74.375,13.125
42.800,7.8706,5.6757,0.04374,18.0000,0.0000,1,ACCEPTED code=1; Nav2 goal accepted; status_seq=3,14,0.3757,3465,0,0,0,0.000,0,0.5000,-0.0900,74.375,13.125
43.000,7.9161,5.7163,0.02848,18.0000,0.0000,1,ACCEPTED code=1; Nav2 goal accepted; status_seq=3,14,0.4089,3465,0,0,0,0.000,0,0.5000,-0.0900,74.375,13.125
43.200,7.9566,5.7338,0.02196,18.0000,0.0000,1,ACCEPTED code=1; Nav2 goal accepted; status_seq=3,14,0.4264,3465,0,0,0,0.000,0,0.5000,-0.0900,74.375,13.125
43.401,8.0130,5.7801,0.00752,18.0000,0.0000,1,ACCEPTED code=1; Nav2 goal accepted; status_seq=3,14,0.4754,3272,0,0,0,0.000,0,0.5000,-0.0900,74.375,13.125
43.601,8.0641,5.8135,-0.01088,18.0000,0.0000,1,ACCEPTED code=1; Nav2 goal accepted; status_seq=3,14,0.5260,3272,0,0,0,0.000,0,0.5000,-0.0900,74.375,13.125
43.801,8.0934,5.8232,-0.00806,18.0000,0.0000,1,ACCEPTED code=1; Nav2 goal accepted; status_seq=3,14,0.5362,3272,0,0,0,0.000,0,0.5000,-0.0900,74.375,13.125
44.000,8.1824,5.8675,-0.02931,18.0000,0.0000,1,ACCEPTED code=1; Nav2 goal accepted; status_seq=3,14,0.6162,3272,0,0,0,0.000,0,0.5000,-0.0900,74.375,13.125
44.201,8.2285,5.8856,-0.04845,18.0000,0.0000,1,ACCEPTED code=1; Nav2 goal accepted; status_seq=3,14,0.6366,3272,0,0,0,0.000,0,0.5000,-0.0900,74.375,13.125
44.400,8.2548,5.8910,-0.04524,18.0000,0.0000,1,ACCEPTED code=1; Nav2 goal accepted; status_seq=3,14,0.6602,3272,0,0,0,0.000,0,0.5000,-0.0900,74.375,13.125
44.600,8.2548,5.8910,-0.04524,18.0000,0.0000,1,ACCEPTED code=1; Nav2 goal accepted; status_seq=3,14,0.6602,3240,0,0,0,0.000,0,0.5000,-0.0900,74.375,13.125
44.800,8.4125,5.9205,-0.07528,18.0000,0.0000,1,ACCEPTED code=1; Nav2 goal accepted; status_seq=3,14,0.7712,3240,0,0,0,0.000,0,0.5000,-0.0900,74.375,13.125
45.000,8.4125,5.9205,-0.07528,18.0000,0.0000,1,ACCEPTED code=1; Nav2 goal accepted; status_seq=3,14,0.7705,3240,0,0,0,0.000,0,0.5000,-0.0900,74.375,13.125
45.200,8.5938,5.9018,-0.10485,18.0000,0.0000,1,ACCEPTED code=1; Nav2 goal accepted; status_seq=3,16,0.0284,3240,0,0,0,0.000,0,0.5000,-0.0900,74.375,13.125
45.400,8.5956,5.9001,-0.10583,18.0000,0.0000,1,ACCEPTED code=1; Nav2 goal accepted; status_seq=3,16,0.0303,3240,0,0,0,0.000,0,0.5000,-0.0875,74.375,13.125
45.600,8.7634,5.8701,-0.13703,18.0000,0.0000,1,ACCEPTED code=1; Nav2 goal accepted; status_seq=3,16,0.1997,3551,0,0,0,0.000,0,0.5000,-0.0847,74.375,13.125
45.800,8.8233,5.8368,-0.14516,18.0000,0.0000,1,ACCEPTED code=1; Nav2 goal accepted; status_seq=3,16,0.2689,3551,0,0,0,0.000,0,0.5000,-0.0836,74.375,13.125
46.000,8.8651,5.8175,-0.14387,18.0000,0.0000,1,ACCEPTED code=1; Nav2 goal accepted; status_seq=3,16,0.3118,3551,0,0,0,0.000,0,0.5000,-0.0844,74.375,13.125
46.201,8.8651,5.8175,-0.14387,18.0000,0.0000,1,ACCEPTED code=1; Nav2 goal accepted; status_seq=3,16,0.3118,3551,0,0,0,0.000,0,0.5000,-0.0844,74.375,13.125
46.400,8.8651,5.8175,-0.14387,18.0000,0.0000,1,ACCEPTED code=1; Nav2 goal accepted; status_seq=3,16,0.3118,3551,0,0,0,0.000,0,0.5000,-0.0844,74.375,13.125
46.601,9.2616,5.6871,-0.19760,18.0000,0.0000,1,ACCEPTED code=1; Nav2 goal accepted; status_seq=3,16,0.0663,3175,0,0,0,0.000,0,0.5000,-0.0847,74.375,13.125
46.800,9.3262,5.6552,-0.20679,18.0000,0.0000,1,ACCEPTED code=1; Nav2 goal accepted; status_seq=3,16,0.1092,3175,0,0,0,0.000,0,0.5000,-0.0830,74.375,13.125
47.001,9.4288,5.6128,-0.21263,18.0000,0.0000,1,ACCEPTED code=1; Nav2 goal accepted; status_seq=3,16,0.2064,3175,0,0,0,0.000,0,0.5000,-0.0842,74.375,13.125
47.201,9.5064,5.5846,-0.22689,18.0000,0.0000,1,ACCEPTED code=1; Nav2 goal accepted; status_seq=3,16,0.2812,3175,0,0,0,0.000,0,0.5000,-0.0829,74.375,13.125
47.401,9.5554,5.5672,-0.22792,18.0000,0.0000,1,ACCEPTED code=1; Nav2 goal accepted; status_seq=3,16,0.3362,3175,0,0,0,0.000,0,0.5000,-0.0839,74.375,13.125
47.601,9.5554,5.5672,-0.22792,18.0000,0.0000,1,ACCEPTED code=1; Nav2 goal accepted; status_seq=3,16,0.3362,3175,0,0,0,0.000,0,0.5000,-0.0839,74.375,13.125
47.801,9.5554,5.5672,-0.22792,18.0000,0.0000,1,ACCEPTED code=1; Nav2 goal accepted; status_seq=3,16,0.3362,2661,0,0,0,0.000,0,0.5109,-0.0857,76.689,13.533
48.000,9.5554,5.5672,-0.22792,18.0000,0.0000,1,ACCEPTED code=1; Nav2 goal accepted; status_seq=3,16,0.3362,2661,0,0,0,0.000,0,0.5109,-0.0857,76.689,13.533
48.200,9.5554,5.5672,-0.22792,18.0000,0.0000,1,ACCEPTED code=1; Nav2 goal accepted; status_seq=3,16,0.3362,2661,0,0,0,0.000,0,0.5109,-0.0857,76.689,13.533
48.400,9.5554,5.5672,-0.22792,18.0000,0.0000,1,ACCEPTED code=1; Nav2 goal accepted; status_seq=3,16,0.3362,2661,0,0,0,0.000,0,0.5109,-0.0857,76.689,13.533
48.601,9.5554,5.5672,-0.22792,18.0000,0.0000,1,ACCEPTED code=1; Nav2 goal accepted; status_seq=3,16,0.3362,2661,0,0,0,0.000,0,0.5109,-0.0857,76.689,13.533
48.800,9.5554,5.5672,-0.22792,18.0000,0.0000,1,ACCEPTED code=1; Nav2 goal accepted; status_seq=3,16,0.3362,2661,0,0,0,0.000,0,0.5109,-0.0857,76.689,13.533
49.000,9.5554,5.5672,-0.22792,18.0000,0.0000,1,ACCEPTED code=1; Nav2 goal accepted; status_seq=3,16,0.3362,2661,0,0,0,0.000,0,0.5109,-0.0857,76.689,13.533
49.200,10.3831,5.4069,-0.37433,18.0000,0.0000,1,ACCEPTED code=1; Nav2 goal accepted; status_seq=3,16,0.3030,2086,0,0,0,0.000,0,0.5109,-0.0857,76.689,13.533
49.400,10.4182,5.6112,-0.37423,18.0000,0.0000,1,ACCEPTED code=1; Nav2 goal accepted; status_seq=3,18,0.0000,2086,0,0,0,0.000,0,0.5241,-0.0857,80.841,14.266
49.601,10.4733,5.6116,-0.39662,18.0000,0.0000,1,ACCEPTED code=1; Nav2 goal accepted; status_seq=3,18,0.0559,2086,0,0,0,0.000,0,0.5895,-0.0832,82.876,14.625
49.800,10.4886,5.6179,-0.39779,18.0000,0.0000,1,ACCEPTED code=1; Nav2 goal accepted; status_seq=3,18,0.0705,2086,0,0,0,0.000,0,0.5909,-0.0732,88.442,22.742
50.000,10.5682,5.6129,-0.41994,18.0000,0.0000,1,ACCEPTED code=1; Nav2 goal accepted; status_seq=3,18,0.1497,2086,0,0,0,0.000,0,0.6000,-0.0736,87.751,25.937
50.200,10.5792,5.6320,-0.42256,18.0000,0.0000,1,ACCEPTED code=1; Nav2 goal accepted; status_seq=3,18,0.1624,2086,0,0,0,0.000,0,0.6000,-0.0717,86.701,26.987
50.401,10.6722,5.6170,-0.44509,18.0000,0.0000,1,ACCEPTED code=1; Nav2 goal accepted; status_seq=3,18,0.2541,2059,0,0,0,0.000,0,0.6000,-0.0717,86.943,26.745
50.600,10.7147,5.5963,-0.45382,18.0000,0.0000,1,ACCEPTED code=1; Nav2 goal accepted; status_seq=3,18,0.3005,2059,0,0,0,0.000,0,0.6000,-0.0682,86.394,27.294
50.801,10.7377,5.5996,-0.45375,18.0000,0.0000,1,ACCEPTED code=1; Nav2 goal accepted; status_seq=3,18,0.3195,2059,0,0,0,0.000,0,0.6000,-0.0688,85.726,27.962
51.000,10.7377,5.5996,-0.45375,18.0000,0.0000,1,ACCEPTED code=1; Nav2 goal accepted; status_seq=3,18,0.3195,2059,0,0,0,0.000,0,0.6000,-0.0688,85.726,27.962
51.200,10.7377,5.5996,-0.45375,18.0000,0.0000,1,ACCEPTED code=1; Nav2 goal accepted; status_seq=3,18,0.3195,2059,0,0,0,0.000,0,0.6000,-0.0688,85.726,27.962
51.400,10.7377,5.5996,-0.45375,18.0000,0.0000,1,ACCEPTED code=1; Nav2 goal accepted; status_seq=3,18,0.3195,2407,0,0,0,0.000,0,0.6000,-0.0688,85.726,27.962
51.600,11.1719,5.3646,-0.52103,18.0000,0.0000,1,ACCEPTED code=1; Nav2 goal accepted; status_seq=3,18,0.0841,2407,0,0,0,0.000,0,0.6000,-0.0663,85.726,27.962
51.800,11.2083,5.3515,-0.52240,18.0000,0.0000,1,ACCEPTED code=1; Nav2 goal accepted; status_seq=3,18,0.1094,2407,0,0,0,0.000,0,0.6000,-0.0605,82.576,31.112
52.000,11.2083,5.3515,-0.52240,18.0000,0.0000,1,ACCEPTED code=1; Nav2 goal accepted; status_seq=3,18,0.1094,2407,0,0,0,0.000,0,0.6000,-0.0605,82.257,31.431
52.200,11.2083,5.3515,-0.52240,18.0000,0.0000,1,ACCEPTED code=1; Nav2 goal accepted; status_seq=3,18,0.1094,2407,0,0,0,0.000,0,0.6000,-0.0605,82.257,31.431
52.401,11.2083,5.3515,-0.52240,18.0000,0.0000,1,ACCEPTED code=1; Nav2 goal accepted; status_seq=3,18,0.1094,2407,0,0,0,0.000,0,0.6000,-0.0605,82.257,31.431
52.600,11.2083,5.3515,-0.52240,18.0000,0.0000,1,ACCEPTED code=1; Nav2 goal accepted; status_seq=3,18,0.1094,2407,0,0,0,0.000,0,0.6000,-0.0605,82.257,31.431
52.800,11.6621,5.0254,-0.60011,18.0000,0.0000,1,ACCEPTED code=1; Nav2 goal accepted; status_seq=3,18,0.1261,2219,0,0,0,0.000,0,0.6000,-0.0580,82.257,31.431
53.000,11.7555,4.9205,-0.60172,18.0000,0.0000,1,ACCEPTED code=1; Nav2 goal accepted; status_seq=3,18,0.0357,2219,0,0,0,0.000,0,0.6000,-0.0480,78.057,35.631
53.200,11.7555,4.9205,-0.60172,18.0000,0.0000,1,ACCEPTED code=1; Nav2 goal accepted; status_seq=3,18,0.0357,2219,0,0,0,0.000,0,0.6000,-0.0433,75.023,38.665
53.400,12.2050,4.6947,-0.63483,18.0000,0.0000,1,ACCEPTED code=1; Nav2 goal accepted; status_seq=3,18,0.2414,2219,0,0,0,0.000,0,0.6000,-0.0433,75.023,38.665
53.600,12.1721,4.7623,-0.63737,18.0000,0.0000,1,ACCEPTED code=1; Nav2 goal accepted; status_seq=3,20,0.0004,2219,0,0,0,0.000,0,0.6000,-0.0405,74.228,39.460
53.801,12.1721,4.7623,-0.63737,18.0000,0.0000,1,ACCEPTED code=1; Nav2 goal accepted; status_seq=3,20,0.0056,2219,0,0,0,0.000,0,0.6000,-0.0431,74.961,38.727
54.000,12.1721,4.7623,-0.63737,18.0000,0.0000,1,ACCEPTED code=1; Nav2 goal accepted; status_seq=3,20,0.0056,1877,0,0,0,0.000,0,0.6000,-0.0431,74.961,38.727
54.200,12.1721,4.7623,-0.63737,18.0000,0.0000,1,ACCEPTED code=1; Nav2 goal accepted; status_seq=3,20,0.0056,1877,0,0,0,0.000,0,0.6000,-0.0431,74.961,38.727
54.400,12.4845,4.6276,-0.67802,18.0000,0.0000,1,ACCEPTED code=1; Nav2 goal accepted; status_seq=3,20,0.3418,1877,0,0,0,0.000,0,0.6000,-0.0367,72.861,40.827
54.600,12.5431,4.5996,-0.69182,18.0000,0.0000,1,ACCEPTED code=1; Nav2 goal accepted; status_seq=3,20,0.4104,1877,0,0,0,0.000,0,0.6000,-0.0342,72.278,41.410
54.800,12.6071,4.5576,-0.69886,18.0000,0.0000,1,ACCEPTED code=1; Nav2 goal accepted; status_seq=3,20,0.3427,1877,0,0,0,0.000,0,0.6000,-0.0344,71.297,42.391
55.001,12.7474,4.4298,-0.70543,18.0000,0.0000,1,ACCEPTED code=1; Nav2 goal accepted; status_seq=3,20,0.1830,1877,0,0,0,0.000,0,0.6000,-0.0286,69.923,43.765
55.200,12.7914,4.4077,-0.70624,18.0000,0.0000,1,ACCEPTED code=1; Nav2 goal accepted; status_seq=3,20,0.1765,1766,0,0,0,0.000,0,0.6000,-0.0273,68.311,45.377
55.401,12.9478,4.3143,-0.71642,18.0000,0.0000,1,ACCEPTED code=1; Nav2 goal accepted; status_seq=3,20,0.2328,1766,0,0,0,0.000,0,0.6000,-0.0248,68.311,45.377
55.600,13.0028,4.2937,-0.72861,18.0000,0.0000,1,ACCEPTED code=1; Nav2 goal accepted; status_seq=3,20,0.2777,1766,0,0,0,0.000,0,0.6000,-0.0222,67.201,46.487
55.800,13.0226,4.3044,-0.72892,18.0000,0.0000,1,ACCEPTED code=1; Nav2 goal accepted; status_seq=3,20,0.2993,1766,0,0,0,0.000,0,0.6000,-0.0229,66.444,47.244
56.001,13.1414,4.2639,-0.74231,18.0000,0.0000,1,ACCEPTED code=1; Nav2 goal accepted; status_seq=3,20,0.4120,1766,0,0,0,0.000,0,0.6000,-0.0229,66.444,47.244
56.201,13.1641,4.2507,-0.74110,18.0000,0.0000,1,ACCEPTED code=1; Nav2 goal accepted; status_seq=3,20,0.4350,1766,0,0,0,0.000,0,0.6000,-0.0208,65.287,48.401
56.400,13.1641,4.2507,-0.74110,18.0000,0.0000,1,ACCEPTED code=1; Nav2 goal accepted; status_seq=3,20,0.4350,1594,0,0,0,0.000,0,0.6000,-0.0208,65.585,48.103
56.601,13.3153,4.1717,-0.75500,18.0000,0.0000,1,ACCEPTED code=1; Nav2 goal accepted; status_seq=3,20,0.5165,1594,0,0,0,0.000,0,0.6000,-0.0165,64.005,49.683
56.800,13.3153,4.1717,-0.75500,18.0000,0.0000,1,ACCEPTED code=1; Nav2 goal accepted; status_seq=3,20,0.5169,1594,0,0,0,0.000,0,0.6000,-0.0165,63.781,49.907
57.001,13.4339,4.1016,-0.76712,18.0000,0.0000,1,ACCEPTED code=1; Nav2 goal accepted; status_seq=3,20,0.4870,1594,0,0,0,0.000,0,0.6000,-0.0130,62.459,51.229
57.201,13.4791,4.0562,-0.77209,18.0000,0.0000,1,ACCEPTED code=1; Nav2 goal accepted; status_seq=3,20,0.4690,1594,0,0,0,0.000,0,0.6000,-0.0107,61.995,51.693
57.400,13.5554,3.9905,-0.77302,18.0000,0.0000,1,ACCEPTED code=1; Nav2 goal accepted; status_seq=3,20,0.4696,1864,0,0,0,0.000,0,0.6000,-0.0090,60.803,52.885
57.600,13.6138,3.9417,-0.77592,18.0000,0.0000,1,ACCEPTED code=1; Nav2 goal accepted; status_seq=3,20,0.4799,1864,0,0,0,0.000,0,0.6000,-0.0061,59.972,53.716
57.800,13.6138,3.9417,-0.77592,18.0000,0.0000,1,ACCEPTED code=1; Nav2 goal accepted; status_seq=3,22,0.0000,1864,0,0,0,0.000,0,0.6000,-0.0061,59.423,54.265
58.000,13.8521,3.7479,-0.78310,18.0000,0.0000,1,ACCEPTED code=1; Nav2 goal accepted; status_seq=3,22,0.3066,1864,0,0,0,0.000,0,0.6000,0.0014,57.323,56.365
58.200,13.9503,3.6703,-0.78883,18.0000,0.0000,1,ACCEPTED code=1; Nav2 goal accepted; status_seq=3,22,0.3275,1864,0,0,0,0.000,0,0.6000,0.0114,53.123,60.565
58.401,14.0443,3.5863,-0.78874,18.0000,0.0000,1,ACCEPTED code=1; Nav2 goal accepted; status_seq=3,22,0.1625,1864,0,0,0,0.000,0,0.6000,0.0177,49.933,63.755
58.600,14.0443,3.5863,-0.78874,18.0000,0.0000,1,ACCEPTED code=1; Nav2 goal accepted; status_seq=3,22,0.2033,1864,0,0,0,0.000,0,0.6000,0.0178,49.379,64.309
58.800,14.0443,3.5863,-0.78874,18.0000,0.0000,1,ACCEPTED code=1; Nav2 goal accepted; status_seq=3,22,0.2033,1669,0,0,0,0.000,0,0.6000,0.0178,49.379,64.309
59.000,14.0443,3.5863,-0.78874,18.0000,0.0000,1,ACCEPTED code=1; Nav2 goal accepted; status_seq=3,22,0.2033,1669,0,0,0,0.000,0,0.6000,0.0178,49.379,64.309
59.200,14.0443,3.5863,-0.78874,18.0000,0.0000,1,ACCEPTED code=1; Nav2 goal accepted; status_seq=3,22,0.2033,1669,0,0,0,0.000,0,0.6000,0.0178,49.379,64.309
59.400,14.0443,3.5863,-0.78874,18.0000,0.0000,1,ACCEPTED code=1; Nav2 goal accepted; status_seq=3,22,0.2033,1669,0,0,0,0.000,0,0.6000,0.0178,49.379,64.309
59.601,14.0443,3.5863,-0.78874,18.0000,0.0000,1,ACCEPTED code=1; Nav2 goal accepted; status_seq=3,22,0.2033,1669,0,0,0,0.000,0,0.6000,0.0178,49.379,64.309
59.800,14.6027,3.1011,-0.79192,18.0000,0.0000,1,ACCEPTED code=1; Nav2 goal accepted; status_seq=3,22,0.2658,1669,0,0,0,0.000,0,0.6000,0.0203,49.379,64.309
60.001,14.5901,3.0886,-0.79437,18.0000,0.0000,1,ACCEPTED code=1; Nav2 goal accepted; status_seq=3,22,0.2561,1669,0,0,0,0.000,0,0.6000,0.0303,45.179,68.509
60.201,14.5901,3.0886,-0.79437,18.0000,0.0000,1,ACCEPTED code=1; Nav2 goal accepted; status_seq=3,22,0.2561,1669,0,0,0,0.000,0,0.6000,0.0339,42.621,71.067
60.401,14.7479,2.9890,-0.78162,18.0000,0.0000,1,ACCEPTED code=1; Nav2 goal accepted; status_seq=3,22,0.1721,1273,0,0,0,0.000,0,0.6000,0.0329,42.621,71.067
60.601,14.7810,2.9038,-0.77898,18.0000,0.0000,1,ACCEPTED code=1; Nav2 goal accepted; status_seq=3,22,0.1304,1273,0,0,0,0.000,0,0.6000,0.0367,41.118,72.570
60.801,14.7864,2.8922,-0.78302,18.0000,0.0000,1,ACCEPTED code=1; Nav2 goal accepted; status_seq=3,22,0.1313,1273,0,0,0,0.000,0,0.6000,0.0381,40.848,72.840
61.001,14.8463,2.8482,-0.77119,18.0000,0.0000,1,ACCEPTED code=1; Nav2 goal accepted; status_seq=3,22,0.1796,1273,0,0,0,0.000,0,0.6000,0.0369,40.848,72.840
61.200,14.8661,2.8245,-0.77834,18.0000,0.0000,1,ACCEPTED code=1; Nav2 goal accepted; status_seq=3,22,0.2023,1273,0,0,0,0.000,0,0.6000,0.0392,40.388,73.300
61.400,14.8661,2.8245,-0.77834,18.0000,0.0000,1,ACCEPTED code=1; Nav2 goal accepted; status_seq=3,22,0.2023,1273,0,0,0,0.000,0,0.6000,0.0392,40.388,73.300
61.600,14.8661,2.8245,-0.77834,18.0000,0.0000,1,ACCEPTED code=1; Nav2 goal accepted; status_seq=3,22,0.2023,1273,0,0,0,0.000,0,0.6000,0.0392,40.388,73.300
61.801,14.8661,2.8245,-0.77834,18.0000,0.0000,1,ACCEPTED code=1; Nav2 goal accepted; status_seq=3,22,0.2023,1273,0,0,0,0.000,0,0.6000,0.0392,40.388,73.300
62.000,14.8661,2.8245,-0.77834,18.0000,0.0000,1,ACCEPTED code=1; Nav2 goal accepted; status_seq=3,24,0.0000,1034,0,0,0,0.000,0,0.6000,0.0392,40.388,73.300
62.200,15.5538,2.3257,-0.73963,18.0000,0.0000,1,ACCEPTED code=1; Nav2 goal accepted; status_seq=3,24,0.1363,1034,0,0,0,0.000,0,0.6000,0.0435,39.546,74.142
62.400,15.6647,2.1930,-0.73240,18.0000,0.0000,1,ACCEPTED code=1; Nav2 goal accepted; status_seq=3,24,0.2507,1034,0,0,0,0.000,0,0.6000,0.0459,38.530,75.158
62.601,15.7114,2.1542,-0.72872,18.0000,0.0000,1,ACCEPTED code=1; Nav2 goal accepted; status_seq=3,24,0.3098,1034,0,0,0,0.000,0,0.6000,0.0466,37.178,76.510
62.801,15.7493,2.1160,-0.72733,18.0000,0.0000,1,ACCEPTED code=1; Nav2 goal accepted; status_seq=3,24,0.3646,1034,0,0,0,0.000,0,0.6000,0.0472,37.250,76.438
63.001,15.7865,2.0952,-0.72066,18.0000,0.0000,1,ACCEPTED code=1; Nav2 goal accepted; status_seq=3,24,0.4049,1034,0,0,0,0.000,0,0.6000,0.0467,37.643,76.045
63.201,15.8171,2.0727,-0.71664,18.0000,0.0000,1,ACCEPTED code=1; Nav2 goal accepted; status_seq=3,24,0.3808,1034,0,0,0,0.000,0,0.4500,0.0392,26.225,61.275
63.400,15.8171,2.0727,-0.71664,18.0000,0.0000,1,ACCEPTED code=1; Nav2 goal accepted; status_seq=3,24,0.3808,1034,0,0,0,0.000,0,0.3009,0.0292,8.663,35.313
63.601,15.8171,2.0727,-0.71664,18.0000,0.0000,1,ACCEPTED code=1; Nav2 goal accepted; status_seq=3,24,0.3808,1034,0,0,0,0.000,0,0.3009,0.0228,12.397,31.579
63.800,15.8171,2.0727,-0.71664,18.0000,0.0000,1,ACCEPTED code=1; Nav2 goal accepted; status_seq=3,24,0.3808,1034,0,0,0,0.000,0,0.3009,0.0228,12.397,31.579
64.001,15.8171,2.0727,-0.71664,18.0000,0.0000,1,ACCEPTED code=1; Nav2 goal accepted; status_seq=3,24,0.3808,1034,0,0,0,0.000,0,0.3009,0.0228,12.397,31.579
64.201,16.3132,1.6867,-0.67373,18.0000,0.0000,1,ACCEPTED code=1; Nav2 goal accepted; status_seq=3,24,0.3715,1059,0,0,0,0.000,0,0.2396,0.0184,8.269,24.255
64.401,16.3652,1.6504,-0.67083,18.0000,0.0000,1,ACCEPTED code=1; Nav2 goal accepted; status_seq=3,24,0.4183,1059,0,0,0,0.000,0,0.2330,0.0175,8.513,23.930
64.600,16.3990,1.6258,-0.66575,18.0000,0.0000,1,ACCEPTED code=1; Nav2 goal accepted; status_seq=3,24,0.4444,1059,0,0,0,0.000,0,0.2281,0.0170,8.624,22.380
64.800,16.3990,1.6258,-0.66575,18.0000,0.0000,1,ACCEPTED code=1; Nav2 goal accepted; status_seq=3,24,0.4444,1059,0,0,0,0.000,0,0.2281,0.0170,8.312,22.620
65.000,16.3990,1.6258,-0.66575,18.0000,0.0000,1,ACCEPTED code=1; Nav2 goal accepted; status_seq=3,24,0.4444,1059,0,0,0,0.000,0,0.2281,0.0170,8.312,22.620
65.201,16.3990,1.6258,-0.66575,18.0000,0.0000,1,ACCEPTED code=1; Nav2 goal accepted; status_seq=3,24,0.4444,1059,0,0,0,0.000,0,0.2281,0.0170,8.312,22.620
65.400,16.5174,1.3675,-0.64904,18.0000,0.0000,1,ACCEPTED code=1; Nav2 goal accepted; status_seq=3,24,0.1678,1094,0,0,0,0.000,0,0.2056,0.0190,8.312,22.620
65.601,16.6571,1.2659,-0.64609,18.0000,0.0000,1,ACCEPTED code=1; Nav2 goal accepted; status_seq=3,24,0.1252,1094,0,0,0,0.000,0,0.2000,0.0220,4.325,21.987
65.800,16.6571,1.2659,-0.64609,18.0000,0.0000,1,ACCEPTED code=1; Nav2 goal accepted; status_seq=3,24,0.1232,1094,0,0,0,0.000,0,0.2000,0.0220,3.947,22.365
66.000,16.6571,1.2659,-0.64609,18.0000,0.0000,1,ACCEPTED code=1; Nav2 goal accepted; status_seq=3,24,0.1232,1094,0,0,0,0.000,0,0.2000,0.0220,3.947,22.365
66.200,16.6571,1.2659,-0.64609,18.0000,0.0000,1,ACCEPTED code=1; Nav2 goal accepted; status_seq=3,26,0.0004,1094,0,0,0,0.000,0,0.1500,0.0195,3.947,22.365
66.400,16.6571,1.2659,-0.64609,18.0000,0.0000,1,ACCEPTED code=1; Nav2 goal accepted; status_seq=3,26,0.0004,1094,0,0,0,0.000,0,-0.0500,0.0095,0.000,0.000
66.601,16.9673,0.8324,-0.62638,18.0000,0.0000,1,ACCEPTED code=1; Nav2 goal accepted; status_seq=3,26,0.2298,1020,0,0,0,0.000,0,-0.1500,-0.0005,-11.218,-7.430
66.801,16.9595,0.9133,-0.62235,18.0000,0.0000,1,ACCEPTED code=1; Nav2 goal accepted; status_seq=3,26,0.3073,1020,0,0,0,0.000,0,0.0500,-0.0105,0.000,-4.668
67.001,16.9778,0.9171,-0.61991,18.0000,0.0000,1,ACCEPTED code=1; Nav2 goal accepted; status_seq=3,26,0.3033,1020,0,0,0,0.000,0,0.2000,-0.0163,20.263,6.049
67.200,16.9691,0.9399,-0.61778,18.0000,0.0000,1,ACCEPTED code=1; Nav2 goal accepted; status_seq=3,26,0.3373,1020,0,0,0,0.000,0,0.2000,-0.0182,20.819,5.493
67.400,16.9691,0.9399,-0.61778,18.0000,0.0000,1,ACCEPTED code=1; Nav2 goal accepted; status_seq=3,26,0.3373,1020,0,0,0,0.000,0,0.2000,-0.0182,20.819,5.493
67.600,16.9691,0.9399,-0.61778,18.0000,0.0000,1,ACCEPTED code=1; Nav2 goal accepted; status_seq=3,26,0.3373,965,0,0,0,0.000,0,0.2000,-0.0182,20.819,5.493
67.800,16.9691,0.9399,-0.61778,18.0000,0.0000,1,ACCEPTED code=1; Nav2 goal accepted; status_seq=3,26,0.3373,965,0,0,0,0.000,0,0.2000,-0.0182,20.819,5.493
68.001,16.9691,0.9399,-0.61778,18.0000,0.0000,1,ACCEPTED code=1; Nav2 goal accepted; status_seq=3,26,0.3373,965,0,0,0,0.000,0,0.2000,-0.0182,20.819,5.493
68.201,17.0751,0.9397,-0.61501,18.0000,0.0000,1,ACCEPTED code=1; Nav2 goal accepted; status_seq=3,26,0.3103,965,0,0,0,0.000,0,0.2000,-0.0207,20.819,5.493
68.400,17.0781,0.9426,-0.61545,18.0000,0.0000,1,ACCEPTED code=1; Nav2 goal accepted; status_seq=3,26,0.3056,965,0,0,0,0.000,0,0.2000,-0.0263,22.365,3.947
68.600,17.0798,0.9432,-0.61898,18.0000,0.0000,1,ACCEPTED code=1; Nav2 goal accepted; status_seq=3,26,0.3060,975,0,0,0,0.000,0,0.2000,-0.0263,22.365,3.947
68.800,17.0957,0.9406,-0.61935,18.0000,0.0000,1,ACCEPTED code=1; Nav2 goal accepted; status_seq=3,26,0.3026,975,0,0,0,0.000,0,0.2000,-0.0267,22.365,3.947
69.000,17.1307,0.9379,-0.62021,18.0000,0.0000,1,ACCEPTED code=1; Nav2 goal accepted; status_seq=3,26,0.3066,975,0,0,0,0.000,0,0.2000,-0.0293,22.365,3.947
69.201,17.1307,0.9379,-0.62021,18.0000,0.0000,1,ACCEPTED code=1; Nav2 goal accepted; status_seq=3,26,0.2997,975,0,0,0,0.000,0,0.2000,-0.0289,22.365,3.947
69.401,17.1792,0.9125,-0.62902,18.0000,0.0000,1,ACCEPTED code=1; Nav2 goal accepted; status_seq=3,26,0.2839,975,0,0,0,0.000,0,0.2000,-0.0314,22.365,3.947
69.600,17.1991,0.9093,-0.62859,18.0000,0.0000,1,ACCEPTED code=1; Nav2 goal accepted; status_seq=3,26,0.2904,991,0,0,0,0.000,0,0.2000,-0.0316,22.365,3.947
69.800,17.2446,0.8821,-0.63241,18.0000,0.0000,1,ACCEPTED code=1; Nav2 goal accepted; status_seq=3,26,0.2865,991,0,0,0,0.000,0,0.2000,-0.0329,22.365,3.947
70.000,17.3104,0.8448,-0.63861,18.0000,0.0000,1,ACCEPTED code=1; Nav2 goal accepted; status_seq=3,26,0.2959,991,0,0,0,0.000,0,0.2000,-0.0329,22.365,3.947
70.200,17.3237,0.8322,-0.63891,18.0000,0.0000,1,ACCEPTED code=1; Nav2 goal accepted; status_seq=3,26,0.3020,991,0,0,0,0.000,0,0.2000,-0.0364,22.365,3.947
70.401,17.3801,0.7852,-0.64083,18.0000,0.0000,1,ACCEPTED code=1; Nav2 goal accepted; status_seq=3,28,0.3199,991,0,0,0,0.000,0,0.2000,-0.0379,22.365,3.947
70.600,17.4272,0.7426,-0.64677,18.0000,0.0000,1,ACCEPTED code=1; Nav2 goal accepted; status_seq=3,28,0.1098,991,0,0,0,0.000,0,0.2000,-0.0304,22.365,3.947
70.801,17.4272,0.7426,-0.64677,18.0000,0.0000,1,ACCEPTED code=1; Nav2 goal accepted; status_seq=3,28,0.0926,980,0,0,0,0.000,0,0.2000,-0.0204,22.365,3.947
71.001,17.5102,0.6632,-0.65514,18.0000,0.0000,1,ACCEPTED code=1; Nav2 goal accepted; status_seq=3,28,0.2137,980,0,0,0,0.000,0,0.2000,-0.0104,18.556,7.756
71.200,17.5287,0.6295,-0.65905,18.0000,0.0000,1,ACCEPTED code=1; Nav2 goal accepted; status_seq=3,28,0.2445,980,0,0,0,0.000,0,0.2000,-0.0004,14.356,11.956
71.400,17.5719,0.5825,-0.66393,18.0000,0.0000,1,ACCEPTED code=1; Nav2 goal accepted; status_seq=3,28,0.3079,980,0,0,0,0.000,0,0.2000,0.0096,11.206,15.106
71.600,17.5783,0.5717,-0.65934,18.0000,0.0000,1,ACCEPTED code=1; Nav2 goal accepted; status_seq=3,28,0.3209,980,0,0,0,0.000,0,0.2000,0.0196,5.956,20.356
71.800,17.6231,0.5094,-0.66528,18.0000,0.0000,1,ACCEPTED code=1; Nav2 goal accepted; status_seq=3,28,0.2867,980,0,0,0,0.000,0,0.2000,0.0296,3.947,22.365
72.000,17.5548,0.5237,-0.67125,18.0000,0.0000,1,ACCEPTED code=1; Nav2 goal accepted; status_seq=3,28,0.3300,952,0,0,0,0.000,0,0.2000,0.0396,3.947,22.365
72.200,17.5387,0.5158,-0.66643,18.0000,0.0000,1,ACCEPTED code=1; Nav2 goal accepted; status_seq=3,28,0.3198,952,0,0,0,0.000,0,0.2000,0.0496,3.947,22.365
72.400,17.5317,0.4830,-0.66600,18.0000,0.0000,1,ACCEPTED code=1; Nav2 goal accepted; status_seq=3,28,0.2796,952,0,0,0,0.000,0,0.2000,0.0596,3.947,22.365
72.600,17.5401,0.4562,-0.66611,18.0000,0.0000,1,ACCEPTED code=1; Nav2 goal accepted; status_seq=3,28,0.2640,952,0,0,0,0.000,0,0.2000,0.0696,3.947,22.365
72.800,17.5401,0.4562,-0.66611,18.0000,0.0000,1,ACCEPTED code=1; Nav2 goal accepted; status_seq=3,28,0.2642,952,0,0,0,0.000,0,0.2000,0.0796,3.947,22.365
73.000,17.5401,0.4562,-0.66611,18.0000,0.0000,1,ACCEPTED code=1; Nav2 goal accepted; status_seq=3,28,0.2642,952,0,0,0,0.000,0,0.2000,0.0896,3.947,22.365
73.200,17.5401,0.4562,-0.66611,18.0000,0.0000,1,ACCEPTED code=1; Nav2 goal accepted; status_seq=3,28,0.2642,952,0,0,0,0.000,0,0.2000,0.0900,3.947,22.365
73.401,17.6130,0.4150,-0.66145,18.0000,0.0000,1,ACCEPTED code=1; Nav2 goal accepted; status_seq=3,28,0.2157,935,0,0,0,0.000,0,0.2000,0.0900,3.947,22.365
73.600,17.6592,0.4077,-0.65863,18.0000,0.0000,1,ACCEPTED code=1; Nav2 goal accepted; status_seq=3,28,0.1904,935,0,0,0,0.000,0,0.2000,0.0900,3.947,22.365
73.800,17.6913,0.4081,-0.65586,18.0000,0.0000,1,ACCEPTED code=1; Nav2 goal accepted; status_seq=3,28,0.1951,935,0,0,0,0.000,0,0.2000,0.0900,3.947,22.365
74.001,17.6892,0.4266,-0.65467,18.0000,0.0000,1,ACCEPTED code=1; Nav2 goal accepted; status_seq=3,28,0.2117,935,0,0,0,0.000,0,0.2000,0.0900,3.947,22.365
74.201,17.7263,0.3718,-0.65407,18.0000,0.0000,1,ACCEPTED code=1; Nav2 goal accepted; status_seq=3,28,0.1695,935,0,0,0,0.000,0,0.2000,0.0900,3.947,22.365
74.401,17.7263,0.3718,-0.65407,18.0000,0.0000,1,ACCEPTED code=1; Nav2 goal accepted; status_seq=3,28,0.1695,909,0,0,0,0.000,0,0.2000,0.0900,3.947,22.365
74.601,17.8646,0.2628,-0.64083,18.0000,0.0000,1,ACCEPTED code=1; Nav2 goal accepted; status_seq=3,28,0.2214,909,0,0,0,0.000,0,0.2000,0.0900,3.947,22.365
74.800,17.8797,0.2570,-0.64137,18.0000,0.0000,1,ACCEPTED code=1; Nav2 goal accepted; status_seq=3,28,0.2353,909,0,0,0,0.000,0,0.2000,0.0900,3.947,22.365
75.000,17.9384,0.2382,-0.63486,18.0000,0.0000,1,ACCEPTED code=1; Nav2 goal accepted; status_seq=3,28,0.2906,909,0,0,0,0.000,0,0.2000,0.0900,3.947,22.365
75.200,17.9384,0.2382,-0.63486,18.0000,0.0000,0,ABORTED code=6; status_seq=4,30,0.0000,909,0,0,0,0.000,0,0.1000,0.0850,0.000,0.000
75.400,18.0050,0.2132,-0.62722,18.0000,0.0000,0,ABORTED code=6; status_seq=4,30,0.0711,909,0,0,0,0.000,0,0.0000,0.0750,0.000,0.000
75.601,18.0416,0.2119,-0.61902,18.0000,0.0000,0,ABORTED code=6; status_seq=4,30,0.1065,897,0,0,0,0.000,0,0.0000,0.0650,0.000,0.000
75.801,18.0440,0.2107,-0.62037,18.0000,0.0000,0,ABORTED code=6; status_seq=4,30,0.1091,897,0,0,0,0.000,0,0.0000,0.0550,0.000,0.000
76.000,18.0981,0.1961,-0.61976,18.0000,0.0000,0,ABORTED code=6; status_seq=4,30,0.1651,897,0,0,0,0.000,0,0.0000,0.0450,0.000,0.000
76.201,18.1373,0.1851,-0.61540,18.0000,0.0000,0,ABORTED code=6; status_seq=4,30,0.2058,897,0,0,0,0.000,0,0.0000,0.0350,0.000,0.000
76.400,18.1623,0.1683,-0.61598,18.0000,0.0000,0,ABORTED code=6; status_seq=4,30,0.2339,897,0,0,0,0.000,0,0.0000,0.0250,0.000,0.000
76.600,18.1791,0.1512,-0.61315,18.0000,0.0000,0,ABORTED code=6; status_seq=4,30,0.2343,838,0,0,0,0.000,0,0.0000,0.0150,0.000,0.000
76.800,18.2073,0.1409,-0.61127,18.0000,0.0000,0,ABORTED code=6; status_seq=4,30,0.2506,838,0,0,0,0.000,0,0.0000,0.0050,0.000,0.000
77.000,18.2478,0.1184,-0.60474,18.0000,0.0000,0,ABORTED code=6; status_seq=4,30,0.2746,838,0,0,0,0.000,0,0.0000,0.0000,0.000,0.000
77.200,18.2731,0.1011,-0.60781,18.0000,0.0000,0,ABORTED code=6; status_seq=4,30,0.2912,838,0,0,0,0.000,0,0.0000,0.0000,0.000,0.000
77.400,18.2759,0.0963,-0.60777,18.0000,0.0000,0,ABORTED code=6; status_seq=4,30,0.2923,838,0,0,0,0.000,0,0.0000,0.0000,0.000,0.000
77.600,18.2908,0.0697,-0.61126,18.0000,0.0000,0,ABORTED code=6; status_seq=4,30,0.2990,838,0,0,0,0.000,0,0.0000,0.0000,0.000,0.000
77.800,18.2908,0.0697,-0.61126,18.0000,0.0000,0,ABORTED code=6; status_seq=4,30,0.2990,838,0,0,0,0.000,0,0.0000,0.0000,0.000,0.000
78.001,18.3146,0.0215,-0.60710,18.0000,0.0000,0,ABORTED code=6; status_seq=4,30,0.2949,791,0,0,0,0.000,0,0.0000,0.0000,0.000,0.000
78.200,18.3093,0.0127,-0.61137,18.0000,0.0000,0,ABORTED code=6; status_seq=4,30,0.3034,791,0,0,0,0.000,0,0.0000,0.0000,0.000,0.000
78.401,18.3014,0.0016,-0.60901,18.0000,0.0000,0,ABORTED code=6; status_seq=4,30,0.3014,791,0,0,0,0.000,0,0.0000,0.0000,0.000,0.000
78.601,18.2926,-0.0015,-0.60659,18.0000,0.0000,0,ABORTED code=6; status_seq=4,30,0.2926,791,0,0,0,0.000,0,0.0000,0.0000,0.000,0.000
78.801,18.2926,-0.0015,-0.60659,18.0000,0.0000,0,ABORTED code=6; status_seq=4,30,0.2926,791,0,0,0,0.000,0,0.0000,0.0000,0.000,0.000
79.000,18.1858,0.0600,-0.60675,18.0000,0.0000,0,ABORTED code=6; status_seq=4,30,0.1952,852,0,0,0,0.000,0,0.0000,0.0000,0.000,0.000
79.200,18.1451,0.0418,-0.61587,18.0000,0.0000,0,ABORTED code=6; status_seq=4,30,0.1510,852,0,0,0,0.000,0,0.0000,0.0000,0.000,0.000
79.401,18.1451,0.0418,-0.61587,18.0000,0.0000,0,ABORTED code=6; status_seq=4,30,0.1510,852,0,0,0,0.000,0,0.0000,0.0000,0.000,0.000
79.600,18.1451,0.0418,-0.61587,18.0000,0.0000,0,ABORTED code=6; status_seq=4,30,0.1510,852,0,0,0,0.000,0,0.0000,0.0000,0.000,0.000
79.801,18.2626,-0.0270,-0.60805,18.0000,0.0000,0,ABORTED code=6; status_seq=4,30,0.2640,852,0,0,0,0.000,0,0.0000,0.0000,0.000,0.000
80.000,18.2751,-0.0330,-0.60274,18.0000,0.0000,0,ABORTED code=6; status_seq=4,30,0.2771,852,0,0,0,0.000,0,0.0000,0.0000,0.000,0.000
80.200,18.2751,-0.0330,-0.60274,18.0000,0.0000,0,ABORTED code=6; status_seq=4,30,0.2771,852,0,0,0,0.000,0,0.0000,0.0000,0.000,0.000
80.400,18.2751,-0.0330,-0.60274,18.0000,0.0000,0,ABORTED code=6; status_seq=4,30,0.2771,878,0,0,0,0.000,0,0.0000,0.0000,0.000,0.000
80.601,18.3143,-0.0506,-0.60670,18.0000,0.0000,0,ABORTED code=6; status_seq=4,30,0.3183,878,0,0,0,0.000,0,0.0000,0.0000,0.000,0.000
80.800,18.3322,-0.0596,-0.60948,18.0000,0.0000,0,ABORTED code=6; status_seq=4,30,0.3224,878,0,0,0,0.000,0,0.0000,0.0000,0.000,0.000
81.001,18.3303,-0.0658,-0.60810,18.0000,0.0000,0,ABORTED code=6; status_seq=4,30,0.3279,878,0,0,0,0.000,0,0.0000,0.0000,0.000,0.000
81.201,18.3378,-0.0681,-0.60685,18.0000,0.0000,0,ABORTED code=6; status_seq=4,30,0.3235,878,0,0,0,0.000,0,0.0000,0.0000,0.000,0.000
81.400,18.3386,-0.0706,-0.60636,18.0000,0.0000,0,ABORTED code=6; status_seq=4,30,0.3246,878,0,0,0,0.000,0,0.0000,0.0000,0.000,0.000
81.600,18.3453,-0.0698,-0.60499,18.0000,0.0000,0,ABORTED code=6; status_seq=4,30,0.3190,878,0,0,0,0.000,0,0.0000,0.0000,0.000,0.000
81.800,18.3799,-0.0835,-0.60716,18.0000,0.0000,0,ABORTED code=6; status_seq=4,30,0.3041,848,0,0,0,0.000,0,0.0000,0.0000,0.000,0.000
82.001,18.3831,-0.0938,-0.60579,18.0000,0.0000,0,ABORTED code=6; status_seq=4,30,0.3097,848,0,0,0,0.000,0,0.0000,0.0000,0.000,0.000
82.200,18.3906,-0.0782,-0.61416,18.0000,0.0000,0,ABORTED code=6; status_seq=4,30,0.2931,848,0,0,0,0.000,0,0.0000,0.0000,0.000,0.000
82.400,18.3906,-0.0782,-0.61416,18.0000,0.0000,0,ABORTED code=6; status_seq=4,30,0.2931,848,0,0,0,0.000,0,0.0000,0.0000,0.000,0.000
82.601,18.4206,-0.1080,-0.60986,18.0000,0.0000,0,ABORTED code=6; status_seq=4,30,0.2987,848,0,0,0,0.000,0,0.0000,0.0000,0.000,0.000
82.801,18.4115,-0.0702,-0.60687,18.0000,0.0000,0,ABORTED code=6; status_seq=4,30,0.2734,848,0,0,0,0.000,0,0.0000,0.0000,0.000,0.000
83.001,18.4115,-0.0702,-0.60687,18.0000,0.0000,0,ABORTED code=6; status_seq=4,30,0.2734,780,0,0,0,0.000,0,0.0000,0.0000,0.000,0.000
83.200,18.4115,-0.0702,-0.60687,18.0000,0.0000,0,ABORTED code=6; status_seq=4,30,0.2734,780,0,0,0,0.000,0,0.0000,0.0000,0.000,0.000
83.401,18.4115,-0.0702,-0.60687,18.0000,0.0000,0,ABORTED code=6; status_seq=4,30,0.2734,780,0,0,0,0.000,0,0.0000,0.0000,0.000,0.000
83.600,18.4032,-0.1057,-0.61017,18.0000,0.0000,0,ABORTED code=6; status_seq=4,30,0.3067,780,0,0,0,0.000,0,0.0000,0.0000,0.000,0.000
83.801,18.3248,-0.0360,-0.60628,18.0000,0.0000,0,ABORTED code=6; status_seq=4,30,0.3143,780,0,0,0,0.000,0,0.0000,0.0000,0.000,0.000
84.000,18.3607,-0.0446,-0.61854,18.0000,0.0000,0,ABORTED code=6; status_seq=4,30,0.2909,780,0,0,0,0.000,0,0.0000,0.0000,0.000,0.000
84.200,18.3607,-0.0446,-0.61854,18.0000,0.0000,0,ABORTED code=6; status_seq=4,30,0.2909,780,0,0,0,0.000,0,0.0000,0.0000,0.000,0.000
84.400,18.3607,-0.0446,-0.61854,18.0000,0.0000,0,ABORTED code=6; status_seq=4,30,0.2909,780,0,0,0,0.000,0,0.0000,0.0000,0.000,0.000
84.600,18.3368,-0.0560,-0.61139,18.0000,0.0000,0,ABORTED code=6; status_seq=4,30,0.3166,840,0,0,0,0.000,0,0.0000,0.0000,0.000,0.000
84.800,18.3968,-0.1108,-0.60861,18.0000,0.0000,0,ABORTED code=6; status_seq=4,30,0.3146,840,0,0,0,0.000,0,0.0000,0.0000,0.000,0.000
85.001,18.3869,-0.0890,-0.60539,18.0000,0.0000,0,ABORTED code=6; status_seq=4,30,0.3036,840,0,0,0,0.000,0,0.0000,0.0000,0.000,0.000
85.201,18.3860,-0.0887,-0.61189,18.0000,0.0000,0,ABORTED code=6; status_seq=4,30,0.3040,840,0,0,0,0.000,0,0.0000,0.0000,0.000,0.000
85.400,18.3833,-0.0876,-0.60955,18.0000,0.0000,0,ABORTED code=6; status_seq=4,30,0.3050,840,0,0,0,0.000,0,0.0000,0.0000,0.000,0.000
85.600,18.3833,-0.0876,-0.60955,18.0000,0.0000,0,ABORTED code=6; status_seq=4,30,0.3050,877,0,0,0,0.000,0,0.0000,0.0000,0.000,0.000
85.800,18.3833,-0.0876,-0.60955,18.0000,0.0000,0,ABORTED code=6; status_seq=4,30,0.3050,877,0,0,0,0.000,0,0.0000,0.0000,0.000,0.000
86.000,18.3833,-0.0876,-0.60955,18.0000,0.0000,0,ABORTED code=6; status_seq=4,30,0.3050,877,0,0,0,0.000,0,0.0000,0.0000,0.000,0.000
86.201,18.3833,-0.0876,-0.60955,18.0000,0.0000,0,ABORTED code=6; status_seq=4,30,0.3050,877,0,0,0,0.000,0,0.0000,0.0000,0.000,0.000
86.401,18.3729,-0.0984,-0.60282,18.0000,0.0000,0,ABORTED code=6; status_seq=4,30,0.3200,877,0,0,0,0.000,0,0.0000,0.0000,0.000,0.000
86.600,18.3729,-0.0984,-0.60282,18.0000,0.0000,0,ABORTED code=6; status_seq=4,30,0.3200,860,0,0,0,0.000,0,0.0000,0.0000,0.000,0.000
86.800,18.3804,-0.1109,-0.62065,18.0000,0.0000,0,ABORTED code=6; status_seq=4,30,0.3247,860,0,0,0,0.000,0,0.0000,0.0000,0.000,0.000
87.001,18.4112,-0.1507,-0.59780,18.0000,0.0000,0,ABORTED code=6; status_seq=4,30,0.3301,860,0,0,0,0.000,0,0.0000,0.0000,0.000,0.000
