wall_time,t,event,detail
2026-09-01T13:53:40+0800,0.000,recorder_started,prefix=/home/jkjkzhang/lidar_project/report3/data/static_plan_20260901_plan07
2026-09-01T13:53:42+0800,2.076,goal_status,IDLE code=0; status_seq=1
2026-09-01T13:53:57+0800,17.291,goal_received,frame=camera_init; x=18.000; y=0.000
2026-09-01T13:53:57+0800,17.293,goal_status,QUEUED code=1; waiting for Nav2 action server; status_seq=2
2026-09-01T13:53:57+0800,17.297,plan_received,id=1; source=/plan; points=29; frame=camera_init; world_frame=camera_init
2026-09-01T13:53:57+0800,17.299,plan_received,id=2; source=/unsmoothed_plan; points=29; frame=camera_init; world_frame=camera_init
2026-09-01T13:53:57+0800,17.300,goal_status,ACCEPTED code=1; Nav2 goal accepted; status_seq=3
2026-09-01T13:53:57+0800,17.315,plan_received,id=3; source=/received_global_plan; points=29; frame=wamv/wamv/base_link; world_frame=camera_init
2026-09-01T13:53:58+0800,17.415,plan_received,id=4; source=/received_global_plan; points=29; frame=wamv/wamv/base_link; world_frame=camera_init
2026-09-01T13:53:58+0800,17.515,plan_received,id=5; source=/received_global_plan; points=29; frame=wamv/wamv/base_link; world_frame=camera_init
2026-09-01T13:53:58+0800,17.615,plan_received,id=6; source=/received_global_plan; points=29; frame=wamv/wamv/base_link; world_frame=camera_init
2026-09-01T13:53:58+0800,17.715,plan_received,id=7; source=/received_global_plan; points=29; frame=wamv/wamv/base_link; world_frame=camera_init
2026-09-01T13:53:58+0800,17.814,plan_received,id=8; source=/received_global_plan; points=29; frame=wamv/wamv/base_link; world_frame=camera_init
2026-09-01T13:53:58+0800,17.915,plan_received,id=9; source=/received_global_plan; points=29; frame=wamv/wamv/base_link; world_frame=camera_init
2026-09-01T13:53:58+0800,18.014,plan_received,id=10; source=/received_global_plan; points=29; frame=wamv/wamv/base_link; world_frame=camera_init
2026-09-01T13:53:58+0800,18.114,plan_received,id=11; source=/received_global_plan; points=29; frame=wamv/wamv/base_link; world_frame=camera_init
2026-09-01T13:53:58+0800,18.216,plan_received,id=12; source=/received_global_plan; points=29; frame=wamv/wamv/base_link; world_frame=camera_init
2026-09-01T13:53:58+0800,18.315,plan_received,id=13; source=/received_global_plan; points=29; frame=wamv/wamv/base_link; world_frame=camera_init
2026-09-01T13:53:59+0800,18.415,plan_received,id=14; source=/received_global_plan; points=29; frame=wamv/wamv/base_link; world_frame=camera_init
2026-09-01T13:53:59+0800,18.515,plan_received,id=15; source=/received_global_plan; points=29; frame=wamv/wamv/base_link; world_frame=camera_init
2026-09-01T13:53:59+0800,18.614,plan_received,id=16; source=/received_global_plan; points=29; frame=wamv/wamv/base_link; world_frame=camera_init
2026-09-01T13:53:59+0800,18.714,plan_received,id=17; source=/received_global_plan; points=29; frame=wamv/wamv/base_link; world_frame=camera_init
2026-09-01T13:53:59+0800,18.820,plan_received,id=18; source=/received_global_plan; points=29; frame=wamv/wamv/base_link; world_frame=camera_init
2026-09-01T13:53:59+0800,18.914,plan_received,id=19; source=/received_global_plan; points=29; frame=wamv/wamv/base_link; world_frame=camera_init
2026-09-01T13:53:59+0800,19.014,plan_received,id=20; source=/received_global_plan; points=29; frame=wamv/wamv/base_link; world_frame=camera_init
2026-09-01T13:53:59+0800,19.114,plan_received,id=21; source=/received_global_plan; points=29; frame=wamv/wamv/base_link; world_frame=camera_init
2026-09-01T13:53:59+0800,19.215,plan_received,id=22; source=/received_global_plan; points=29; frame=wamv/wamv/base_link; world_frame=camera_init
2026-09-01T13:53:59+0800,19.315,plan_received,id=23; source=/received_global_plan; points=29; frame=wamv/wamv/base_link; world_frame=camera_init
2026-09-01T13:54:00+0800,19.414,plan_received,id=24; source=/received_global_plan; points=29; frame=wamv/wamv/base_link; world_frame=camera_init
2026-09-01T13:54:00+0800,19.515,plan_received,id=25; source=/received_global_plan; points=29; frame=wamv/wamv/base_link; world_frame=camera_init
2026-09-01T13:54:00+0800,19.616,plan_received,id=26; source=/received_global_plan; points=29; frame=wamv/wamv/base_link; world_frame=camera_init
2026-09-01T13:54:00+0800,19.715,plan_received,id=27; source=/received_global_plan; points=29; frame=wamv/wamv/base_link; world_frame=camera_init
2026-09-01T13:54:00+0800,19.816,plan_received,id=28; source=/received_global_plan; points=29; frame=wamv/wamv/base_link; world_frame=camera_init
2026-09-01T13:54:00+0800,19.915,plan_received,id=29; source=/received_global_plan; points=29; frame=wamv/wamv/base_link; world_frame=camera_init
2026-09-01T13:54:00+0800,20.015,plan_received,id=30; source=/received_global_plan; points=29; frame=wamv/wamv/base_link; world_frame=camera_init
2026-09-01T13:54:00+0800,20.115,plan_received,id=31; source=/received_global_plan; points=29; frame=wamv/wamv/base_link; world_frame=camera_init
2026-09-01T13:54:00+0800,20.215,plan_received,id=32; source=/received_global_plan; points=29; frame=wamv/wamv/base_link; world_frame=camera_init
2026-09-01T13:54:00+0800,20.314,plan_received,id=33; source=/received_global_plan; points=29; frame=wamv/wamv/base_link; world_frame=camera_init
2026-09-01T13:54:01+0800,20.414,plan_received,id=34; source=/received_global_plan; points=29; frame=wamv/wamv/base_link; world_frame=camera_init
2026-09-01T13:54:01+0800,20.514,plan_received,id=35; source=/received_global_plan; points=29; frame=wamv/wamv/base_link; world_frame=camera_init
2026-09-01T13:54:01+0800,20.614,plan_received,id=36; source=/received_global_plan; points=29; frame=wamv/wamv/base_link; world_frame=camera_init
2026-09-01T13:54:01+0800,20.714,plan_received,id=37; source=/received_global_plan; points=29; frame=wamv/wamv/base_link; world_frame=camera_init
2026-09-01T13:54:01+0800,20.815,plan_received,id=38; source=/received_global_plan; points=29; frame=wamv/wamv/base_link; world_frame=camera_init
2026-09-01T13:54:01+0800,20.915,plan_received,id=39; source=/received_global_plan; points=29; frame=wamv/wamv/base_link; world_frame=camera_init
2026-09-01T13:54:01+0800,21.017,plan_received,id=40; source=/received_global_plan; points=29; frame=wamv/wamv/base_link; world_frame=camera_init
2026-09-01T13:54:01+0800,21.116,plan_received,id=41; source=/received_global_plan; points=29; frame=wamv/wamv/base_link; world_frame=camera_init
2026-09-01T13:54:01+0800,21.215,plan_received,id=42; source=/received_global_plan; points=29; frame=wamv/wamv/base_link; world_frame=camera_init
2026-09-01T13:54:01+0800,21.314,plan_received,id=43; source=/received_global_plan; points=29; frame=wamv/wamv/base_link; world_frame=camera_init
2026-09-01T13:54:01+0800,21.326,plan_received,id=44; source=/plan; points=29; frame=camera_init; world_frame=camera_init
2026-09-01T13:54:01+0800,21.327,plan_received,id=45; source=/unsmoothed_plan; points=29; frame=camera_init; world_frame=camera_init
2026-09-01T13:54:02+0800,21.415,plan_received,id=46; source=/received_global_plan; points=29; frame=wamv/wamv/base_link; world_frame=camera_init
2026-09-01T13:54:02+0800,21.514,plan_received,id=47; source=/received_global_plan; points=29; frame=wamv/wamv/base_link; world_frame=camera_init
2026-09-01T13:54:02+0800,21.615,plan_received,id=48; source=/received_global_plan; points=29; frame=wamv/wamv/base_link; world_frame=camera_init
2026-09-01T13:54:02+0800,21.714,plan_received,id=49; source=/received_global_plan; points=29; frame=wamv/wamv/base_link; world_frame=camera_init
2026-09-01T13:54:02+0800,21.814,plan_received,id=50; source=/received_global_plan; points=29; frame=wamv/wamv/base_link; world_frame=camera_init
2026-09-01T13:54:02+0800,21.915,plan_received,id=51; source=/received_global_plan; points=29; frame=wamv/wamv/base_link; world_frame=camera_init
2026-09-01T13:54:02+0800,22.015,plan_received,id=52; source=/received_global_plan; points=29; frame=wamv/wamv/base_link; world_frame=camera_init
2026-09-01T13:54:02+0800,22.115,plan_received,id=53; source=/received_global_plan; points=29; frame=wamv/wamv/base_link; world_frame=camera_init
2026-09-01T13:54:02+0800,22.215,plan_received,id=54; source=/received_global_plan; points=29; frame=wamv/wamv/base_link; world_frame=camera_init
2026-09-01T13:54:02+0800,22.315,plan_received,id=55; source=/received_global_plan; points=29; frame=wamv/wamv/base_link; world_frame=camera_init
2026-09-01T13:54:03+0800,22.415,plan_received,id=56; source=/received_global_plan; points=29; frame=wamv/wamv/base_link; world_frame=camera_init
2026-09-01T13:54:03+0800,22.514,plan_received,id=57; source=/received_global_plan; points=29; frame=wamv/wamv/base_link; world_frame=camera_init
2026-09-01T13:54:03+0800,22.615,plan_received,id=58; source=/received_global_plan; points=29; frame=wamv/wamv/base_link; world_frame=camera_init
2026-09-01T13:54:03+0800,22.714,plan_received,id=59; source=/received_global_plan; points=29; frame=wamv/wamv/base_link; world_frame=camera_init
2026-09-01T13:54:03+0800,22.814,plan_received,id=60; source=/received_global_plan; points=29; frame=wamv/wamv/base_link; world_frame=camera_init
2026-09-01T13:54:03+0800,22.914,plan_received,id=61; source=/received_global_plan; points=29; frame=wamv/wamv/base_link; world_frame=camera_init
2026-09-01T13:54:03+0800,23.014,plan_received,id=62; source=/received_global_plan; points=29; frame=wamv/wamv/base_link; world_frame=camera_init
2026-09-01T13:54:03+0800,23.115,plan_received,id=63; source=/received_global_plan; points=29; frame=wamv/wamv/base_link; world_frame=camera_init
2026-09-01T13:54:03+0800,23.214,plan_received,id=64; source=/received_global_plan; points=29; frame=wamv/wamv/base_link; world_frame=camera_init
2026-09-01T13:54:03+0800,23.315,plan_received,id=65; source=/received_global_plan; points=29; frame=wamv/wamv/base_link; world_frame=camera_init
2026-09-01T13:54:04+0800,23.414,plan_received,id=66; source=/received_global_plan; points=29; frame=wamv/wamv/base_link; world_frame=camera_init
2026-09-01T13:54:04+0800,23.514,plan_received,id=67; source=/received_global_plan; points=29; frame=wamv/wamv/base_link; world_frame=camera_init
2026-09-01T13:54:04+0800,23.614,plan_received,id=68; source=/received_global_plan; points=29; frame=wamv/wamv/base_link; world_frame=camera_init
2026-09-01T13:54:04+0800,23.714,plan_received,id=69; source=/received_global_plan; points=29; frame=wamv/wamv/base_link; world_frame=camera_init
2026-09-01T13:54:04+0800,23.833,plan_received,id=70; source=/received_global_plan; points=29; frame=wamv/wamv/base_link; world_frame=camera_init
2026-09-01T13:54:04+0800,23.916,plan_received,id=71; source=/received_global_plan; points=29; frame=wamv/wamv/base_link; world_frame=camera_init
2026-09-01T13:54:04+0800,24.018,plan_received,id=72; source=/received_global_plan; points=29; frame=wamv/wamv/base_link; world_frame=camera_init
2026-09-01T13:54:04+0800,24.115,plan_received,id=73; source=/received_global_plan; points=29; frame=wamv/wamv/base_link; world_frame=camera_init
2026-09-01T13:54:04+0800,24.214,plan_received,id=74; source=/received_global_plan; points=29; frame=wamv/wamv/base_link; world_frame=camera_init
2026-09-01T13:54:04+0800,24.314,plan_received,id=75; source=/received_global_plan; points=28; frame=wamv/wamv/base_link; world_frame=camera_init
2026-09-01T13:54:05+0800,24.415,plan_received,id=76; source=/received_global_plan; points=28; frame=wamv/wamv/base_link; world_frame=camera_init
2026-09-01T13:54:05+0800,24.514,plan_received,id=77; source=/received_global_plan; points=28; frame=wamv/wamv/base_link; world_frame=camera_init
2026-09-01T13:54:05+0800,24.614,plan_received,id=78; source=/received_global_plan; points=28; frame=wamv/wamv/base_link; world_frame=camera_init
2026-09-01T13:54:05+0800,24.715,plan_received,id=79; source=/received_global_plan; points=28; frame=wamv/wamv/base_link; world_frame=camera_init
2026-09-01T13:54:05+0800,24.814,plan_received,id=80; source=/received_global_plan; points=28; frame=wamv/wamv/base_link; world_frame=camera_init
2026-09-01T13:54:05+0800,24.915,plan_received,id=81; source=/received_global_plan; points=28; frame=wamv/wamv/base_link; world_frame=camera_init
2026-09-01T13:54:05+0800,25.015,plan_received,id=82; source=/received_global_plan; points=28; frame=wamv/wamv/base_link; world_frame=camera_init
2026-09-01T13:54:05+0800,25.114,plan_received,id=83; source=/received_global_plan; points=28; frame=wamv/wamv/base_link; world_frame=camera_init
2026-09-01T13:54:05+0800,25.215,plan_received,id=84; source=/received_global_plan; points=28; frame=wamv/wamv/base_link; world_frame=camera_init
2026-09-01T13:54:05+0800,25.314,plan_received,id=85; source=/received_global_plan; points=28; frame=wamv/wamv/base_link; world_frame=camera_init
2026-09-01T13:54:06+0800,25.355,plan_received,id=86; source=/unsmoothed_plan; points=26; frame=camera_init; world_frame=camera_init
2026-09-01T13:54:06+0800,25.357,plan_received,id=87; source=/plan; points=26; frame=camera_init; world_frame=camera_init
2026-09-01T13:54:06+0800,25.415,plan_received,id=88; source=/received_global_plan; points=26; frame=wamv/wamv/base_link; world_frame=camera_init
2026-09-01T13:54:06+0800,25.514,plan_received,id=89; source=/received_global_plan; points=26; frame=wamv/wamv/base_link; world_frame=camera_init
2026-09-01T13:54:06+0800,25.614,plan_received,id=90; source=/received_global_plan; points=26; frame=wamv/wamv/base_link; world_frame=camera_init
2026-09-01T13:54:06+0800,25.714,plan_received,id=91; source=/received_global_plan; points=26; frame=wamv/wamv/base_link; world_frame=camera_init
2026-09-01T13:54:06+0800,25.815,plan_received,id=92; source=/received_global_plan; points=26; frame=wamv/wamv/base_link; world_frame=camera_init
2026-09-01T13:54:06+0800,25.915,plan_received,id=93; source=/received_global_plan; points=26; frame=wamv/wamv/base_link; world_frame=camera_init
2026-09-01T13:54:06+0800,26.014,plan_received,id=94; source=/received_global_plan; points=26; frame=wamv/wamv/base_link; world_frame=camera_init
2026-09-01T13:54:06+0800,26.114,plan_received,id=95; source=/received_global_plan; points=26; frame=wamv/wamv/base_link; world_frame=camera_init
2026-09-01T13:54:06+0800,26.215,plan_received,id=96; source=/received_global_plan; points=26; frame=wamv/wamv/base_link; world_frame=camera_init
2026-09-01T13:54:06+0800,26.314,plan_received,id=97; source=/received_global_plan; points=26; frame=wamv/wamv/base_link; world_frame=camera_init
2026-09-01T13:54:07+0800,26.414,plan_received,id=98; source=/received_global_plan; points=26; frame=wamv/wamv/base_link; world_frame=camera_init
2026-09-01T13:54:07+0800,26.514,plan_received,id=99; source=/received_global_plan; points=26; frame=wamv/wamv/base_link; world_frame=camera_init
2026-09-01T13:54:07+0800,26.614,plan_received,id=100; source=/received_global_plan; points=26; frame=wamv/wamv/base_link; world_frame=camera_init
2026-09-01T13:54:07+0800,26.714,plan_received,id=101; source=/received_global_plan; points=26; frame=wamv/wamv/base_link; world_frame=camera_init
2026-09-01T13:54:07+0800,26.814,plan_received,id=102; source=/received_global_plan; points=26; frame=wamv/wamv/base_link; world_frame=camera_init
2026-09-01T13:54:07+0800,26.914,plan_received,id=103; source=/received_global_plan; points=26; frame=wamv/wamv/base_link; world_frame=camera_init
2026-09-01T13:54:07+0800,27.014,plan_received,id=104; source=/received_global_plan; points=26; frame=wamv/wamv/base_link; world_frame=camera_init
2026-09-01T13:54:07+0800,27.116,plan_received,id=105; source=/received_global_plan; points=26; frame=wamv/wamv/base_link; world_frame=camera_init
2026-09-01T13:54:07+0800,27.214,plan_received,id=106; source=/received_global_plan; points=26; frame=wamv/wamv/base_link; world_frame=camera_init
2026-09-01T13:54:07+0800,27.314,plan_received,id=107; source=/received_global_plan; points=26; frame=wamv/wamv/base_link; world_frame=camera_init
2026-09-01T13:54:08+0800,27.414,plan_received,id=108; source=/received_global_plan; points=26; frame=wamv/wamv/base_link; world_frame=camera_init
2026-09-01T13:54:08+0800,27.514,plan_received,id=109; source=/received_global_plan; points=26; frame=wamv/wamv/base_link; world_frame=camera_init
2026-09-01T13:54:08+0800,27.615,plan_received,id=110; source=/received_global_plan; points=26; frame=wamv/wamv/base_link; world_frame=camera_init
2026-09-01T13:54:08+0800,27.715,plan_received,id=111; source=/received_global_plan; points=26; frame=wamv/wamv/base_link; world_frame=camera_init
2026-09-01T13:54:08+0800,27.815,plan_received,id=112; source=/received_global_plan; points=26; frame=wamv/wamv/base_link; world_frame=camera_init
2026-09-01T13:54:08+0800,27.915,plan_received,id=113; source=/received_global_plan; points=26; frame=wamv/wamv/base_link; world_frame=camera_init
2026-09-01T13:54:08+0800,28.014,plan_received,id=114; source=/received_global_plan; points=26; frame=wamv/wamv/base_link; world_frame=camera_init
2026-09-01T13:54:08+0800,28.115,plan_received,id=115; source=/received_global_plan; points=26; frame=wamv/wamv/base_link; world_frame=camera_init
2026-09-01T13:54:08+0800,28.216,plan_received,id=116; source=/received_global_plan; points=26; frame=wamv/wamv/base_link; world_frame=camera_init
2026-09-01T13:54:08+0800,28.314,plan_received,id=117; source=/received_global_plan; points=26; frame=wamv/wamv/base_link; world_frame=camera_init
2026-09-01T13:54:09+0800,28.415,plan_received,id=118; source=/received_global_plan; points=26; frame=wamv/wamv/base_link; world_frame=camera_init
2026-09-01T13:54:09+0800,28.515,plan_received,id=119; source=/received_global_plan; points=26; frame=wamv/wamv/base_link; world_frame=camera_init
2026-09-01T13:54:09+0800,28.614,plan_received,id=120; source=/received_global_plan; points=26; frame=wamv/wamv/base_link; world_frame=camera_init
2026-09-01T13:54:09+0800,28.714,plan_received,id=121; source=/received_global_plan; points=26; frame=wamv/wamv/base_link; world_frame=camera_init
2026-09-01T13:54:09+0800,28.833,plan_received,id=122; source=/received_global_plan; points=25; frame=wamv/wamv/base_link; world_frame=camera_init
2026-09-01T13:54:09+0800,28.915,plan_received,id=123; source=/received_global_plan; points=25; frame=wamv/wamv/base_link; world_frame=camera_init
2026-09-01T13:54:09+0800,29.014,plan_received,id=124; source=/received_global_plan; points=25; frame=wamv/wamv/base_link; world_frame=camera_init
2026-09-01T13:54:09+0800,29.114,plan_received,id=125; source=/received_global_plan; points=25; frame=wamv/wamv/base_link; world_frame=camera_init
2026-09-01T13:54:09+0800,29.214,plan_received,id=126; source=/received_global_plan; points=25; frame=wamv/wamv/base_link; world_frame=camera_init
2026-09-01T13:54:09+0800,29.314,plan_received,id=127; source=/received_global_plan; points=25; frame=wamv/wamv/base_link; world_frame=camera_init
2026-09-01T13:54:10+0800,29.375,plan_received,id=128; source=/unsmoothed_plan; points=25; frame=camera_init; world_frame=camera_init
2026-09-01T13:54:10+0800,29.376,plan_received,id=129; source=/plan; points=25; frame=camera_init; world_frame=camera_init
2026-09-01T13:54:10+0800,29.415,plan_received,id=130; source=/received_global_plan; points=25; frame=wamv/wamv/base_link; world_frame=camera_init
2026-09-01T13:54:10+0800,29.515,plan_received,id=131; source=/received_global_plan; points=25; frame=wamv/wamv/base_link; world_frame=camera_init
2026-09-01T13:54:10+0800,29.614,plan_received,id=132; source=/received_global_plan; points=25; frame=wamv/wamv/base_link; world_frame=camera_init
2026-09-01T13:54:10+0800,29.714,plan_received,id=133; source=/received_global_plan; points=25; frame=wamv/wamv/base_link; world_frame=camera_init
2026-09-01T13:54:10+0800,29.815,plan_received,id=134; source=/received_global_plan; points=25; frame=wamv/wamv/base_link; world_frame=camera_init
2026-09-01T13:54:10+0800,29.915,plan_received,id=135; source=/received_global_plan; points=25; frame=wamv/wamv/base_link; world_frame=camera_init
2026-09-01T13:54:10+0800,30.015,plan_received,id=136; source=/received_global_plan; points=25; frame=wamv/wamv/base_link; world_frame=camera_init
2026-09-01T13:54:10+0800,30.114,plan_received,id=137; source=/received_global_plan; points=25; frame=wamv/wamv/base_link; world_frame=camera_init
2026-09-01T13:54:10+0800,30.214,plan_received,id=138; source=/received_global_plan; points=25; frame=wamv/wamv/base_link; world_frame=camera_init
2026-09-01T13:54:10+0800,30.314,plan_received,id=139; source=/received_global_plan; points=25; frame=wamv/wamv/base_link; world_frame=camera_init
2026-09-01T13:54:11+0800,30.414,plan_received,id=140; source=/received_global_plan; points=25; frame=wamv/wamv/base_link; world_frame=camera_init
2026-09-01T13:54:11+0800,30.514,plan_received,id=141; source=/received_global_plan; points=25; frame=wamv/wamv/base_link; world_frame=camera_init
2026-09-01T13:54:11+0800,30.614,plan_received,id=142; source=/received_global_plan; points=25; frame=wamv/wamv/base_link; world_frame=camera_init
2026-09-01T13:54:11+0800,30.714,plan_received,id=143; source=/received_global_plan; points=25; frame=wamv/wamv/base_link; world_frame=camera_init
2026-09-01T13:54:11+0800,30.814,plan_received,id=144; source=/received_global_plan; points=25; frame=wamv/wamv/base_link; world_frame=camera_init
2026-09-01T13:54:11+0800,30.915,plan_received,id=145; source=/received_global_plan; points=25; frame=wamv/wamv/base_link; world_frame=camera_init
2026-09-01T13:54:11+0800,31.015,plan_received,id=146; source=/received_global_plan; points=25; frame=wamv/wamv/base_link; world_frame=camera_init
2026-09-01T13:54:11+0800,31.116,plan_received,id=147; source=/received_global_plan; points=25; frame=wamv/wamv/base_link; world_frame=camera_init
2026-09-01T13:54:11+0800,31.215,plan_received,id=148; source=/received_global_plan; points=25; frame=wamv/wamv/base_link; world_frame=camera_init
2026-09-01T13:54:11+0800,31.315,plan_received,id=149; source=/received_global_plan; points=25; frame=wamv/wamv/base_link; world_frame=camera_init
2026-09-01T13:54:12+0800,31.415,plan_received,id=150; source=/received_global_plan; points=25; frame=wamv/wamv/base_link; world_frame=camera_init
2026-09-01T13:54:12+0800,31.514,plan_received,id=151; source=/received_global_plan; points=25; frame=wamv/wamv/base_link; world_frame=camera_init
2026-09-01T13:54:12+0800,31.615,plan_received,id=152; source=/received_global_plan; points=25; frame=wamv/wamv/base_link; world_frame=camera_init
2026-09-01T13:54:12+0800,31.714,plan_received,id=153; source=/received_global_plan; points=25; frame=wamv/wamv/base_link; world_frame=camera_init
2026-09-01T13:54:12+0800,31.814,plan_received,id=154; source=/received_global_plan; points=25; frame=wamv/wamv/base_link; world_frame=camera_init
2026-09-01T13:54:12+0800,31.914,plan_received,id=155; source=/received_global_plan; points=25; frame=wamv/wamv/base_link; world_frame=camera_init
2026-09-01T13:54:12+0800,32.014,plan_received,id=156; source=/received_global_plan; points=25; frame=wamv/wamv/base_link; world_frame=camera_init
2026-09-01T13:54:12+0800,32.115,plan_received,id=157; source=/received_global_plan; points=25; frame=wamv/wamv/base_link; world_frame=camera_init
2026-09-01T13:54:12+0800,32.214,plan_received,id=158; source=/received_global_plan; points=25; frame=wamv/wamv/base_link; world_frame=camera_init
2026-09-01T13:54:12+0800,32.314,plan_received,id=159; source=/received_global_plan; points=25; frame=wamv/wamv/base_link; world_frame=camera_init
2026-09-01T13:54:13+0800,32.414,plan_received,id=160; source=/received_global_plan; points=25; frame=wamv/wamv/base_link; world_frame=camera_init
2026-09-01T13:54:13+0800,32.514,plan_received,id=161; source=/received_global_plan; points=25; frame=wamv/wamv/base_link; world_frame=camera_init
2026-09-01T13:54:13+0800,32.614,plan_received,id=162; source=/received_global_plan; points=25; frame=wamv/wamv/base_link; world_frame=camera_init
2026-09-01T13:54:13+0800,32.715,plan_received,id=163; source=/received_global_plan; points=24; frame=wamv/wamv/base_link; world_frame=camera_init
2026-09-01T13:54:13+0800,32.814,plan_received,id=164; source=/received_global_plan; points=24; frame=wamv/wamv/base_link; world_frame=camera_init
2026-09-01T13:54:13+0800,32.915,plan_received,id=165; source=/received_global_plan; points=24; frame=wamv/wamv/base_link; world_frame=camera_init
2026-09-01T13:54:13+0800,33.014,plan_received,id=166; source=/received_global_plan; points=24; frame=wamv/wamv/base_link; world_frame=camera_init
2026-09-01T13:54:13+0800,33.114,plan_received,id=167; source=/received_global_plan; points=24; frame=wamv/wamv/base_link; world_frame=camera_init
2026-09-01T13:54:13+0800,33.215,plan_received,id=168; source=/received_global_plan; points=24; frame=wamv/wamv/base_link; world_frame=camera_init
2026-09-01T13:54:13+0800,33.315,plan_received,id=169; source=/received_global_plan; points=24; frame=wamv/wamv/base_link; world_frame=camera_init
2026-09-01T13:54:14+0800,33.415,plan_received,id=170; source=/received_global_plan; points=24; frame=wamv/wamv/base_link; world_frame=camera_init
2026-09-01T13:54:14+0800,33.813,plan_received,id=171; source=/received_global_plan; points=25; frame=wamv/wamv/base_link; world_frame=camera_init
2026-09-01T13:54:14+0800,33.915,plan_received,id=172; source=/received_global_plan; points=25; frame=wamv/wamv/base_link; world_frame=camera_init
2026-09-01T13:54:14+0800,34.014,plan_received,id=173; source=/received_global_plan; points=25; frame=wamv/wamv/base_link; world_frame=camera_init
2026-09-01T13:54:14+0800,34.114,plan_received,id=174; source=/received_global_plan; points=25; frame=wamv/wamv/base_link; world_frame=camera_init
2026-09-01T13:54:14+0800,34.214,plan_received,id=175; source=/received_global_plan; points=25; frame=wamv/wamv/base_link; world_frame=camera_init
2026-09-01T13:54:14+0800,34.314,plan_received,id=176; source=/received_global_plan; points=25; frame=wamv/wamv/base_link; world_frame=camera_init
2026-09-01T13:54:15+0800,34.415,plan_received,id=177; source=/received_global_plan; points=25; frame=wamv/wamv/base_link; world_frame=camera_init
2026-09-01T13:54:15+0800,34.514,plan_received,id=178; source=/received_global_plan; points=25; frame=wamv/wamv/base_link; world_frame=camera_init
2026-09-01T13:54:15+0800,34.614,plan_received,id=179; source=/received_global_plan; points=25; frame=wamv/wamv/base_link; world_frame=camera_init
2026-09-01T13:54:15+0800,34.713,plan_received,id=180; source=/received_global_plan; points=25; frame=wamv/wamv/base_link; world_frame=camera_init
2026-09-01T13:54:15+0800,34.814,plan_received,id=181; source=/received_global_plan; points=25; frame=wamv/wamv/base_link; world_frame=camera_init
2026-09-01T13:54:15+0800,34.913,plan_received,id=182; source=/received_global_plan; points=25; frame=wamv/wamv/base_link; world_frame=camera_init
2026-09-01T13:54:15+0800,35.014,plan_received,id=183; source=/received_global_plan; points=25; frame=wamv/wamv/base_link; world_frame=camera_init
2026-09-01T13:54:15+0800,35.114,plan_received,id=184; source=/received_global_plan; points=24; frame=wamv/wamv/base_link; world_frame=camera_init
2026-09-01T13:54:15+0800,35.215,plan_received,id=185; source=/received_global_plan; points=24; frame=wamv/wamv/base_link; world_frame=camera_init
2026-09-01T13:54:15+0800,35.315,plan_received,id=186; source=/received_global_plan; points=24; frame=wamv/wamv/base_link; world_frame=camera_init
2026-09-01T13:54:16+0800,35.414,plan_received,id=187; source=/received_global_plan; points=24; frame=wamv/wamv/base_link; world_frame=camera_init
2026-09-01T13:54:16+0800,35.515,plan_received,id=188; source=/received_global_plan; points=24; frame=wamv/wamv/base_link; world_frame=camera_init
2026-09-01T13:54:16+0800,35.615,plan_received,id=189; source=/received_global_plan; points=24; frame=wamv/wamv/base_link; world_frame=camera_init
2026-09-01T13:54:16+0800,35.715,plan_received,id=190; source=/received_global_plan; points=24; frame=wamv/wamv/base_link; world_frame=camera_init
2026-09-01T13:54:16+0800,35.815,plan_received,id=191; source=/received_global_plan; points=24; frame=wamv/wamv/base_link; world_frame=camera_init
2026-09-01T13:54:16+0800,35.915,plan_received,id=192; source=/received_global_plan; points=24; frame=wamv/wamv/base_link; world_frame=camera_init
2026-09-01T13:54:16+0800,36.014,plan_received,id=193; source=/received_global_plan; points=24; frame=wamv/wamv/base_link; world_frame=camera_init
2026-09-01T13:54:16+0800,36.114,plan_received,id=194; source=/received_global_plan; points=24; frame=wamv/wamv/base_link; world_frame=camera_init
2026-09-01T13:54:16+0800,36.214,plan_received,id=195; source=/received_global_plan; points=24; frame=wamv/wamv/base_link; world_frame=camera_init
2026-09-01T13:54:16+0800,36.314,plan_received,id=196; source=/received_global_plan; points=24; frame=wamv/wamv/base_link; world_frame=camera_init
2026-09-01T13:54:17+0800,36.414,plan_received,id=197; source=/received_global_plan; points=24; frame=wamv/wamv/base_link; world_frame=camera_init
2026-09-01T13:54:17+0800,36.514,plan_received,id=198; source=/received_global_plan; points=24; frame=wamv/wamv/base_link; world_frame=camera_init
2026-09-01T13:54:17+0800,36.555,plan_received,id=199; source=/unsmoothed_plan; points=25; frame=camera_init; world_frame=camera_init
2026-09-01T13:54:17+0800,36.556,plan_received,id=200; source=/plan; points=25; frame=camera_init; world_frame=camera_init
2026-09-01T13:54:17+0800,36.614,plan_received,id=201; source=/received_global_plan; points=24; frame=wamv/wamv/base_link; world_frame=camera_init
2026-09-01T13:54:17+0800,36.714,plan_received,id=202; source=/received_global_plan; points=24; frame=wamv/wamv/base_link; world_frame=camera_init
2026-09-01T13:54:17+0800,36.814,plan_received,id=203; source=/received_global_plan; points=24; frame=wamv/wamv/base_link; world_frame=camera_init
2026-09-01T13:54:17+0800,36.914,plan_received,id=204; source=/received_global_plan; points=24; frame=wamv/wamv/base_link; world_frame=camera_init
2026-09-01T13:54:17+0800,37.014,plan_received,id=205; source=/received_global_plan; points=24; frame=wamv/wamv/base_link; world_frame=camera_init
2026-09-01T13:54:17+0800,37.114,plan_received,id=206; source=/received_global_plan; points=24; frame=wamv/wamv/base_link; world_frame=camera_init
2026-09-01T13:54:17+0800,37.215,plan_received,id=207; source=/received_global_plan; points=24; frame=wamv/wamv/base_link; world_frame=camera_init
2026-09-01T13:54:17+0800,37.315,plan_received,id=208; source=/received_global_plan; points=24; frame=wamv/wamv/base_link; world_frame=camera_init
2026-09-01T13:54:18+0800,37.415,plan_received,id=209; source=/received_global_plan; points=24; frame=wamv/wamv/base_link; world_frame=camera_init
2026-09-01T13:54:18+0800,37.514,plan_received,id=210; source=/received_global_plan; points=24; frame=wamv/wamv/base_link; world_frame=camera_init
2026-09-01T13:54:18+0800,37.555,plan_received,id=211; source=/unsmoothed_plan; points=24; frame=camera_init; world_frame=camera_init
2026-09-01T13:54:18+0800,37.556,plan_received,id=212; source=/plan; points=24; frame=camera_init; world_frame=camera_init
2026-09-01T13:54:18+0800,37.614,plan_received,id=213; source=/received_global_plan; points=24; frame=wamv/wamv/base_link; world_frame=camera_init
2026-09-01T13:54:18+0800,37.715,plan_received,id=214; source=/received_global_plan; points=24; frame=wamv/wamv/base_link; world_frame=camera_init
2026-09-01T13:54:18+0800,37.815,plan_received,id=215; source=/received_global_plan; points=24; frame=wamv/wamv/base_link; world_frame=camera_init
2026-09-01T13:54:18+0800,37.914,plan_received,id=216; source=/received_global_plan; points=24; frame=wamv/wamv/base_link; world_frame=camera_init
2026-09-01T13:54:18+0800,38.015,plan_received,id=217; source=/received_global_plan; points=24; frame=wamv/wamv/base_link; world_frame=camera_init
2026-09-01T13:54:18+0800,38.114,plan_received,id=218; source=/received_global_plan; points=24; frame=wamv/wamv/base_link; world_frame=camera_init
2026-09-01T13:54:18+0800,38.214,plan_received,id=219; source=/received_global_plan; points=24; frame=wamv/wamv/base_link; world_frame=camera_init
2026-09-01T13:54:18+0800,38.315,plan_received,id=220; source=/received_global_plan; points=24; frame=wamv/wamv/base_link; world_frame=camera_init
2026-09-01T13:54:19+0800,38.414,plan_received,id=221; source=/received_global_plan; points=24; frame=wamv/wamv/base_link; world_frame=camera_init
2026-09-01T13:54:19+0800,38.514,plan_received,id=222; source=/received_global_plan; points=24; frame=wamv/wamv/base_link; world_frame=camera_init
2026-09-01T13:54:19+0800,38.615,plan_received,id=223; source=/received_global_plan; points=24; frame=wamv/wamv/base_link; world_frame=camera_init
2026-09-01T13:54:19+0800,38.714,plan_received,id=224; source=/received_global_plan; points=24; frame=wamv/wamv/base_link; world_frame=camera_init
2026-09-01T13:54:19+0800,38.814,plan_received,id=225; source=/received_global_plan; points=24; frame=wamv/wamv/base_link; world_frame=camera_init
2026-09-01T13:54:19+0800,38.914,plan_received,id=226; source=/received_global_plan; points=24; frame=wamv/wamv/base_link; world_frame=camera_init
2026-09-01T13:54:19+0800,39.014,plan_received,id=227; source=/received_global_plan; points=24; frame=wamv/wamv/base_link; world_frame=camera_init
2026-09-01T13:54:19+0800,39.114,plan_received,id=228; source=/received_global_plan; points=24; frame=wamv/wamv/base_link; world_frame=camera_init
2026-09-01T13:54:19+0800,39.214,plan_received,id=229; source=/received_global_plan; points=24; frame=wamv/wamv/base_link; world_frame=camera_init
2026-09-01T13:54:19+0800,39.314,plan_received,id=230; source=/received_global_plan; points=24; frame=wamv/wamv/base_link; world_frame=camera_init
2026-09-01T13:54:20+0800,39.415,plan_received,id=231; source=/received_global_plan; points=24; frame=wamv/wamv/base_link; world_frame=camera_init
2026-09-01T13:54:20+0800,39.515,plan_received,id=232; source=/received_global_plan; points=24; frame=wamv/wamv/base_link; world_frame=camera_init
2026-09-01T13:54:20+0800,39.614,plan_received,id=233; source=/received_global_plan; points=24; frame=wamv/wamv/base_link; world_frame=camera_init
2026-09-01T13:54:20+0800,39.715,plan_received,id=234; source=/received_global_plan; points=24; frame=wamv/wamv/base_link; world_frame=camera_init
2026-09-01T13:54:20+0800,39.814,plan_received,id=235; source=/received_global_plan; points=24; frame=wamv/wamv/base_link; world_frame=camera_init
2026-09-01T13:54:20+0800,39.915,plan_received,id=236; source=/received_global_plan; points=24; frame=wamv/wamv/base_link; world_frame=camera_init
2026-09-01T13:54:20+0800,40.015,plan_received,id=237; source=/received_global_plan; points=23; frame=wamv/wamv/base_link; world_frame=camera_init
2026-09-01T13:54:20+0800,40.114,plan_received,id=238; source=/received_global_plan; points=23; frame=wamv/wamv/base_link; world_frame=camera_init
2026-09-01T13:54:20+0800,40.214,plan_received,id=239; source=/received_global_plan; points=23; frame=wamv/wamv/base_link; world_frame=camera_init
2026-09-01T13:54:20+0800,40.314,plan_received,id=240; source=/received_global_plan; points=23; frame=wamv/wamv/base_link; world_frame=camera_init
2026-09-01T13:54:21+0800,40.414,plan_received,id=241; source=/received_global_plan; points=23; frame=wamv/wamv/base_link; world_frame=camera_init
2026-09-01T13:54:21+0800,40.514,plan_received,id=242; source=/received_global_plan; points=23; frame=wamv/wamv/base_link; world_frame=camera_init
2026-09-01T13:54:21+0800,40.614,plan_received,id=243; source=/received_global_plan; points=23; frame=wamv/wamv/base_link; world_frame=camera_init
2026-09-01T13:54:21+0800,40.714,plan_received,id=244; source=/received_global_plan; points=23; frame=wamv/wamv/base_link; world_frame=camera_init
2026-09-01T13:54:21+0800,40.814,plan_received,id=245; source=/received_global_plan; points=23; frame=wamv/wamv/base_link; world_frame=camera_init
2026-09-01T13:54:21+0800,40.914,plan_received,id=246; source=/received_global_plan; points=23; frame=wamv/wamv/base_link; world_frame=camera_init
2026-09-01T13:54:21+0800,41.014,plan_received,id=247; source=/received_global_plan; points=23; frame=wamv/wamv/base_link; world_frame=camera_init
2026-09-01T13:54:21+0800,41.114,plan_received,id=248; source=/received_global_plan; points=23; frame=wamv/wamv/base_link; world_frame=camera_init
2026-09-01T13:54:21+0800,41.214,plan_received,id=249; source=/received_global_plan; points=23; frame=wamv/wamv/base_link; world_frame=camera_init
2026-09-01T13:54:21+0800,41.314,plan_received,id=250; source=/received_global_plan; points=23; frame=wamv/wamv/base_link; world_frame=camera_init
2026-09-01T13:54:22+0800,41.414,plan_received,id=251; source=/received_global_plan; points=23; frame=wamv/wamv/base_link; world_frame=camera_init
2026-09-01T13:54:22+0800,41.514,plan_received,id=252; source=/received_global_plan; points=23; frame=wamv/wamv/base_link; world_frame=camera_init
2026-09-01T13:54:22+0800,41.585,plan_received,id=253; source=/plan; points=26; frame=camera_init; world_frame=camera_init
2026-09-01T13:54:22+0800,41.586,plan_received,id=254; source=/unsmoothed_plan; points=26; frame=camera_init; world_frame=camera_init
2026-09-01T13:54:22+0800,41.614,plan_received,id=255; source=/received_global_plan; points=26; frame=wamv/wamv/base_link; world_frame=camera_init
2026-09-01T13:54:22+0800,41.715,plan_received,id=256; source=/received_global_plan; points=26; frame=wamv/wamv/base_link; world_frame=camera_init
2026-09-01T13:54:22+0800,41.814,plan_received,id=257; source=/received_global_plan; points=26; frame=wamv/wamv/base_link; world_frame=camera_init
2026-09-01T13:54:22+0800,41.914,plan_received,id=258; source=/received_global_plan; points=26; frame=wamv/wamv/base_link; world_frame=camera_init
2026-09-01T13:54:22+0800,42.015,plan_received,id=259; source=/received_global_plan; points=26; frame=wamv/wamv/base_link; world_frame=camera_init
2026-09-01T13:54:22+0800,42.114,plan_received,id=260; source=/received_global_plan; points=26; frame=wamv/wamv/base_link; world_frame=camera_init
2026-09-01T13:54:22+0800,42.214,plan_received,id=261; source=/received_global_plan; points=26; frame=wamv/wamv/base_link; world_frame=camera_init
2026-09-01T13:54:22+0800,42.314,plan_received,id=262; source=/received_global_plan; points=26; frame=wamv/wamv/base_link; world_frame=camera_init
2026-09-01T13:54:23+0800,42.414,plan_received,id=263; source=/received_global_plan; points=26; frame=wamv/wamv/base_link; world_frame=camera_init
2026-09-01T13:54:23+0800,42.515,plan_received,id=264; source=/received_global_plan; points=26; frame=wamv/wamv/base_link; world_frame=camera_init
2026-09-01T13:54:23+0800,42.616,plan_received,id=265; source=/received_global_plan; points=26; frame=wamv/wamv/base_link; world_frame=camera_init
2026-09-01T13:54:23+0800,42.714,plan_received,id=266; source=/received_global_plan; points=26; frame=wamv/wamv/base_link; world_frame=camera_init
2026-09-01T13:54:23+0800,42.814,plan_received,id=267; source=/received_global_plan; points=26; frame=wamv/wamv/base_link; world_frame=camera_init
2026-09-01T13:54:23+0800,42.914,plan_received,id=268; source=/received_global_plan; points=26; frame=wamv/wamv/base_link; world_frame=camera_init
2026-09-01T13:54:23+0800,43.014,plan_received,id=269; source=/received_global_plan; points=26; frame=wamv/wamv/base_link; world_frame=camera_init
2026-09-01T13:54:23+0800,43.119,plan_received,id=270; source=/received_global_plan; points=26; frame=wamv/wamv/base_link; world_frame=camera_init
2026-09-01T13:54:23+0800,43.214,plan_received,id=271; source=/received_global_plan; points=26; frame=wamv/wamv/base_link; world_frame=camera_init
2026-09-01T13:54:23+0800,43.314,plan_received,id=272; source=/received_global_plan; points=26; frame=wamv/wamv/base_link; world_frame=camera_init
2026-09-01T13:54:24+0800,43.414,plan_received,id=273; source=/received_global_plan; points=26; frame=wamv/wamv/base_link; world_frame=camera_init
2026-09-01T13:54:24+0800,43.514,plan_received,id=274; source=/received_global_plan; points=26; frame=wamv/wamv/base_link; world_frame=camera_init
2026-09-01T13:54:24+0800,43.614,plan_received,id=275; source=/received_global_plan; points=26; frame=wamv/wamv/base_link; world_frame=camera_init
2026-09-01T13:54:24+0800,43.714,plan_received,id=276; source=/received_global_plan; points=26; frame=wamv/wamv/base_link; world_frame=camera_init
2026-09-01T13:54:24+0800,43.815,plan_received,id=277; source=/received_global_plan; points=26; frame=wamv/wamv/base_link; world_frame=camera_init
2026-09-01T13:54:24+0800,43.915,plan_received,id=278; source=/received_global_plan; points=26; frame=wamv/wamv/base_link; world_frame=camera_init
2026-09-01T13:54:24+0800,44.014,plan_received,id=279; source=/received_global_plan; points=26; frame=wamv/wamv/base_link; world_frame=camera_init
2026-09-01T13:54:24+0800,44.114,plan_received,id=280; source=/received_global_plan; points=26; frame=wamv/wamv/base_link; world_frame=camera_init
2026-09-01T13:54:24+0800,44.214,plan_received,id=281; source=/received_global_plan; points=26; frame=wamv/wamv/base_link; world_frame=camera_init
2026-09-01T13:54:24+0800,44.314,plan_received,id=282; source=/received_global_plan; points=26; frame=wamv/wamv/base_link; world_frame=camera_init
2026-09-01T13:54:25+0800,44.420,plan_received,id=283; source=/received_global_plan; points=26; frame=wamv/wamv/base_link; world_frame=camera_init
2026-09-01T13:54:25+0800,44.514,plan_received,id=284; source=/received_global_plan; points=25; frame=wamv/wamv/base_link; world_frame=camera_init
2026-09-01T13:54:25+0800,44.615,plan_received,id=285; source=/received_global_plan; points=25; frame=wamv/wamv/base_link; world_frame=camera_init
2026-09-01T13:54:25+0800,44.714,plan_received,id=286; source=/received_global_plan; points=25; frame=wamv/wamv/base_link; world_frame=camera_init
2026-09-01T13:54:25+0800,44.814,plan_received,id=287; source=/received_global_plan; points=25; frame=wamv/wamv/base_link; world_frame=camera_init
2026-09-01T13:54:25+0800,44.914,plan_received,id=288; source=/received_global_plan; points=25; frame=wamv/wamv/base_link; world_frame=camera_init
2026-09-01T13:54:25+0800,45.014,plan_received,id=289; source=/received_global_plan; points=25; frame=wamv/wamv/base_link; world_frame=camera_init
2026-09-01T13:54:25+0800,45.114,plan_received,id=290; source=/received_global_plan; points=25; frame=wamv/wamv/base_link; world_frame=camera_init
2026-09-01T13:54:25+0800,45.214,plan_received,id=291; source=/received_global_plan; points=25; frame=wamv/wamv/base_link; world_frame=camera_init
2026-09-01T13:54:25+0800,45.314,plan_received,id=292; source=/received_global_plan; points=25; frame=wamv/wamv/base_link; world_frame=camera_init
2026-09-01T13:54:26+0800,45.415,plan_received,id=293; source=/received_global_plan; points=25; frame=wamv/wamv/base_link; world_frame=camera_init
2026-09-01T13:54:26+0800,45.514,plan_received,id=294; source=/received_global_plan; points=25; frame=wamv/wamv/base_link; world_frame=camera_init
2026-09-01T13:54:26+0800,45.615,plan_received,id=295; source=/received_global_plan; points=25; frame=wamv/wamv/base_link; world_frame=camera_init
2026-09-01T13:54:26+0800,45.617,plan_received,id=296; source=/unsmoothed_plan; points=25; frame=camera_init; world_frame=camera_init
2026-09-01T13:54:26+0800,45.618,plan_received,id=297; source=/plan; points=25; frame=camera_init; world_frame=camera_init
2026-09-01T13:54:26+0800,45.715,plan_received,id=298; source=/received_global_plan; points=25; frame=wamv/wamv/base_link; world_frame=camera_init
2026-09-01T13:54:26+0800,45.815,plan_received,id=299; source=/received_global_plan; points=25; frame=wamv/wamv/base_link; world_frame=camera_init
2026-09-01T13:54:26+0800,45.915,plan_received,id=300; source=/received_global_plan; points=25; frame=wamv/wamv/base_link; world_frame=camera_init
2026-09-01T13:54:26+0800,46.015,plan_received,id=301; source=/received_global_plan; points=25; frame=wamv/wamv/base_link; world_frame=camera_init
2026-09-01T13:54:26+0800,46.115,plan_received,id=302; source=/received_global_plan; points=25; frame=wamv/wamv/base_link; world_frame=camera_init
2026-09-01T13:54:26+0800,46.214,plan_received,id=303; source=/received_global_plan; points=25; frame=wamv/wamv/base_link; world_frame=camera_init
2026-09-01T13:54:26+0800,46.314,plan_received,id=304; source=/received_global_plan; points=25; frame=wamv/wamv/base_link; world_frame=camera_init
2026-09-01T13:54:27+0800,46.415,plan_received,id=305; source=/received_global_plan; points=25; frame=wamv/wamv/base_link; world_frame=camera_init
2026-09-01T13:54:27+0800,46.514,plan_received,id=306; source=/received_global_plan; points=25; frame=wamv/wamv/base_link; world_frame=camera_init
2026-09-01T13:54:27+0800,46.614,plan_received,id=307; source=/received_global_plan; points=25; frame=wamv/wamv/base_link; world_frame=camera_init
2026-09-01T13:54:27+0800,46.715,plan_received,id=308; source=/received_global_plan; points=25; frame=wamv/wamv/base_link; world_frame=camera_init
2026-09-01T13:54:27+0800,46.815,plan_received,id=309; source=/received_global_plan; points=25; frame=wamv/wamv/base_link; world_frame=camera_init
2026-09-01T13:54:27+0800,46.915,plan_received,id=310; source=/received_global_plan; points=25; frame=wamv/wamv/base_link; world_frame=camera_init
2026-09-01T13:54:27+0800,47.014,plan_received,id=311; source=/received_global_plan; points=25; frame=wamv/wamv/base_link; world_frame=camera_init
2026-09-01T13:54:27+0800,47.114,plan_received,id=312; source=/received_global_plan; points=25; frame=wamv/wamv/base_link; world_frame=camera_init
2026-09-01T13:54:27+0800,47.214,plan_received,id=313; source=/received_global_plan; points=25; frame=wamv/wamv/base_link; world_frame=camera_init
2026-09-01T13:54:27+0800,47.314,plan_received,id=314; source=/received_global_plan; points=25; frame=wamv/wamv/base_link; world_frame=camera_init
2026-09-01T13:54:28+0800,47.414,plan_received,id=315; source=/received_global_plan; points=25; frame=wamv/wamv/base_link; world_frame=camera_init
2026-09-01T13:54:28+0800,47.514,plan_received,id=316; source=/received_global_plan; points=25; frame=wamv/wamv/base_link; world_frame=camera_init
2026-09-01T13:54:28+0800,47.614,plan_received,id=317; source=/received_global_plan; points=25; frame=wamv/wamv/base_link; world_frame=camera_init
2026-09-01T13:54:28+0800,47.715,plan_received,id=318; source=/received_global_plan; points=25; frame=wamv/wamv/base_link; world_frame=camera_init
2026-09-01T13:54:28+0800,47.815,plan_received,id=319; source=/received_global_plan; points=25; frame=wamv/wamv/base_link; world_frame=camera_init
2026-09-01T13:54:28+0800,47.915,plan_received,id=320; source=/received_global_plan; points=25; frame=wamv/wamv/base_link; world_frame=camera_init
2026-09-01T13:54:28+0800,48.015,plan_received,id=321; source=/received_global_plan; points=25; frame=wamv/wamv/base_link; world_frame=camera_init
2026-09-01T13:54:28+0800,48.115,plan_received,id=322; source=/received_global_plan; points=25; frame=wamv/wamv/base_link; world_frame=camera_init
2026-09-01T13:54:28+0800,48.216,plan_received,id=323; source=/received_global_plan; points=25; frame=wamv/wamv/base_link; world_frame=camera_init
2026-09-01T13:54:28+0800,48.314,plan_received,id=324; source=/received_global_plan; points=25; frame=wamv/wamv/base_link; world_frame=camera_init
2026-09-01T13:54:29+0800,48.415,plan_received,id=325; source=/received_global_plan; points=25; frame=wamv/wamv/base_link; world_frame=camera_init
2026-09-01T13:54:29+0800,48.514,plan_received,id=326; source=/received_global_plan; points=25; frame=wamv/wamv/base_link; world_frame=camera_init
2026-09-01T13:54:29+0800,48.615,plan_received,id=327; source=/received_global_plan; points=25; frame=wamv/wamv/base_link; world_frame=camera_init
2026-09-01T13:54:29+0800,48.714,plan_received,id=328; source=/received_global_plan; points=25; frame=wamv/wamv/base_link; world_frame=camera_init
2026-09-01T13:54:29+0800,48.814,plan_received,id=329; source=/received_global_plan; points=25; frame=wamv/wamv/base_link; world_frame=camera_init
2026-09-01T13:54:29+0800,48.915,plan_received,id=330; source=/received_global_plan; points=24; frame=wamv/wamv/base_link; world_frame=camera_init
2026-09-01T13:54:29+0800,49.014,plan_received,id=331; source=/received_global_plan; points=24; frame=wamv/wamv/base_link; world_frame=camera_init
2026-09-01T13:54:29+0800,49.114,plan_received,id=332; source=/received_global_plan; points=24; frame=wamv/wamv/base_link; world_frame=camera_init
2026-09-01T13:54:29+0800,49.214,plan_received,id=333; source=/received_global_plan; points=24; frame=wamv/wamv/base_link; world_frame=camera_init
2026-09-01T13:54:29+0800,49.315,plan_received,id=334; source=/received_global_plan; points=24; frame=wamv/wamv/base_link; world_frame=camera_init
2026-09-01T13:54:30+0800,49.417,plan_received,id=335; source=/received_global_plan; points=24; frame=wamv/wamv/base_link; world_frame=camera_init
2026-09-01T13:54:30+0800,49.515,plan_received,id=336; source=/received_global_plan; points=24; frame=wamv/wamv/base_link; world_frame=camera_init
2026-09-01T13:54:30+0800,49.614,plan_received,id=337; source=/received_global_plan; points=24; frame=wamv/wamv/base_link; world_frame=camera_init
2026-09-01T13:54:30+0800,49.634,plan_received,id=338; source=/plan; points=20; frame=camera_init; world_frame=camera_init
2026-09-01T13:54:30+0800,49.634,plan_received,id=339; source=/unsmoothed_plan; points=20; frame=camera_init; world_frame=camera_init
2026-09-01T13:54:30+0800,49.715,plan_received,id=340; source=/received_global_plan; points=20; frame=wamv/wamv/base_link; world_frame=camera_init
2026-09-01T13:54:30+0800,49.814,plan_received,id=341; source=/received_global_plan; points=20; frame=wamv/wamv/base_link; world_frame=camera_init
2026-09-01T13:54:30+0800,49.914,plan_received,id=342; source=/received_global_plan; points=20; frame=wamv/wamv/base_link; world_frame=camera_init
2026-09-01T13:54:30+0800,50.014,plan_received,id=343; source=/received_global_plan; points=20; frame=wamv/wamv/base_link; world_frame=camera_init
2026-09-01T13:54:30+0800,50.114,plan_received,id=344; source=/received_global_plan; points=20; frame=wamv/wamv/base_link; world_frame=camera_init
2026-09-01T13:54:30+0800,50.215,plan_received,id=345; source=/received_global_plan; points=20; frame=wamv/wamv/base_link; world_frame=camera_init
2026-09-01T13:54:30+0800,50.314,plan_received,id=346; source=/received_global_plan; points=20; frame=wamv/wamv/base_link; world_frame=camera_init
2026-09-01T13:54:31+0800,50.414,plan_received,id=347; source=/received_global_plan; points=20; frame=wamv/wamv/base_link; world_frame=camera_init
2026-09-01T13:54:31+0800,50.514,plan_received,id=348; source=/received_global_plan; points=20; frame=wamv/wamv/base_link; world_frame=camera_init
2026-09-01T13:54:31+0800,50.614,plan_received,id=349; source=/received_global_plan; points=20; frame=wamv/wamv/base_link; world_frame=camera_init
2026-09-01T13:54:31+0800,50.714,plan_received,id=350; source=/received_global_plan; points=20; frame=wamv/wamv/base_link; world_frame=camera_init
2026-09-01T13:54:31+0800,50.814,plan_received,id=351; source=/received_global_plan; points=20; frame=wamv/wamv/base_link; world_frame=camera_init
2026-09-01T13:54:31+0800,50.914,plan_received,id=352; source=/received_global_plan; points=20; frame=wamv/wamv/base_link; world_frame=camera_init
2026-09-01T13:54:31+0800,51.014,plan_received,id=353; source=/received_global_plan; points=20; frame=wamv/wamv/base_link; world_frame=camera_init
2026-09-01T13:54:31+0800,51.114,plan_received,id=354; source=/received_global_plan; points=20; frame=wamv/wamv/base_link; world_frame=camera_init
2026-09-01T13:54:31+0800,51.214,plan_received,id=355; source=/received_global_plan; points=20; frame=wamv/wamv/base_link; world_frame=camera_init
2026-09-01T13:54:31+0800,51.314,plan_received,id=356; source=/received_global_plan; points=20; frame=wamv/wamv/base_link; world_frame=camera_init
2026-09-01T13:54:32+0800,51.414,plan_received,id=357; source=/received_global_plan; points=20; frame=wamv/wamv/base_link; world_frame=camera_init
2026-09-01T13:54:32+0800,51.515,plan_received,id=358; source=/received_global_plan; points=20; frame=wamv/wamv/base_link; world_frame=camera_init
2026-09-01T13:54:32+0800,51.614,plan_received,id=359; source=/received_global_plan; points=20; frame=wamv/wamv/base_link; world_frame=camera_init
2026-09-01T13:54:32+0800,51.714,plan_received,id=360; source=/received_global_plan; points=20; frame=wamv/wamv/base_link; world_frame=camera_init
2026-09-01T13:54:32+0800,51.814,plan_received,id=361; source=/received_global_plan; points=20; frame=wamv/wamv/base_link; world_frame=camera_init
2026-09-01T13:54:32+0800,51.915,plan_received,id=362; source=/received_global_plan; points=20; frame=wamv/wamv/base_link; world_frame=camera_init
2026-09-01T13:54:32+0800,52.015,plan_received,id=363; source=/received_global_plan; points=20; frame=wamv/wamv/base_link; world_frame=camera_init
2026-09-01T13:54:32+0800,52.115,plan_received,id=364; source=/received_global_plan; points=20; frame=wamv/wamv/base_link; world_frame=camera_init
2026-09-01T13:54:32+0800,52.214,plan_received,id=365; source=/received_global_plan; points=20; frame=wamv/wamv/base_link; world_frame=camera_init
2026-09-01T13:54:32+0800,52.314,plan_received,id=366; source=/received_global_plan; points=20; frame=wamv/wamv/base_link; world_frame=camera_init
2026-09-01T13:54:33+0800,52.414,plan_received,id=367; source=/received_global_plan; points=20; frame=wamv/wamv/base_link; world_frame=camera_init
2026-09-01T13:54:33+0800,52.514,plan_received,id=368; source=/received_global_plan; points=20; frame=wamv/wamv/base_link; world_frame=camera_init
2026-09-01T13:54:33+0800,52.614,plan_received,id=369; source=/received_global_plan; points=20; frame=wamv/wamv/base_link; world_frame=camera_init
2026-09-01T13:54:33+0800,52.714,plan_received,id=370; source=/received_global_plan; points=19; frame=wamv/wamv/base_link; world_frame=camera_init
2026-09-01T13:54:33+0800,52.814,plan_received,id=371; source=/received_global_plan; points=19; frame=wamv/wamv/base_link; world_frame=camera_init
2026-09-01T13:54:33+0800,52.914,plan_received,id=372; source=/received_global_plan; points=19; frame=wamv/wamv/base_link; world_frame=camera_init
2026-09-01T13:54:33+0800,53.015,plan_received,id=373; source=/received_global_plan; points=19; frame=wamv/wamv/base_link; world_frame=camera_init
2026-09-01T13:54:33+0800,53.115,plan_received,id=374; source=/received_global_plan; points=19; frame=wamv/wamv/base_link; world_frame=camera_init
2026-09-01T13:54:33+0800,53.214,plan_received,id=375; source=/received_global_plan; points=19; frame=wamv/wamv/base_link; world_frame=camera_init
2026-09-01T13:54:33+0800,53.313,plan_received,id=376; source=/received_global_plan; points=19; frame=wamv/wamv/base_link; world_frame=camera_init
2026-09-01T13:54:34+0800,53.414,plan_received,id=377; source=/received_global_plan; points=19; frame=wamv/wamv/base_link; world_frame=camera_init
2026-09-01T13:54:34+0800,53.514,plan_received,id=378; source=/received_global_plan; points=19; frame=wamv/wamv/base_link; world_frame=camera_init
2026-09-01T13:54:34+0800,53.614,plan_received,id=379; source=/received_global_plan; points=19; frame=wamv/wamv/base_link; world_frame=camera_init
2026-09-01T13:54:34+0800,53.664,plan_received,id=380; source=/unsmoothed_plan; points=24; frame=camera_init; world_frame=camera_init
2026-09-01T13:54:34+0800,53.665,plan_received,id=381; source=/plan; points=24; frame=camera_init; world_frame=camera_init
2026-09-01T13:54:34+0800,53.715,plan_received,id=382; source=/received_global_plan; points=24; frame=wamv/wamv/base_link; world_frame=camera_init
2026-09-01T13:54:34+0800,53.814,plan_received,id=383; source=/received_global_plan; points=24; frame=wamv/wamv/base_link; world_frame=camera_init
2026-09-01T13:54:34+0800,53.915,plan_received,id=384; source=/received_global_plan; points=24; frame=wamv/wamv/base_link; world_frame=camera_init
2026-09-01T13:54:34+0800,54.015,plan_received,id=385; source=/received_global_plan; points=24; frame=wamv/wamv/base_link; world_frame=camera_init
2026-09-01T13:54:34+0800,54.114,plan_received,id=386; source=/received_global_plan; points=24; frame=wamv/wamv/base_link; world_frame=camera_init
2026-09-01T13:54:34+0800,54.215,plan_received,id=387; source=/received_global_plan; points=24; frame=wamv/wamv/base_link; world_frame=camera_init
2026-09-01T13:54:34+0800,54.314,plan_received,id=388; source=/received_global_plan; points=24; frame=wamv/wamv/base_link; world_frame=camera_init
2026-09-01T13:54:35+0800,54.414,plan_received,id=389; source=/received_global_plan; points=24; frame=wamv/wamv/base_link; world_frame=camera_init
2026-09-01T13:54:35+0800,54.515,plan_received,id=390; source=/received_global_plan; points=24; frame=wamv/wamv/base_link; world_frame=camera_init
2026-09-01T13:54:35+0800,54.614,plan_received,id=391; source=/received_global_plan; points=24; frame=wamv/wamv/base_link; world_frame=camera_init
2026-09-01T13:54:35+0800,54.714,plan_received,id=392; source=/received_global_plan; points=24; frame=wamv/wamv/base_link; world_frame=camera_init
2026-09-01T13:54:35+0800,54.814,plan_received,id=393; source=/received_global_plan; points=24; frame=wamv/wamv/base_link; world_frame=camera_init
2026-09-01T13:54:35+0800,54.914,plan_received,id=394; source=/received_global_plan; points=24; frame=wamv/wamv/base_link; world_frame=camera_init
2026-09-01T13:54:35+0800,55.014,plan_received,id=395; source=/received_global_plan; points=24; frame=wamv/wamv/base_link; world_frame=camera_init
2026-09-01T13:54:35+0800,55.114,plan_received,id=396; source=/received_global_plan; points=24; frame=wamv/wamv/base_link; world_frame=camera_init
2026-09-01T13:54:35+0800,55.214,plan_received,id=397; source=/received_global_plan; points=24; frame=wamv/wamv/base_link; world_frame=camera_init
2026-09-01T13:54:35+0800,55.314,plan_received,id=398; source=/received_global_plan; points=24; frame=wamv/wamv/base_link; world_frame=camera_init
2026-09-01T13:54:36+0800,55.414,plan_received,id=399; source=/received_global_plan; points=24; frame=wamv/wamv/base_link; world_frame=camera_init
2026-09-01T13:54:36+0800,55.514,plan_received,id=400; source=/received_global_plan; points=24; frame=wamv/wamv/base_link; world_frame=camera_init
2026-09-01T13:54:36+0800,55.614,plan_received,id=401; source=/received_global_plan; points=24; frame=wamv/wamv/base_link; world_frame=camera_init
2026-09-01T13:54:36+0800,55.714,plan_received,id=402; source=/received_global_plan; points=24; frame=wamv/wamv/base_link; world_frame=camera_init
2026-09-01T13:54:36+0800,55.815,plan_received,id=403; source=/received_global_plan; points=24; frame=wamv/wamv/base_link; world_frame=camera_init
2026-09-01T13:54:36+0800,55.915,plan_received,id=404; source=/received_global_plan; points=24; frame=wamv/wamv/base_link; world_frame=camera_init
2026-09-01T13:54:36+0800,56.014,plan_received,id=405; source=/received_global_plan; points=24; frame=wamv/wamv/base_link; world_frame=camera_init
2026-09-01T13:54:36+0800,56.114,plan_received,id=406; source=/received_global_plan; points=24; frame=wamv/wamv/base_link; world_frame=camera_init
2026-09-01T13:54:36+0800,56.216,plan_received,id=407; source=/received_global_plan; points=23; frame=wamv/wamv/base_link; world_frame=camera_init
2026-09-01T13:54:36+0800,56.315,plan_received,id=408; source=/received_global_plan; points=23; frame=wamv/wamv/base_link; world_frame=camera_init
2026-09-01T13:54:37+0800,56.414,plan_received,id=409; source=/received_global_plan; points=23; frame=wamv/wamv/base_link; world_frame=camera_init
2026-09-01T13:54:37+0800,56.514,plan_received,id=410; source=/received_global_plan; points=23; frame=wamv/wamv/base_link; world_frame=camera_init
2026-09-01T13:54:37+0800,56.614,plan_received,id=411; source=/received_global_plan; points=23; frame=wamv/wamv/base_link; world_frame=camera_init
2026-09-01T13:54:37+0800,56.714,plan_received,id=412; source=/received_global_plan; points=23; frame=wamv/wamv/base_link; world_frame=camera_init
2026-09-01T13:54:37+0800,56.814,plan_received,id=413; source=/received_global_plan; points=23; frame=wamv/wamv/base_link; world_frame=camera_init
2026-09-01T13:54:37+0800,56.914,plan_received,id=414; source=/received_global_plan; points=23; frame=wamv/wamv/base_link; world_frame=camera_init
2026-09-01T13:54:37+0800,57.015,plan_received,id=415; source=/received_global_plan; points=23; frame=wamv/wamv/base_link; world_frame=camera_init
2026-09-01T13:54:37+0800,57.115,plan_received,id=416; source=/received_global_plan; points=23; frame=wamv/wamv/base_link; world_frame=camera_init
2026-09-01T13:54:37+0800,57.215,plan_received,id=417; source=/received_global_plan; points=23; frame=wamv/wamv/base_link; world_frame=camera_init
2026-09-01T13:54:37+0800,57.314,plan_received,id=418; source=/received_global_plan; points=23; frame=wamv/wamv/base_link; world_frame=camera_init
2026-09-01T13:54:38+0800,57.414,plan_received,id=419; source=/received_global_plan; points=23; frame=wamv/wamv/base_link; world_frame=camera_init
2026-09-01T13:54:38+0800,57.514,plan_received,id=420; source=/received_global_plan; points=23; frame=wamv/wamv/base_link; world_frame=camera_init
2026-09-01T13:54:38+0800,57.614,plan_received,id=421; source=/received_global_plan; points=23; frame=wamv/wamv/base_link; world_frame=camera_init
2026-09-01T13:54:38+0800,57.685,plan_received,id=422; source=/unsmoothed_plan; points=23; frame=camera_init; world_frame=camera_init
2026-09-01T13:54:38+0800,57.687,plan_received,id=423; source=/plan; points=23; frame=camera_init; world_frame=camera_init
2026-09-01T13:54:38+0800,57.714,plan_received,id=424; source=/received_global_plan; points=23; frame=wamv/wamv/base_link; world_frame=camera_init
2026-09-01T13:54:38+0800,57.815,plan_received,id=425; source=/received_global_plan; points=23; frame=wamv/wamv/base_link; world_frame=camera_init
2026-09-01T13:54:38+0800,57.915,plan_received,id=426; source=/received_global_plan; points=23; frame=wamv/wamv/base_link; world_frame=camera_init
2026-09-01T13:54:38+0800,58.014,plan_received,id=427; source=/received_global_plan; points=23; frame=wamv/wamv/base_link; world_frame=camera_init
2026-09-01T13:54:38+0800,58.115,plan_received,id=428; source=/received_global_plan; points=23; frame=wamv/wamv/base_link; world_frame=camera_init
2026-09-01T13:54:38+0800,58.214,plan_received,id=429; source=/received_global_plan; points=23; frame=wamv/wamv/base_link; world_frame=camera_init
2026-09-01T13:54:38+0800,58.314,plan_received,id=430; source=/received_global_plan; points=23; frame=wamv/wamv/base_link; world_frame=camera_init
2026-09-01T13:54:39+0800,58.423,plan_received,id=431; source=/received_global_plan; points=23; frame=wamv/wamv/base_link; world_frame=camera_init
2026-09-01T13:54:39+0800,58.514,plan_received,id=432; source=/received_global_plan; points=23; frame=wamv/wamv/base_link; world_frame=camera_init
2026-09-01T13:54:39+0800,58.614,plan_received,id=433; source=/received_global_plan; points=23; frame=wamv/wamv/base_link; world_frame=camera_init
2026-09-01T13:54:39+0800,58.715,plan_received,id=434; source=/received_global_plan; points=23; frame=wamv/wamv/base_link; world_frame=camera_init
2026-09-01T13:54:39+0800,58.814,plan_received,id=435; source=/received_global_plan; points=23; frame=wamv/wamv/base_link; world_frame=camera_init
2026-09-01T13:54:39+0800,58.914,plan_received,id=436; source=/received_global_plan; points=23; frame=wamv/wamv/base_link; world_frame=camera_init
2026-09-01T13:54:39+0800,59.016,plan_received,id=437; source=/received_global_plan; points=23; frame=wamv/wamv/base_link; world_frame=camera_init
2026-09-01T13:54:39+0800,59.115,plan_received,id=438; source=/received_global_plan; points=23; frame=wamv/wamv/base_link; world_frame=camera_init
2026-09-01T13:54:39+0800,59.214,plan_received,id=439; source=/received_global_plan; points=23; frame=wamv/wamv/base_link; world_frame=camera_init
2026-09-01T13:54:39+0800,59.315,plan_received,id=440; source=/received_global_plan; points=23; frame=wamv/wamv/base_link; world_frame=camera_init
2026-09-01T13:54:40+0800,59.414,plan_received,id=441; source=/received_global_plan; points=23; frame=wamv/wamv/base_link; world_frame=camera_init
2026-09-01T13:54:40+0800,59.514,plan_received,id=442; source=/received_global_plan; points=23; frame=wamv/wamv/base_link; world_frame=camera_init
2026-09-01T13:54:40+0800,59.614,plan_received,id=443; source=/received_global_plan; points=23; frame=wamv/wamv/base_link; world_frame=camera_init
2026-09-01T13:54:40+0800,59.715,plan_received,id=444; source=/received_global_plan; points=23; frame=wamv/wamv/base_link; world_frame=camera_init
2026-09-01T13:54:40+0800,59.815,plan_received,id=445; source=/received_global_plan; points=23; frame=wamv/wamv/base_link; world_frame=camera_init
2026-09-01T13:54:40+0800,59.916,plan_received,id=446; source=/received_global_plan; points=23; frame=wamv/wamv/base_link; world_frame=camera_init
2026-09-01T13:54:40+0800,60.014,plan_received,id=447; source=/received_global_plan; points=23; frame=wamv/wamv/base_link; world_frame=camera_init
2026-09-01T13:54:40+0800,60.114,plan_received,id=448; source=/received_global_plan; points=23; frame=wamv/wamv/base_link; world_frame=camera_init
2026-09-01T13:54:40+0800,60.214,plan_received,id=449; source=/received_global_plan; points=23; frame=wamv/wamv/base_link; world_frame=camera_init
2026-09-01T13:54:40+0800,60.314,plan_received,id=450; source=/received_global_plan; points=23; frame=wamv/wamv/base_link; world_frame=camera_init
2026-09-01T13:54:41+0800,60.415,plan_received,id=451; source=/received_global_plan; points=23; frame=wamv/wamv/base_link; world_frame=camera_init
2026-09-01T13:54:41+0800,60.515,plan_received,id=452; source=/received_global_plan; points=23; frame=wamv/wamv/base_link; world_frame=camera_init
2026-09-01T13:54:41+0800,60.614,plan_received,id=453; source=/received_global_plan; points=23; frame=wamv/wamv/base_link; world_frame=camera_init
2026-09-01T13:54:41+0800,60.715,plan_received,id=454; source=/received_global_plan; points=23; frame=wamv/wamv/base_link; world_frame=camera_init
2026-09-01T13:54:41+0800,60.814,plan_received,id=455; source=/received_global_plan; points=23; frame=wamv/wamv/base_link; world_frame=camera_init
2026-09-01T13:54:41+0800,60.914,plan_received,id=456; source=/received_global_plan; points=23; frame=wamv/wamv/base_link; world_frame=camera_init
2026-09-01T13:54:41+0800,61.014,plan_received,id=457; source=/received_global_plan; points=23; frame=wamv/wamv/base_link; world_frame=camera_init
2026-09-01T13:54:41+0800,61.114,plan_received,id=458; source=/received_global_plan; points=23; frame=wamv/wamv/base_link; world_frame=camera_init
2026-09-01T13:54:41+0800,61.214,plan_received,id=459; source=/received_global_plan; points=23; frame=wamv/wamv/base_link; world_frame=camera_init
2026-09-01T13:54:41+0800,61.314,plan_received,id=460; source=/received_global_plan; points=23; frame=wamv/wamv/base_link; world_frame=camera_init
2026-09-01T13:54:42+0800,61.414,plan_received,id=461; source=/received_global_plan; points=23; frame=wamv/wamv/base_link; world_frame=camera_init
2026-09-01T13:54:42+0800,61.514,plan_received,id=462; source=/received_global_plan; points=23; frame=wamv/wamv/base_link; world_frame=camera_init
2026-09-01T13:54:42+0800,61.614,plan_received,id=463; source=/received_global_plan; points=23; frame=wamv/wamv/base_link; world_frame=camera_init
2026-09-01T13:54:42+0800,61.714,plan_received,id=464; source=/received_global_plan; points=23; frame=wamv/wamv/base_link; world_frame=camera_init
2026-09-01T13:54:42+0800,61.745,goal_status,ABORTED code=6; status_seq=4
2026-09-01T13:54:50+0800,69.887,recorder_stopped,
