plan_id,t,source,frame_id,point_index,x,y,yaw
1,35.246,/unsmoothed_plan,camera_init,0,-0.1831,0.1930,0.00000
1,35.246,/unsmoothed_plan,camera_init,1,0.6720,0.0422,-0.34907
1,35.246,/unsmoothed_plan,camera_init,2,1.4239,-0.3919,-0.69813
1,35.246,/unsmoothed_plan,camera_init,3,1.9820,-1.0570,-1.04720
1,35.246,/unsmoothed_plan,camera_init,4,2.2789,-1.8729,-1.39626
1,35.246,/unsmoothed_plan,camera_init,5,2.5152,-2.5772,-1.22173
1,35.246,/unsmoothed_plan,camera_init,6,2.9480,-3.1810,-0.87266
1,35.246,/unsmoothed_plan,camera_init,7,3.5391,-3.6310,-0.52360
1,35.246,/unsmoothed_plan,camera_init,8,4.2364,-3.8874,-0.34907
1,35.246,/unsmoothed_plan,camera_init,9,4.9782,-3.9275,0.00000
1,35.246,/unsmoothed_plan,camera_init,10,5.6991,-3.7479,0.34907
1,35.246,/unsmoothed_plan,camera_init,11,6.3353,-3.3644,0.52360
1,35.246,/unsmoothed_plan,camera_init,12,6.8308,-2.8109,0.87266
1,35.246,/unsmoothed_plan,camera_init,13,7.2334,-2.1832,0.87266
1,35.246,/unsmoothed_plan,camera_init,14,7.6358,-1.5555,0.87266
1,35.246,/unsmoothed_plan,camera_init,15,8.0498,-0.9358,0.87266
1,35.246,/unsmoothed_plan,camera_init,16,8.5956,-0.4318,0.52360
1,35.246,/unsmoothed_plan,camera_init,17,9.2654,-0.1104,0.17453
1,35.246,/unsmoothed_plan,camera_init,18,10.0000,0.0000,0.00000
2,35.247,/plan,camera_init,0,-0.1831,0.1930,-0.61257
2,35.247,/plan,camera_init,1,0.4564,-0.2564,-0.65886
2,35.247,/plan,camera_init,2,1.0685,-0.7304,-0.72371
2,35.247,/plan,camera_init,3,1.6378,-1.2335,-0.76759
2,35.247,/plan,camera_init,4,2.1684,-1.7455,-0.75449
2,35.247,/plan,camera_init,5,2.6832,-2.2294,-0.66814
2,35.247,/plan,camera_init,6,3.2097,-2.6449,-0.51187
2,35.247,/plan,camera_init,7,3.7641,-2.9564,-0.30126
2,35.247,/plan,camera_init,8,4.3465,-3.1374,-0.06051
2,35.247,/plan,camera_init,9,4.9442,-3.1736,0.18112
2,35.247,/plan,camera_init,10,5.5388,-3.0647,0.39546
2,35.247,/plan,camera_init,11,6.1143,-2.8244,0.56101
2,35.247,/plan,camera_init,12,6.6639,-2.4791,0.66558
2,35.247,/plan,camera_init,13,7.1931,-2.0636,0.70795
2,35.247,/plan,camera_init,14,7.7167,-1.6154,0.69605
2,35.247,/plan,camera_init,15,8.2519,-1.1683,0.64531
2,35.247,/plan,camera_init,16,8.8114,-0.7470,0.58261
2,35.247,/plan,camera_init,17,9.3973,-0.3610,0.53965
2,35.247,/plan,camera_init,18,10.0000,0.0000,0.00000
3,35.265,/received_global_plan,wamv/wamv/base_link,0,0.0010,-0.0020,-0.60819
3,35.265,/received_global_plan,wamv/wamv/base_link,1,0.6424,-0.4486,-0.65448
3,35.265,/received_global_plan,wamv/wamv/base_link,2,1.2566,-0.9199,-0.71934
3,35.265,/received_global_plan,wamv/wamv/base_link,3,1.8281,-1.4204,-0.76321
3,35.265,/received_global_plan,wamv/wamv/base_link,4,2.3609,-1.9301,-0.75011
3,35.265,/received_global_plan,wamv/wamv/base_link,5,2.8778,-2.4117,-0.66376
3,35.265,/received_global_plan,wamv/wamv/base_link,6,3.4061,-2.8249,-0.50749
3,35.265,/received_global_plan,wamv/wamv/base_link,7,3.9618,-3.1340,-0.29687
3,35.265,/received_global_plan,wamv/wamv/base_link,8,4.5450,-3.3123,-0.05610
3,35.265,/received_global_plan,wamv/wamv/base_link,9,5.1428,-3.3459,0.18554
3,35.265,/received_global_plan,wamv/wamv/base_link,10,5.7368,-3.2344,0.39989
3,35.265,/received_global_plan,wamv/wamv/base_link,11,6.3112,-2.9916,0.56545
3,35.265,/received_global_plan,wamv/wamv/base_link,12,6.8593,-2.6439,0.67002
3,35.265,/received_global_plan,wamv/wamv/base_link,13,7.3866,-2.2260,0.71239
3,35.265,/received_global_plan,wamv/wamv/base_link,14,7.9082,-1.7755,0.70050
3,35.265,/received_global_plan,wamv/wamv/base_link,15,8.4413,-1.3260,0.64976
3,35.265,/received_global_plan,wamv/wamv/base_link,16,8.9990,-0.9024,0.58706
3,35.265,/received_global_plan,wamv/wamv/base_link,17,9.5831,-0.5137,0.54410
3,35.265,/received_global_plan,wamv/wamv/base_link,18,10.1842,-0.1501,0.00441
4,35.364,/received_global_plan,wamv/wamv/base_link,0,0.0042,-0.0045,-0.61522
4,35.364,/received_global_plan,wamv/wamv/base_link,1,0.6424,-0.4555,-0.66151
4,35.364,/received_global_plan,wamv/wamv/base_link,2,1.2532,-0.9311,-0.72636
4,35.364,/received_global_plan,wamv/wamv/base_link,3,1.8212,-1.4357,-0.77024
4,35.364,/received_global_plan,wamv/wamv/base_link,4,2.3504,-1.9491,-0.75713
4,35.364,/received_global_plan,wamv/wamv/base_link,5,2.8639,-2.4343,-0.67079
4,35.364,/received_global_plan,wamv/wamv/base_link,6,3.3893,-2.8512,-0.51452
4,35.364,/received_global_plan,wamv/wamv/base_link,7,3.9428,-3.1641,-0.30389
4,35.364,/received_global_plan,wamv/wamv/base_link,8,4.5247,-3.3466,-0.06312
4,35.364,/received_global_plan,wamv/wamv/base_link,9,5.1222,-3.3844,0.17853
4,35.364,/received_global_plan,wamv/wamv/base_link,10,5.7170,-3.2770,0.39289
4,35.364,/received_global_plan,wamv/wamv/base_link,11,6.2931,-3.0383,0.55845
4,35.364,/received_global_plan,wamv/wamv/base_link,12,6.8435,-2.6944,0.66303
4,35.364,/received_global_plan,wamv/wamv/base_link,13,7.3738,-2.2803,0.70540
4,35.364,/received_global_plan,wamv/wamv/base_link,14,7.8985,-1.8334,0.69350
4,35.364,/received_global_plan,wamv/wamv/base_link,15,8.4348,-1.3877,0.64276
4,35.364,/received_global_plan,wamv/wamv/base_link,16,8.9953,-0.9679,0.58006
4,35.364,/received_global_plan,wamv/wamv/base_link,17,9.5822,-0.5834,0.53709
4,35.364,/received_global_plan,wamv/wamv/base_link,18,10.1857,-0.2240,-0.00261
5,35.465,/received_global_plan,wamv/wamv/base_link,0,0.0042,-0.0045,-0.61522
5,35.465,/received_global_plan,wamv/wamv/base_link,1,0.6424,-0.4555,-0.66151
5,35.465,/received_global_plan,wamv/wamv/base_link,2,1.2532,-0.9311,-0.72636
5,35.465,/received_global_plan,wamv/wamv/base_link,3,1.8212,-1.4357,-0.77024
5,35.465,/received_global_plan,wamv/wamv/base_link,4,2.3504,-1.9491,-0.75713
5,35.465,/received_global_plan,wamv/wamv/base_link,5,2.8639,-2.4343,-0.67079
5,35.465,/received_global_plan,wamv/wamv/base_link,6,3.3893,-2.8512,-0.51452
5,35.465,/received_global_plan,wamv/wamv/base_link,7,3.9428,-3.1641,-0.30389
5,35.465,/received_global_plan,wamv/wamv/base_link,8,4.5247,-3.3466,-0.06312
5,35.465,/received_global_plan,wamv/wamv/base_link,9,5.1222,-3.3844,0.17853
5,35.465,/received_global_plan,wamv/wamv/base_link,10,5.7170,-3.2770,0.39289
5,35.465,/received_global_plan,wamv/wamv/base_link,11,6.2931,-3.0383,0.55845
5,35.465,/received_global_plan,wamv/wamv/base_link,12,6.8435,-2.6944,0.66303
5,35.465,/received_global_plan,wamv/wamv/base_link,13,7.3738,-2.2803,0.70540
5,35.465,/received_global_plan,wamv/wamv/base_link,14,7.8985,-1.8334,0.69350
5,35.465,/received_global_plan,wamv/wamv/base_link,15,8.4348,-1.3877,0.64276
5,35.465,/received_global_plan,wamv/wamv/base_link,16,8.9953,-0.9679,0.58006
5,35.465,/received_global_plan,wamv/wamv/base_link,17,9.5822,-0.5834,0.53709
5,35.465,/received_global_plan,wamv/wamv/base_link,18,10.1857,-0.2240,-0.00261
6,35.565,/received_global_plan,wamv/wamv/base_link,0,0.0042,-0.0045,-0.61522
6,35.565,/received_global_plan,wamv/wamv/base_link,1,0.6424,-0.4555,-0.66151
6,35.565,/received_global_plan,wamv/wamv/base_link,2,1.2532,-0.9311,-0.72636
6,35.565,/received_global_plan,wamv/wamv/base_link,3,1.8212,-1.4357,-0.77024
6,35.565,/received_global_plan,wamv/wamv/base_link,4,2.3504,-1.9491,-0.75713
6,35.565,/received_global_plan,wamv/wamv/base_link,5,2.8639,-2.4343,-0.67079
6,35.565,/received_global_plan,wamv/wamv/base_link,6,3.3893,-2.8512,-0.51452
6,35.565,/received_global_plan,wamv/wamv/base_link,7,3.9428,-3.1641,-0.30389
6,35.565,/received_global_plan,wamv/wamv/base_link,8,4.5247,-3.3466,-0.06312
6,35.565,/received_global_plan,wamv/wamv/base_link,9,5.1222,-3.3844,0.17853
6,35.565,/received_global_plan,wamv/wamv/base_link,10,5.7170,-3.2770,0.39289
6,35.565,/received_global_plan,wamv/wamv/base_link,11,6.2931,-3.0383,0.55845
6,35.565,/received_global_plan,wamv/wamv/base_link,12,6.8435,-2.6944,0.66303
6,35.565,/received_global_plan,wamv/wamv/base_link,13,7.3738,-2.2803,0.70540
6,35.565,/received_global_plan,wamv/wamv/base_link,14,7.8985,-1.8334,0.69350
6,35.565,/received_global_plan,wamv/wamv/base_link,15,8.4348,-1.3877,0.64276
6,35.565,/received_global_plan,wamv/wamv/base_link,16,8.9953,-0.9679,0.58006
6,35.565,/received_global_plan,wamv/wamv/base_link,17,9.5822,-0.5834,0.53709
6,35.565,/received_global_plan,wamv/wamv/base_link,18,10.1857,-0.2240,-0.00261
7,35.665,/received_global_plan,wamv/wamv/base_link,0,0.0042,-0.0045,-0.61522
7,35.665,/received_global_plan,wamv/wamv/base_link,1,0.6424,-0.4555,-0.66151
7,35.665,/received_global_plan,wamv/wamv/base_link,2,1.2532,-0.9311,-0.72636
7,35.665,/received_global_plan,wamv/wamv/base_link,3,1.8212,-1.4357,-0.77024
7,35.665,/received_global_plan,wamv/wamv/base_link,4,2.3504,-1.9491,-0.75713
7,35.665,/received_global_plan,wamv/wamv/base_link,5,2.8639,-2.4343,-0.67079
7,35.665,/received_global_plan,wamv/wamv/base_link,6,3.3893,-2.8512,-0.51452
7,35.665,/received_global_plan,wamv/wamv/base_link,7,3.9428,-3.1641,-0.30389
7,35.665,/received_global_plan,wamv/wamv/base_link,8,4.5247,-3.3466,-0.06312
7,35.665,/received_global_plan,wamv/wamv/base_link,9,5.1222,-3.3844,0.17853
7,35.665,/received_global_plan,wamv/wamv/base_link,10,5.7170,-3.2770,0.39289
7,35.665,/received_global_plan,wamv/wamv/base_link,11,6.2931,-3.0383,0.55845
7,35.665,/received_global_plan,wamv/wamv/base_link,12,6.8435,-2.6944,0.66303
7,35.665,/received_global_plan,wamv/wamv/base_link,13,7.3738,-2.2803,0.70540
7,35.665,/received_global_plan,wamv/wamv/base_link,14,7.8985,-1.8334,0.69350
7,35.665,/received_global_plan,wamv/wamv/base_link,15,8.4348,-1.3877,0.64276
7,35.665,/received_global_plan,wamv/wamv/base_link,16,8.9953,-0.9679,0.58006
7,35.665,/received_global_plan,wamv/wamv/base_link,17,9.5822,-0.5834,0.53709
7,35.665,/received_global_plan,wamv/wamv/base_link,18,10.1857,-0.2240,-0.00261
8,35.764,/received_global_plan,wamv/wamv/base_link,0,0.0042,-0.0045,-0.61522
8,35.764,/received_global_plan,wamv/wamv/base_link,1,0.6424,-0.4555,-0.66151
8,35.764,/received_global_plan,wamv/wamv/base_link,2,1.2532,-0.9311,-0.72636
8,35.764,/received_global_plan,wamv/wamv/base_link,3,1.8212,-1.4357,-0.77024
8,35.764,/received_global_plan,wamv/wamv/base_link,4,2.3504,-1.9491,-0.75713
8,35.764,/received_global_plan,wamv/wamv/base_link,5,2.8639,-2.4343,-0.67079
8,35.764,/received_global_plan,wamv/wamv/base_link,6,3.3893,-2.8512,-0.51452
8,35.764,/received_global_plan,wamv/wamv/base_link,7,3.9428,-3.1641,-0.30389
8,35.764,/received_global_plan,wamv/wamv/base_link,8,4.5247,-3.3466,-0.06312
8,35.764,/received_global_plan,wamv/wamv/base_link,9,5.1222,-3.3844,0.17853
8,35.764,/received_global_plan,wamv/wamv/base_link,10,5.7170,-3.2770,0.39289
8,35.764,/received_global_plan,wamv/wamv/base_link,11,6.2931,-3.0383,0.55845
8,35.764,/received_global_plan,wamv/wamv/base_link,12,6.8435,-2.6944,0.66303
8,35.764,/received_global_plan,wamv/wamv/base_link,13,7.3738,-2.2803,0.70540
8,35.764,/received_global_plan,wamv/wamv/base_link,14,7.8985,-1.8334,0.69350
8,35.764,/received_global_plan,wamv/wamv/base_link,15,8.4348,-1.3877,0.64276
8,35.764,/received_global_plan,wamv/wamv/base_link,16,8.9953,-0.9679,0.58006
8,35.764,/received_global_plan,wamv/wamv/base_link,17,9.5822,-0.5834,0.53709
8,35.764,/received_global_plan,wamv/wamv/base_link,18,10.1857,-0.2240,-0.00261
9,35.864,/received_global_plan,wamv/wamv/base_link,0,0.0042,-0.0045,-0.61522
9,35.864,/received_global_plan,wamv/wamv/base_link,1,0.6424,-0.4555,-0.66151
9,35.864,/received_global_plan,wamv/wamv/base_link,2,1.2532,-0.9311,-0.72636
9,35.864,/received_global_plan,wamv/wamv/base_link,3,1.8212,-1.4357,-0.77024
9,35.864,/received_global_plan,wamv/wamv/base_link,4,2.3504,-1.9491,-0.75713
9,35.864,/received_global_plan,wamv/wamv/base_link,5,2.8639,-2.4343,-0.67079
9,35.864,/received_global_plan,wamv/wamv/base_link,6,3.3893,-2.8512,-0.51452
9,35.864,/received_global_plan,wamv/wamv/base_link,7,3.9428,-3.1641,-0.30389
9,35.864,/received_global_plan,wamv/wamv/base_link,8,4.5247,-3.3466,-0.06312
9,35.864,/received_global_plan,wamv/wamv/base_link,9,5.1222,-3.3844,0.17853
9,35.864,/received_global_plan,wamv/wamv/base_link,10,5.7170,-3.2770,0.39289
9,35.864,/received_global_plan,wamv/wamv/base_link,11,6.2931,-3.0383,0.55845
9,35.864,/received_global_plan,wamv/wamv/base_link,12,6.8435,-2.6944,0.66303
9,35.864,/received_global_plan,wamv/wamv/base_link,13,7.3738,-2.2803,0.70540
9,35.864,/received_global_plan,wamv/wamv/base_link,14,7.8985,-1.8334,0.69350
9,35.864,/received_global_plan,wamv/wamv/base_link,15,8.4348,-1.3877,0.64276
9,35.864,/received_global_plan,wamv/wamv/base_link,16,8.9953,-0.9679,0.58006
9,35.864,/received_global_plan,wamv/wamv/base_link,17,9.5822,-0.5834,0.53709
9,35.864,/received_global_plan,wamv/wamv/base_link,18,10.1857,-0.2240,-0.00261
10,35.965,/received_global_plan,wamv/wamv/base_link,0,0.0042,-0.0045,-0.61522
10,35.965,/received_global_plan,wamv/wamv/base_link,1,0.6424,-0.4555,-0.66151
10,35.965,/received_global_plan,wamv/wamv/base_link,2,1.2532,-0.9311,-0.72636
10,35.965,/received_global_plan,wamv/wamv/base_link,3,1.8212,-1.4357,-0.77024
10,35.965,/received_global_plan,wamv/wamv/base_link,4,2.3504,-1.9491,-0.75713
10,35.965,/received_global_plan,wamv/wamv/base_link,5,2.8639,-2.4343,-0.67079
10,35.965,/received_global_plan,wamv/wamv/base_link,6,3.3893,-2.8512,-0.51452
10,35.965,/received_global_plan,wamv/wamv/base_link,7,3.9428,-3.1641,-0.30389
10,35.965,/received_global_plan,wamv/wamv/base_link,8,4.5247,-3.3466,-0.06312
10,35.965,/received_global_plan,wamv/wamv/base_link,9,5.1222,-3.3844,0.17853
10,35.965,/received_global_plan,wamv/wamv/base_link,10,5.7170,-3.2770,0.39289
10,35.965,/received_global_plan,wamv/wamv/base_link,11,6.2931,-3.0383,0.55845
10,35.965,/received_global_plan,wamv/wamv/base_link,12,6.8435,-2.6944,0.66303
10,35.965,/received_global_plan,wamv/wamv/base_link,13,7.3738,-2.2803,0.70540
10,35.965,/received_global_plan,wamv/wamv/base_link,14,7.8985,-1.8334,0.69350
10,35.965,/received_global_plan,wamv/wamv/base_link,15,8.4348,-1.3877,0.64276
10,35.965,/received_global_plan,wamv/wamv/base_link,16,8.9953,-0.9679,0.58006
10,35.965,/received_global_plan,wamv/wamv/base_link,17,9.5822,-0.5834,0.53709
10,35.965,/received_global_plan,wamv/wamv/base_link,18,10.1857,-0.2240,-0.00261
11,36.064,/received_global_plan,wamv/wamv/base_link,0,0.0042,-0.0045,-0.61522
11,36.064,/received_global_plan,wamv/wamv/base_link,1,0.6424,-0.4555,-0.66151
11,36.064,/received_global_plan,wamv/wamv/base_link,2,1.2532,-0.9311,-0.72636
11,36.064,/received_global_plan,wamv/wamv/base_link,3,1.8212,-1.4357,-0.77024
11,36.064,/received_global_plan,wamv/wamv/base_link,4,2.3504,-1.9491,-0.75713
11,36.064,/received_global_plan,wamv/wamv/base_link,5,2.8639,-2.4343,-0.67079
11,36.064,/received_global_plan,wamv/wamv/base_link,6,3.3893,-2.8512,-0.51452
11,36.064,/received_global_plan,wamv/wamv/base_link,7,3.9428,-3.1641,-0.30389
11,36.064,/received_global_plan,wamv/wamv/base_link,8,4.5247,-3.3466,-0.06312
11,36.064,/received_global_plan,wamv/wamv/base_link,9,5.1222,-3.3844,0.17853
11,36.064,/received_global_plan,wamv/wamv/base_link,10,5.7170,-3.2770,0.39289
11,36.064,/received_global_plan,wamv/wamv/base_link,11,6.2931,-3.0383,0.55845
11,36.064,/received_global_plan,wamv/wamv/base_link,12,6.8435,-2.6944,0.66303
11,36.064,/received_global_plan,wamv/wamv/base_link,13,7.3738,-2.2803,0.70540
11,36.064,/received_global_plan,wamv/wamv/base_link,14,7.8985,-1.8334,0.69350
11,36.064,/received_global_plan,wamv/wamv/base_link,15,8.4348,-1.3877,0.64276
11,36.064,/received_global_plan,wamv/wamv/base_link,16,8.9953,-0.9679,0.58006
11,36.064,/received_global_plan,wamv/wamv/base_link,17,9.5822,-0.5834,0.53709
11,36.064,/received_global_plan,wamv/wamv/base_link,18,10.1857,-0.2240,-0.00261
12,36.164,/received_global_plan,wamv/wamv/base_link,0,0.0042,-0.0045,-0.61522
12,36.164,/received_global_plan,wamv/wamv/base_link,1,0.6424,-0.4555,-0.66151
12,36.164,/received_global_plan,wamv/wamv/base_link,2,1.2532,-0.9311,-0.72636
12,36.164,/received_global_plan,wamv/wamv/base_link,3,1.8212,-1.4357,-0.77024
12,36.164,/received_global_plan,wamv/wamv/base_link,4,2.3504,-1.9491,-0.75713
12,36.164,/received_global_plan,wamv/wamv/base_link,5,2.8639,-2.4343,-0.67079
12,36.164,/received_global_plan,wamv/wamv/base_link,6,3.3893,-2.8512,-0.51452
12,36.164,/received_global_plan,wamv/wamv/base_link,7,3.9428,-3.1641,-0.30389
12,36.164,/received_global_plan,wamv/wamv/base_link,8,4.5247,-3.3466,-0.06312
12,36.164,/received_global_plan,wamv/wamv/base_link,9,5.1222,-3.3844,0.17853
12,36.164,/received_global_plan,wamv/wamv/base_link,10,5.7170,-3.2770,0.39289
12,36.164,/received_global_plan,wamv/wamv/base_link,11,6.2931,-3.0383,0.55845
12,36.164,/received_global_plan,wamv/wamv/base_link,12,6.8435,-2.6944,0.66303
12,36.164,/received_global_plan,wamv/wamv/base_link,13,7.3738,-2.2803,0.70540
12,36.164,/received_global_plan,wamv/wamv/base_link,14,7.8985,-1.8334,0.69350
12,36.164,/received_global_plan,wamv/wamv/base_link,15,8.4348,-1.3877,0.64276
12,36.164,/received_global_plan,wamv/wamv/base_link,16,8.9953,-0.9679,0.58006
12,36.164,/received_global_plan,wamv/wamv/base_link,17,9.5822,-0.5834,0.53709
12,36.164,/received_global_plan,wamv/wamv/base_link,18,10.1857,-0.2240,-0.00261
13,36.264,/received_global_plan,wamv/wamv/base_link,0,0.0860,-0.0502,-0.60541
13,36.264,/received_global_plan,wamv/wamv/base_link,1,0.7287,-0.4950,-0.65170
13,36.264,/received_global_plan,wamv/wamv/base_link,2,1.3441,-0.9645,-0.71655
13,36.264,/received_global_plan,wamv/wamv/base_link,3,1.9170,-1.4635,-0.76043
13,36.264,/received_global_plan,wamv/wamv/base_link,4,2.4513,-1.9717,-0.74733
13,36.264,/received_global_plan,wamv/wamv/base_link,5,2.9694,-2.4518,-0.66098
13,36.264,/received_global_plan,wamv/wamv/base_link,6,3.4989,-2.8636,-0.50471
13,36.264,/received_global_plan,wamv/wamv/base_link,7,4.0555,-3.1711,-0.29408
13,36.264,/received_global_plan,wamv/wamv/base_link,8,4.6391,-3.3478,-0.05331
13,36.264,/received_global_plan,wamv/wamv/base_link,9,5.2370,-3.3797,0.18833
13,36.264,/received_global_plan,wamv/wamv/base_link,10,5.8308,-3.2666,0.40269
13,36.264,/received_global_plan,wamv/wamv/base_link,11,6.4045,-3.0222,0.56825
13,36.264,/received_global_plan,wamv/wamv/base_link,12,6.9515,-2.6729,0.67282
13,36.264,/received_global_plan,wamv/wamv/base_link,13,7.4777,-2.2536,0.71519
13,36.264,/received_global_plan,wamv/wamv/base_link,14,7.9980,-1.8016,0.70329
13,36.264,/received_global_plan,wamv/wamv/base_link,15,8.5299,-1.3506,0.65255
13,36.264,/received_global_plan,wamv/wamv/base_link,16,9.0863,-0.9254,0.58985
13,36.264,/received_global_plan,wamv/wamv/base_link,17,9.6694,-0.5351,0.54689
13,36.264,/received_global_plan,wamv/wamv/base_link,18,10.2694,-0.1698,0.00720
14,36.365,/received_global_plan,wamv/wamv/base_link,0,0.0914,-0.0662,-0.61009
14,36.365,/received_global_plan,wamv/wamv/base_link,1,0.7319,-0.5140,-0.65638
14,36.365,/received_global_plan,wamv/wamv/base_link,2,1.3452,-0.9864,-0.72124
14,36.365,/received_global_plan,wamv/wamv/base_link,3,1.9157,-1.4880,-0.76511
14,36.365,/received_global_plan,wamv/wamv/base_link,4,2.4475,-1.9987,-0.75201
14,36.365,/received_global_plan,wamv/wamv/base_link,5,2.9635,-2.4813,-0.66566
14,36.365,/received_global_plan,wamv/wamv/base_link,6,3.4910,-2.8955,-0.50939
14,36.365,/received_global_plan,wamv/wamv/base_link,7,4.0461,-3.2056,-0.29876
14,36.365,/received_global_plan,wamv/wamv/base_link,8,4.6289,-3.3851,-0.05799
14,36.365,/received_global_plan,wamv/wamv/base_link,9,5.2266,-3.4198,0.18366
14,36.365,/received_global_plan,wamv/wamv/base_link,10,5.8209,-3.3094,0.39802
14,36.365,/received_global_plan,wamv/wamv/base_link,11,6.3957,-3.0677,0.56359
14,36.365,/received_global_plan,wamv/wamv/base_link,12,6.9444,-2.7210,0.66816
14,36.365,/received_global_plan,wamv/wamv/base_link,13,7.4725,-2.3042,0.71053
14,36.365,/received_global_plan,wamv/wamv/base_link,14,7.9949,-1.8546,0.69863
14,36.365,/received_global_plan,wamv/wamv/base_link,15,8.5289,-1.4061,0.64789
14,36.365,/received_global_plan,wamv/wamv/base_link,16,9.0873,-0.9835,0.58519
14,36.365,/received_global_plan,wamv/wamv/base_link,17,9.6721,-0.5960,0.54223
14,36.365,/received_global_plan,wamv/wamv/base_link,18,10.2738,-0.2335,0.00252
15,36.464,/received_global_plan,wamv/wamv/base_link,0,0.0949,-0.0739,-0.60728
15,36.464,/received_global_plan,wamv/wamv/base_link,1,0.7367,-0.5198,-0.65357
15,36.464,/received_global_plan,wamv/wamv/base_link,2,1.3513,-0.9905,-0.71843
15,36.464,/received_global_plan,wamv/wamv/base_link,3,1.9232,-1.4905,-0.76231
15,36.464,/received_global_plan,wamv/wamv/base_link,4,2.4565,-1.9998,-0.74920
15,36.464,/received_global_plan,wamv/wamv/base_link,5,2.9738,-2.4809,-0.66285
15,36.464,/received_global_plan,wamv/wamv/base_link,6,3.5024,-2.8936,-0.50658
15,36.464,/received_global_plan,wamv/wamv/base_link,7,4.0584,-3.2021,-0.29595
15,36.464,/received_global_plan,wamv/wamv/base_link,8,4.6417,-3.3800,-0.05518
15,36.464,/received_global_plan,wamv/wamv/base_link,9,5.2395,-3.4130,0.18648
15,36.464,/received_global_plan,wamv/wamv/base_link,10,5.8335,-3.3009,0.40083
15,36.464,/received_global_plan,wamv/wamv/base_link,11,6.4076,-3.0576,0.56640
15,36.464,/received_global_plan,wamv/wamv/base_link,12,6.9553,-2.7093,0.67097
15,36.464,/received_global_plan,wamv/wamv/base_link,13,7.4823,-2.2910,0.71333
15,36.464,/received_global_plan,wamv/wamv/base_link,14,8.0035,-1.8400,0.70144
15,36.464,/received_global_plan,wamv/wamv/base_link,15,8.5362,-1.3900,0.65070
15,36.464,/received_global_plan,wamv/wamv/base_link,16,9.0934,-0.9658,0.58800
15,36.464,/received_global_plan,wamv/wamv/base_link,17,9.6772,-0.5766,0.54504
15,36.464,/received_global_plan,wamv/wamv/base_link,18,10.2778,-0.2125,0.00534
16,36.565,/received_global_plan,wamv/wamv/base_link,0,0.0923,-0.0726,-0.61104
16,36.565,/received_global_plan,wamv/wamv/base_link,1,0.7324,-0.5209,-0.65733
16,36.565,/received_global_plan,wamv/wamv/base_link,2,1.3452,-0.9939,-0.72218
16,36.565,/received_global_plan,wamv/wamv/base_link,3,1.9153,-1.4961,-0.76606
16,36.565,/received_global_plan,wamv/wamv/base_link,4,2.4467,-2.0073,-0.75295
16,36.565,/received_global_plan,wamv/wamv/base_link,5,2.9621,-2.4904,-0.66661
16,36.565,/received_global_plan,wamv/wamv/base_link,6,3.4892,-2.9051,-0.51033
16,36.565,/received_global_plan,wamv/wamv/base_link,7,4.0441,-3.2157,-0.29971
16,36.565,/received_global_plan,wamv/wamv/base_link,8,4.6267,-3.3957,-0.05894
16,36.565,/received_global_plan,wamv/wamv/base_link,9,5.2244,-3.4310,0.18271
16,36.565,/received_global_plan,wamv/wamv/base_link,10,5.8188,-3.3212,0.39707
16,36.565,/received_global_plan,wamv/wamv/base_link,11,6.3938,-3.0800,0.56264
16,36.565,/received_global_plan,wamv/wamv/base_link,12,6.9428,-2.7338,0.66722
16,36.565,/received_global_plan,wamv/wamv/base_link,13,7.4713,-2.3175,0.70958
16,36.565,/received_global_plan,wamv/wamv/base_link,14,7.9942,-1.8685,0.69769
16,36.565,/received_global_plan,wamv/wamv/base_link,15,8.5285,-1.4205,0.64695
16,36.565,/received_global_plan,wamv/wamv/base_link,16,9.0873,-0.9984,0.58424
16,36.565,/received_global_plan,wamv/wamv/base_link,17,9.6726,-0.6114,0.54128
16,36.565,/received_global_plan,wamv/wamv/base_link,18,10.2746,-0.2495,0.00158
17,36.664,/received_global_plan,wamv/wamv/base_link,0,0.0923,-0.0726,-0.61104
17,36.664,/received_global_plan,wamv/wamv/base_link,1,0.7324,-0.5209,-0.65733
17,36.664,/received_global_plan,wamv/wamv/base_link,2,1.3452,-0.9939,-0.72218
17,36.664,/received_global_plan,wamv/wamv/base_link,3,1.9153,-1.4961,-0.76606
17,36.664,/received_global_plan,wamv/wamv/base_link,4,2.4467,-2.0073,-0.75295
17,36.664,/received_global_plan,wamv/wamv/base_link,5,2.9621,-2.4904,-0.66661
17,36.664,/received_global_plan,wamv/wamv/base_link,6,3.4892,-2.9051,-0.51033
17,36.664,/received_global_plan,wamv/wamv/base_link,7,4.0441,-3.2157,-0.29971
17,36.664,/received_global_plan,wamv/wamv/base_link,8,4.6267,-3.3957,-0.05894
17,36.664,/received_global_plan,wamv/wamv/base_link,9,5.2244,-3.4310,0.18271
17,36.664,/received_global_plan,wamv/wamv/base_link,10,5.8188,-3.3212,0.39707
17,36.664,/received_global_plan,wamv/wamv/base_link,11,6.3938,-3.0800,0.56264
17,36.664,/received_global_plan,wamv/wamv/base_link,12,6.9428,-2.7338,0.66722
17,36.664,/received_global_plan,wamv/wamv/base_link,13,7.4713,-2.3175,0.70958
17,36.664,/received_global_plan,wamv/wamv/base_link,14,7.9942,-1.8685,0.69769
17,36.664,/received_global_plan,wamv/wamv/base_link,15,8.5285,-1.4205,0.64695
17,36.664,/received_global_plan,wamv/wamv/base_link,16,9.0873,-0.9984,0.58424
17,36.664,/received_global_plan,wamv/wamv/base_link,17,9.6726,-0.6114,0.54128
17,36.664,/received_global_plan,wamv/wamv/base_link,18,10.2746,-0.2495,0.00158
18,36.765,/received_global_plan,wamv/wamv/base_link,0,0.0907,-0.0728,-0.60520
18,36.765,/received_global_plan,wamv/wamv/base_link,1,0.7334,-0.5174,-0.65149
18,36.765,/received_global_plan,wamv/wamv/base_link,2,1.3489,-0.9868,-0.71634
18,36.765,/received_global_plan,wamv/wamv/base_link,3,1.9219,-1.4856,-0.76022
18,36.765,/received_global_plan,wamv/wamv/base_link,4,2.4562,-1.9937,-0.74712
18,36.765,/received_global_plan,wamv/wamv/base_link,5,2.9745,-2.4738,-0.66077
18,36.765,/received_global_plan,wamv/wamv/base_link,6,3.5040,-2.8854,-0.50449
18,36.765,/received_global_plan,wamv/wamv/base_link,7,4.0607,-3.1927,-0.29386
18,36.765,/received_global_plan,wamv/wamv/base_link,8,4.6444,-3.3694,-0.05309
18,36.765,/received_global_plan,wamv/wamv/base_link,9,5.2422,-3.4011,0.18856
18,36.765,/received_global_plan,wamv/wamv/base_link,10,5.8360,-3.2879,0.40291
18,36.765,/received_global_plan,wamv/wamv/base_link,11,6.4096,-3.0433,0.56847
18,36.765,/received_global_plan,wamv/wamv/base_link,12,6.9566,-2.6939,0.67304
18,36.765,/received_global_plan,wamv/wamv/base_link,13,7.4827,-2.2745,0.71541
18,36.765,/received_global_plan,wamv/wamv/base_link,14,8.0029,-1.8224,0.70351
18,36.765,/received_global_plan,wamv/wamv/base_link,15,8.5347,-1.3713,0.65277
18,36.765,/received_global_plan,wamv/wamv/base_link,16,9.0910,-0.9460,0.59007
18,36.765,/received_global_plan,wamv/wamv/base_link,17,9.6740,-0.5556,0.54711
18,36.765,/received_global_plan,wamv/wamv/base_link,18,10.2739,-0.1901,0.00742
19,36.864,/received_global_plan,wamv/wamv/base_link,0,0.0834,-0.0671,-0.60712
19,36.864,/received_global_plan,wamv/wamv/base_link,1,0.7252,-0.5129,-0.65341
19,36.864,/received_global_plan,wamv/wamv/base_link,2,1.3399,-0.9835,-0.71826
19,36.864,/received_global_plan,wamv/wamv/base_link,3,1.9119,-1.4835,-0.76214
19,36.864,/received_global_plan,wamv/wamv/base_link,4,2.4453,-1.9926,-0.74903
19,36.864,/received_global_plan,wamv/wamv/base_link,5,2.9627,-2.4737,-0.66269
19,36.864,/received_global_plan,wamv/wamv/base_link,6,3.4914,-2.8863,-0.50641
19,36.864,/received_global_plan,wamv/wamv/base_link,7,4.0474,-3.1947,-0.29579
19,36.864,/received_global_plan,wamv/wamv/base_link,8,4.6308,-3.3725,-0.05502
19,36.864,/received_global_plan,wamv/wamv/base_link,9,5.2286,-3.4054,0.18663
19,36.864,/received_global_plan,wamv/wamv/base_link,10,5.8225,-3.2932,0.40099
19,36.864,/received_global_plan,wamv/wamv/base_link,11,6.3966,-3.0498,0.56656
19,36.864,/received_global_plan,wamv/wamv/base_link,12,6.9443,-2.7015,0.67113
19,36.864,/received_global_plan,wamv/wamv/base_link,13,7.4711,-2.2831,0.71350
19,36.864,/received_global_plan,wamv/wamv/base_link,14,7.9922,-1.8320,0.70161
19,36.864,/received_global_plan,wamv/wamv/base_link,15,8.5248,-1.3819,0.65086
19,36.864,/received_global_plan,wamv/wamv/base_link,16,9.0820,-0.9576,0.58816
19,36.864,/received_global_plan,wamv/wamv/base_link,17,9.6657,-0.5684,0.54520
19,36.864,/received_global_plan,wamv/wamv/base_link,18,10.2663,-0.2041,0.00550
20,36.964,/received_global_plan,wamv/wamv/base_link,0,0.0834,-0.0671,-0.60712
20,36.964,/received_global_plan,wamv/wamv/base_link,1,0.7252,-0.5129,-0.65341
20,36.964,/received_global_plan,wamv/wamv/base_link,2,1.3399,-0.9835,-0.71826
20,36.964,/received_global_plan,wamv/wamv/base_link,3,1.9119,-1.4835,-0.76214
20,36.964,/received_global_plan,wamv/wamv/base_link,4,2.4453,-1.9926,-0.74903
20,36.964,/received_global_plan,wamv/wamv/base_link,5,2.9627,-2.4737,-0.66269
20,36.964,/received_global_plan,wamv/wamv/base_link,6,3.4914,-2.8863,-0.50641
20,36.964,/received_global_plan,wamv/wamv/base_link,7,4.0474,-3.1947,-0.29579
20,36.964,/received_global_plan,wamv/wamv/base_link,8,4.6308,-3.3725,-0.05502
20,36.964,/received_global_plan,wamv/wamv/base_link,9,5.2286,-3.4054,0.18663
20,36.964,/received_global_plan,wamv/wamv/base_link,10,5.8225,-3.2932,0.40099
20,36.964,/received_global_plan,wamv/wamv/base_link,11,6.3966,-3.0498,0.56656
20,36.964,/received_global_plan,wamv/wamv/base_link,12,6.9443,-2.7015,0.67113
20,36.964,/received_global_plan,wamv/wamv/base_link,13,7.4711,-2.2831,0.71350
20,36.964,/received_global_plan,wamv/wamv/base_link,14,7.9922,-1.8320,0.70161
20,36.964,/received_global_plan,wamv/wamv/base_link,15,8.5248,-1.3819,0.65086
20,36.964,/received_global_plan,wamv/wamv/base_link,16,9.0820,-0.9576,0.58816
20,36.964,/received_global_plan,wamv/wamv/base_link,17,9.6657,-0.5684,0.54520
20,36.964,/received_global_plan,wamv/wamv/base_link,18,10.2663,-0.2041,0.00550
21,37.064,/received_global_plan,wamv/wamv/base_link,0,0.0797,-0.0660,-0.60455
21,37.064,/received_global_plan,wamv/wamv/base_link,1,0.7227,-0.5102,-0.65084
21,37.064,/received_global_plan,wamv/wamv/base_link,2,1.3385,-0.9793,-0.71569
21,37.064,/received_global_plan,wamv/wamv/base_link,3,1.9118,-1.4777,-0.75957
21,37.064,/received_global_plan,wamv/wamv/base_link,4,2.4465,-1.9855,-0.74646
21,37.064,/received_global_plan,wamv/wamv/base_link,5,2.9651,-2.4652,-0.66012
21,37.064,/received_global_plan,wamv/wamv/base_link,6,3.4949,-2.8764,-0.50384
21,37.064,/received_global_plan,wamv/wamv/base_link,7,4.0517,-3.1834,-0.29321
21,37.064,/received_global_plan,wamv/wamv/base_link,8,4.6355,-3.3597,-0.05244
21,37.064,/received_global_plan,wamv/wamv/base_link,9,5.2334,-3.3911,0.18921
21,37.064,/received_global_plan,wamv/wamv/base_link,10,5.8271,-3.2774,0.40356
21,37.064,/received_global_plan,wamv/wamv/base_link,11,6.4006,-3.0325,0.56912
21,37.064,/received_global_plan,wamv/wamv/base_link,12,6.9474,-2.6827,0.67369
21,37.064,/received_global_plan,wamv/wamv/base_link,13,7.4732,-2.2630,0.71606
21,37.064,/received_global_plan,wamv/wamv/base_link,14,7.9931,-1.8106,0.70416
21,37.064,/received_global_plan,wamv/wamv/base_link,15,8.5246,-1.3591,0.65342
21,37.064,/received_global_plan,wamv/wamv/base_link,16,9.0806,-0.9334,0.59072
21,37.064,/received_global_plan,wamv/wamv/base_link,17,9.6634,-0.5426,0.54776
21,37.064,/received_global_plan,wamv/wamv/base_link,18,10.2631,-0.1768,0.00807
22,37.165,/received_global_plan,wamv/wamv/base_link,0,0.0692,-0.0597,-0.60483
22,37.165,/received_global_plan,wamv/wamv/base_link,1,0.7121,-0.5040,-0.65112
22,37.165,/received_global_plan,wamv/wamv/base_link,2,1.3278,-0.9732,-0.71597
22,37.165,/received_global_plan,wamv/wamv/base_link,3,1.9010,-1.4719,-0.75985
22,37.165,/received_global_plan,wamv/wamv/base_link,4,2.4355,-1.9797,-0.74675
22,37.165,/received_global_plan,wamv/wamv/base_link,5,2.9540,-2.4596,-0.66040
22,37.165,/received_global_plan,wamv/wamv/base_link,6,3.4837,-2.8710,-0.50412
22,37.165,/received_global_plan,wamv/wamv/base_link,7,4.0404,-3.1782,-0.29349
22,37.165,/received_global_plan,wamv/wamv/base_link,8,4.6242,-3.3546,-0.05272
22,37.165,/received_global_plan,wamv/wamv/base_link,9,5.2220,-3.3861,0.18893
22,37.165,/received_global_plan,wamv/wamv/base_link,10,5.8157,-3.2726,0.40329
22,37.165,/received_global_plan,wamv/wamv/base_link,11,6.3893,-3.0279,0.56885
22,37.165,/received_global_plan,wamv/wamv/base_link,12,6.9361,-2.6783,0.67342
22,37.165,/received_global_plan,wamv/wamv/base_link,13,7.4620,-2.2587,0.71579
22,37.165,/received_global_plan,wamv/wamv/base_link,14,7.9821,-1.8064,0.70389
22,37.165,/received_global_plan,wamv/wamv/base_link,15,8.5137,-1.3551,0.65315
22,37.165,/received_global_plan,wamv/wamv/base_link,16,9.0699,-0.9295,0.59045
22,37.165,/received_global_plan,wamv/wamv/base_link,17,9.6527,-0.5389,0.54749
22,37.165,/received_global_plan,wamv/wamv/base_link,18,10.2525,-0.1733,0.00779
23,37.265,/received_global_plan,wamv/wamv/base_link,0,0.0659,-0.0563,-0.60302
23,37.265,/received_global_plan,wamv/wamv/base_link,1,0.7095,-0.4995,-0.64931
23,37.265,/received_global_plan,wamv/wamv/base_link,2,1.3262,-0.9676,-0.71416
23,37.265,/received_global_plan,wamv/wamv/base_link,3,1.9002,-1.4651,-0.75804
23,37.265,/received_global_plan,wamv/wamv/base_link,4,2.4357,-1.9721,-0.74493
23,37.265,/received_global_plan,wamv/wamv/base_link,5,2.9550,-2.4510,-0.65859
23,37.265,/received_global_plan,wamv/wamv/base_link,6,3.4854,-2.8615,-0.50231
23,37.265,/received_global_plan,wamv/wamv/base_link,7,4.0428,-3.1676,-0.29169
23,37.265,/received_global_plan,wamv/wamv/base_link,8,4.6268,-3.3430,-0.05092
23,37.265,/received_global_plan,wamv/wamv/base_link,9,5.2248,-3.3734,0.19073
23,37.265,/received_global_plan,wamv/wamv/base_link,10,5.8182,-3.2589,0.40508
23,37.265,/received_global_plan,wamv/wamv/base_link,11,6.3914,-3.0131,0.57065
23,37.265,/received_global_plan,wamv/wamv/base_link,12,6.9376,-2.6625,0.67522
23,37.265,/received_global_plan,wamv/wamv/base_link,13,7.4627,-2.2420,0.71759
23,37.265,/received_global_plan,wamv/wamv/base_link,14,7.9820,-1.7888,0.70569
23,37.265,/received_global_plan,wamv/wamv/base_link,15,8.5128,-1.3365,0.65495
23,37.265,/received_global_plan,wamv/wamv/base_link,16,9.0682,-0.9099,0.59225
23,37.265,/received_global_plan,wamv/wamv/base_link,17,9.6503,-0.5183,0.54929
23,37.265,/received_global_plan,wamv/wamv/base_link,18,10.2494,-0.1515,0.00960
24,37.365,/received_global_plan,wamv/wamv/base_link,0,0.0581,-0.0537,-0.60392
24,37.365,/received_global_plan,wamv/wamv/base_link,1,0.7014,-0.4975,-0.65021
24,37.365,/received_global_plan,wamv/wamv/base_link,2,1.3176,-0.9661,-0.71506
24,37.365,/received_global_plan,wamv/wamv/base_link,3,1.8912,-1.4642,-0.75894
24,37.365,/received_global_plan,wamv/wamv/base_link,4,2.4262,-1.9716,-0.74584
24,37.365,/received_global_plan,wamv/wamv/base_link,5,2.9451,-2.4510,-0.65949
24,37.365,/received_global_plan,wamv/wamv/base_link,6,3.4751,-2.8619,-0.50321
24,37.365,/received_global_plan,wamv/wamv/base_link,7,4.0321,-3.1686,-0.29258
24,37.365,/received_global_plan,wamv/wamv/base_link,8,4.6160,-3.3445,-0.05181
24,37.365,/received_global_plan,wamv/wamv/base_link,9,5.2140,-3.3755,0.18984
24,37.365,/received_global_plan,wamv/wamv/base_link,10,5.8075,-3.2614,0.40420
24,37.365,/received_global_plan,wamv/wamv/base_link,11,6.3809,-3.0162,0.56976
24,37.365,/received_global_plan,wamv/wamv/base_link,12,6.9274,-2.6660,0.67433
24,37.365,/received_global_plan,wamv/wamv/base_link,13,7.4529,-2.2460,0.71670
24,37.365,/received_global_plan,wamv/wamv/base_link,14,7.9726,-1.7932,0.70480
24,37.365,/received_global_plan,wamv/wamv/base_link,15,8.5038,-1.3414,0.65406
24,37.365,/received_global_plan,wamv/wamv/base_link,16,9.0596,-0.9154,0.59136
24,37.365,/received_global_plan,wamv/wamv/base_link,17,9.6420,-0.5242,0.54840
24,37.365,/received_global_plan,wamv/wamv/base_link,18,10.2415,-0.1580,0.00871
25,37.464,/received_global_plan,wamv/wamv/base_link,0,0.0560,-0.0507,-0.60202
25,37.464,/received_global_plan,wamv/wamv/base_link,1,0.7001,-0.4933,-0.64831
25,37.464,/received_global_plan,wamv/wamv/base_link,2,1.3172,-0.9608,-0.71317
25,37.464,/received_global_plan,wamv/wamv/base_link,3,1.8918,-1.4578,-0.75704
25,37.464,/received_global_plan,wamv/wamv/base_link,4,2.4277,-1.9642,-0.74394
25,37.464,/received_global_plan,wamv/wamv/base_link,5,2.9476,-2.4426,-0.65759
25,37.464,/received_global_plan,wamv/wamv/base_link,6,3.4784,-2.8525,-0.50132
25,37.464,/received_global_plan,wamv/wamv/base_link,7,4.0360,-3.1581,-0.29069
25,37.464,/received_global_plan,wamv/wamv/base_link,8,4.6203,-3.3329,-0.04993
25,37.464,/received_global_plan,wamv/wamv/base_link,9,5.2182,-3.3628,0.19172
25,37.464,/received_global_plan,wamv/wamv/base_link,10,5.8116,-3.2476,0.40608
25,37.464,/received_global_plan,wamv/wamv/base_link,11,6.3845,-3.0013,0.57164
25,37.464,/received_global_plan,wamv/wamv/base_link,12,6.9303,-2.6501,0.67621
25,37.464,/received_global_plan,wamv/wamv/base_link,13,7.4551,-2.2291,0.71858
25,37.464,/received_global_plan,wamv/wamv/base_link,14,7.9739,-1.7753,0.70669
25,37.464,/received_global_plan,wamv/wamv/base_link,15,8.5042,-1.3226,0.65594
25,37.464,/received_global_plan,wamv/wamv/base_link,16,9.0592,-0.8954,0.59324
25,37.464,/received_global_plan,wamv/wamv/base_link,17,9.6409,-0.5032,0.55028
25,37.464,/received_global_plan,wamv/wamv/base_link,18,10.2397,-0.1358,0.01059
26,37.564,/received_global_plan,wamv/wamv/base_link,0,0.0526,-0.0485,-0.60219
26,37.564,/received_global_plan,wamv/wamv/base_link,1,0.6966,-0.4912,-0.64848
26,37.564,/received_global_plan,wamv/wamv/base_link,2,1.3136,-0.9588,-0.71333
26,37.564,/received_global_plan,wamv/wamv/base_link,3,1.8881,-1.4559,-0.75721
26,37.564,/received_global_plan,wamv/wamv/base_link,4,2.4240,-1.9624,-0.74411
26,37.564,/received_global_plan,wamv/wamv/base_link,5,2.9437,-2.4409,-0.65776
26,37.564,/received_global_plan,wamv/wamv/base_link,6,3.4744,-2.8509,-0.50149
26,37.564,/received_global_plan,wamv/wamv/base_link,7,4.0320,-3.1566,-0.29086
26,37.564,/received_global_plan,wamv/wamv/base_link,8,4.6162,-3.3315,-0.05009
26,37.564,/received_global_plan,wamv/wamv/base_link,9,5.2142,-3.3615,0.19156
26,37.564,/received_global_plan,wamv/wamv/base_link,10,5.8076,-3.2464,0.40592
26,37.564,/received_global_plan,wamv/wamv/base_link,11,6.3805,-3.0001,0.57149
26,37.564,/received_global_plan,wamv/wamv/base_link,12,6.9264,-2.6491,0.67606
26,37.564,/received_global_plan,wamv/wamv/base_link,13,7.4512,-2.2281,0.71843
26,37.564,/received_global_plan,wamv/wamv/base_link,14,7.9700,-1.7745,0.70653
26,37.564,/received_global_plan,wamv/wamv/base_link,15,8.5004,-1.3218,0.65579
26,37.564,/received_global_plan,wamv/wamv/base_link,16,9.0555,-0.8948,0.59309
26,37.564,/received_global_plan,wamv/wamv/base_link,17,9.6373,-0.5026,0.55013
26,37.564,/received_global_plan,wamv/wamv/base_link,18,10.2361,-0.1354,0.01042
27,37.665,/received_global_plan,wamv/wamv/base_link,0,0.0462,-0.0461,-0.60196
27,37.665,/received_global_plan,wamv/wamv/base_link,1,0.6903,-0.4886,-0.64825
27,37.665,/received_global_plan,wamv/wamv/base_link,2,1.3074,-0.9561,-0.71311
27,37.665,/received_global_plan,wamv/wamv/base_link,3,1.8820,-1.4530,-0.75698
27,37.665,/received_global_plan,wamv/wamv/base_link,4,2.4180,-1.9594,-0.74388
27,37.665,/received_global_plan,wamv/wamv/base_link,5,2.9378,-2.4378,-0.65753
27,37.665,/received_global_plan,wamv/wamv/base_link,6,3.4687,-2.8477,-0.50126
27,37.665,/received_global_plan,wamv/wamv/base_link,7,4.0263,-3.1532,-0.29063
27,37.665,/received_global_plan,wamv/wamv/base_link,8,4.6106,-3.3280,-0.04986
27,37.665,/received_global_plan,wamv/wamv/base_link,9,5.2086,-3.3578,0.19178
27,37.665,/received_global_plan,wamv/wamv/base_link,10,5.8019,-3.2426,0.40614
27,37.665,/received_global_plan,wamv/wamv/base_link,11,6.3748,-2.9963,0.57170
27,37.665,/received_global_plan,wamv/wamv/base_link,12,6.9206,-2.6451,0.67627
27,37.665,/received_global_plan,wamv/wamv/base_link,13,7.4454,-2.2240,0.71863
27,37.665,/received_global_plan,wamv/wamv/base_link,14,7.9642,-1.7702,0.70674
27,37.665,/received_global_plan,wamv/wamv/base_link,15,8.4945,-1.3174,0.65600
27,37.665,/received_global_plan,wamv/wamv/base_link,16,9.0494,-0.8902,0.59330
27,37.665,/received_global_plan,wamv/wamv/base_link,17,9.6312,-0.4980,0.55034
27,37.665,/received_global_plan,wamv/wamv/base_link,18,10.2299,-0.1306,0.01065
28,37.764,/received_global_plan,wamv/wamv/base_link,0,0.0348,-0.0407,-0.60120
28,37.764,/received_global_plan,wamv/wamv/base_link,1,0.6793,-0.4827,-0.64749
28,37.764,/received_global_plan,wamv/wamv/base_link,2,1.2967,-0.9496,-0.71235
28,37.764,/received_global_plan,wamv/wamv/base_link,3,1.8717,-1.4462,-0.75623
28,37.764,/received_global_plan,wamv/wamv/base_link,4,2.4080,-1.9522,-0.74314
28,37.764,/received_global_plan,wamv/wamv/base_link,5,2.9282,-2.4302,-0.65679
28,37.764,/received_global_plan,wamv/wamv/base_link,6,3.4593,-2.8397,-0.50051
28,37.764,/received_global_plan,wamv/wamv/base_link,7,4.0172,-3.1448,-0.28988
28,37.764,/received_global_plan,wamv/wamv/base_link,8,4.6016,-3.3191,-0.04911
28,37.764,/received_global_plan,wamv/wamv/base_link,9,5.1996,-3.3485,0.19255
28,37.764,/received_global_plan,wamv/wamv/base_link,10,5.7928,-3.2328,0.40690
28,37.764,/received_global_plan,wamv/wamv/base_link,11,6.3655,-2.9860,0.57246
28,37.764,/received_global_plan,wamv/wamv/base_link,12,6.9111,-2.6344,0.67703
28,37.764,/received_global_plan,wamv/wamv/base_link,13,7.4355,-2.2129,0.71940
28,37.764,/received_global_plan,wamv/wamv/base_link,14,7.9539,-1.7588,0.70750
28,37.764,/received_global_plan,wamv/wamv/base_link,15,8.4839,-1.3056,0.65676
28,37.764,/received_global_plan,wamv/wamv/base_link,16,9.0385,-0.8780,0.59406
28,37.764,/received_global_plan,wamv/wamv/base_link,17,9.6199,-0.4853,0.55110
28,37.764,/received_global_plan,wamv/wamv/base_link,18,10.2184,-0.1174,0.01141
29,37.865,/received_global_plan,wamv/wamv/base_link,0,0.0306,-0.0362,-0.59926
29,37.865,/received_global_plan,wamv/wamv/base_link,1,0.6759,-0.4770,-0.64555
29,37.865,/received_global_plan,wamv/wamv/base_link,2,1.2943,-0.9427,-0.71040
29,37.865,/received_global_plan,wamv/wamv/base_link,3,1.8702,-1.4382,-0.75428
29,37.865,/received_global_plan,wamv/wamv/base_link,4,2.4076,-1.9431,-0.74117
29,37.865,/received_global_plan,wamv/wamv/base_link,5,2.9287,-2.4201,-0.65482
29,37.865,/received_global_plan,wamv/wamv/base_link,6,3.4607,-2.8285,-0.49855
29,37.865,/received_global_plan,wamv/wamv/base_link,7,4.0192,-3.1326,-0.28792
29,37.865,/received_global_plan,wamv/wamv/base_link,8,4.6039,-3.3057,-0.04716
29,37.865,/received_global_plan,wamv/wamv/base_link,9,5.2020,-3.3340,0.19449
29,37.865,/received_global_plan,wamv/wamv/base_link,10,5.7950,-3.2171,0.40884
29,37.865,/received_global_plan,wamv/wamv/base_link,11,6.3672,-2.9692,0.57441
29,37.865,/received_global_plan,wamv/wamv/base_link,12,6.9121,-2.6166,0.67898
29,37.865,/received_global_plan,wamv/wamv/base_link,13,7.4357,-2.1940,0.72134
29,37.865,/received_global_plan,wamv/wamv/base_link,14,7.9532,-1.7389,0.70945
29,37.865,/received_global_plan,wamv/wamv/base_link,15,8.4823,-1.2846,0.65871
29,37.865,/received_global_plan,wamv/wamv/base_link,16,9.0361,-0.8560,0.59601
29,37.865,/received_global_plan,wamv/wamv/base_link,17,9.6168,-0.4621,0.55305
29,37.865,/received_global_plan,wamv/wamv/base_link,18,10.2145,-0.0931,0.01336
30,37.964,/received_global_plan,wamv/wamv/base_link,0,0.0206,-0.0332,-0.60076
30,37.964,/received_global_plan,wamv/wamv/base_link,1,0.6653,-0.4749,-0.64705
30,37.964,/received_global_plan,wamv/wamv/base_link,2,1.2829,-0.9416,-0.71191
30,37.964,/received_global_plan,wamv/wamv/base_link,3,1.8581,-1.4379,-0.75578
30,37.964,/received_global_plan,wamv/wamv/base_link,4,2.3947,-1.9436,-0.74268
30,37.964,/received_global_plan,wamv/wamv/base_link,5,2.9151,-2.4213,-0.65633
30,37.964,/received_global_plan,wamv/wamv/base_link,6,3.4464,-2.8306,-0.50005
30,37.964,/received_global_plan,wamv/wamv/base_link,7,4.0044,-3.1355,-0.28942
30,37.964,/received_global_plan,wamv/wamv/base_link,8,4.5888,-3.3095,-0.04864
30,37.964,/received_global_plan,wamv/wamv/base_link,9,5.1869,-3.3386,0.19301
30,37.964,/received_global_plan,wamv/wamv/base_link,10,5.7801,-3.2227,0.40737
30,37.964,/received_global_plan,wamv/wamv/base_link,11,6.3526,-2.9756,0.57293
30,37.964,/received_global_plan,wamv/wamv/base_link,12,6.8980,-2.6238,0.67749
30,37.964,/received_global_plan,wamv/wamv/base_link,13,7.4222,-2.2020,0.71986
30,37.964,/received_global_plan,wamv/wamv/base_link,14,7.9405,-1.7476,0.70797
30,37.964,/received_global_plan,wamv/wamv/base_link,15,8.4702,-1.2942,0.65723
30,37.964,/received_global_plan,wamv/wamv/base_link,16,9.0246,-0.8663,0.59453
30,37.964,/received_global_plan,wamv/wamv/base_link,17,9.6059,-0.4733,0.55157
30,37.964,/received_global_plan,wamv/wamv/base_link,18,10.2042,-0.1052,0.01188
31,38.064,/received_global_plan,wamv/wamv/base_link,0,0.0163,-0.0278,-0.59772
31,38.064,/received_global_plan,wamv/wamv/base_link,1,0.6623,-0.4676,-0.64401
31,38.064,/received_global_plan,wamv/wamv/base_link,2,1.2814,-0.9324,-0.70886
31,38.064,/received_global_plan,wamv/wamv/base_link,3,1.8581,-1.4269,-0.75274
31,38.064,/received_global_plan,wamv/wamv/base_link,4,2.3962,-1.9310,-0.73964
31,38.064,/received_global_plan,wamv/wamv/base_link,5,2.9181,-2.4072,-0.65329
31,38.064,/received_global_plan,wamv/wamv/base_link,6,3.4507,-2.8148,-0.49702
31,38.064,/received_global_plan,wamv/wamv/base_link,7,4.0096,-3.1180,-0.28639
31,38.064,/received_global_plan,wamv/wamv/base_link,8,4.5946,-3.2903,-0.04563
31,38.064,/received_global_plan,wamv/wamv/base_link,9,5.1927,-3.3176,0.19603
31,38.064,/received_global_plan,wamv/wamv/base_link,10,5.7855,-3.1999,0.41039
31,38.064,/received_global_plan,wamv/wamv/base_link,11,6.3573,-2.9511,0.57596
31,38.064,/received_global_plan,wamv/wamv/base_link,12,6.9017,-2.5976,0.68053
31,38.064,/received_global_plan,wamv/wamv/base_link,13,7.4246,-2.1743,0.72290
31,38.064,/received_global_plan,wamv/wamv/base_link,14,7.9414,-1.7183,0.71100
31,38.064,/received_global_plan,wamv/wamv/base_link,15,8.4698,-1.2633,0.66026
31,38.064,/received_global_plan,wamv/wamv/base_link,16,9.0229,-0.8337,0.59756
31,38.064,/received_global_plan,wamv/wamv/base_link,17,9.6029,-0.4390,0.55460
31,38.064,/received_global_plan,wamv/wamv/base_link,18,10.2001,-0.0691,0.01489
32,38.164,/received_global_plan,wamv/wamv/base_link,0,0.0146,-0.0271,-0.59799
32,38.164,/received_global_plan,wamv/wamv/base_link,1,0.6605,-0.4671,-0.64428
32,38.164,/received_global_plan,wamv/wamv/base_link,2,1.2795,-0.9320,-0.70913
32,38.164,/received_global_plan,wamv/wamv/base_link,3,1.8560,-1.4267,-0.75301
32,38.164,/received_global_plan,wamv/wamv/base_link,4,2.3940,-1.9310,-0.73990
32,38.164,/received_global_plan,wamv/wamv/base_link,5,2.9158,-2.4073,-0.65356
32,38.164,/received_global_plan,wamv/wamv/base_link,6,3.4482,-2.8151,-0.49728
32,38.164,/received_global_plan,wamv/wamv/base_link,7,4.0071,-3.1184,-0.28666
32,38.164,/received_global_plan,wamv/wamv/base_link,8,4.5920,-3.2908,-0.04589
32,38.164,/received_global_plan,wamv/wamv/base_link,9,5.1901,-3.3183,0.19576
32,38.164,/received_global_plan,wamv/wamv/base_link,10,5.7830,-3.2007,0.41012
32,38.164,/received_global_plan,wamv/wamv/base_link,11,6.3549,-2.9521,0.57569
32,38.164,/received_global_plan,wamv/wamv/base_link,12,6.8993,-2.5987,0.68026
32,38.164,/received_global_plan,wamv/wamv/base_link,13,7.4223,-2.1756,0.72263
32,38.164,/received_global_plan,wamv/wamv/base_link,14,7.9393,-1.7197,0.71074
32,38.164,/received_global_plan,wamv/wamv/base_link,15,8.4677,-1.2648,0.65999
32,38.164,/received_global_plan,wamv/wamv/base_link,16,9.0210,-0.8355,0.59729
32,38.164,/received_global_plan,wamv/wamv/base_link,17,9.6011,-0.4409,0.55433
32,38.164,/received_global_plan,wamv/wamv/base_link,18,10.1984,-0.0711,0.01463
33,38.264,/received_global_plan,wamv/wamv/base_link,0,0.0146,-0.0271,-0.59799
33,38.264,/received_global_plan,wamv/wamv/base_link,1,0.6605,-0.4671,-0.64428
33,38.264,/received_global_plan,wamv/wamv/base_link,2,1.2795,-0.9320,-0.70913
33,38.264,/received_global_plan,wamv/wamv/base_link,3,1.8560,-1.4267,-0.75301
33,38.264,/received_global_plan,wamv/wamv/base_link,4,2.3940,-1.9310,-0.73990
33,38.264,/received_global_plan,wamv/wamv/base_link,5,2.9158,-2.4073,-0.65356
33,38.264,/received_global_plan,wamv/wamv/base_link,6,3.4482,-2.8151,-0.49728
33,38.264,/received_global_plan,wamv/wamv/base_link,7,4.0071,-3.1184,-0.28666
33,38.264,/received_global_plan,wamv/wamv/base_link,8,4.5920,-3.2908,-0.04589
33,38.264,/received_global_plan,wamv/wamv/base_link,9,5.1901,-3.3183,0.19576
33,38.264,/received_global_plan,wamv/wamv/base_link,10,5.7830,-3.2007,0.41012
33,38.264,/received_global_plan,wamv/wamv/base_link,11,6.3549,-2.9521,0.57569
33,38.264,/received_global_plan,wamv/wamv/base_link,12,6.8993,-2.5987,0.68026
33,38.264,/received_global_plan,wamv/wamv/base_link,13,7.4223,-2.1756,0.72263
33,38.264,/received_global_plan,wamv/wamv/base_link,14,7.9393,-1.7197,0.71074
33,38.264,/received_global_plan,wamv/wamv/base_link,15,8.4677,-1.2648,0.65999
33,38.264,/received_global_plan,wamv/wamv/base_link,16,9.0210,-0.8355,0.59729
33,38.264,/received_global_plan,wamv/wamv/base_link,17,9.6011,-0.4409,0.55433
33,38.264,/received_global_plan,wamv/wamv/base_link,18,10.1984,-0.0711,0.01463
34,38.364,/received_global_plan,wamv/wamv/base_link,0,0.0146,-0.0271,-0.59799
34,38.364,/received_global_plan,wamv/wamv/base_link,1,0.6605,-0.4671,-0.64428
34,38.364,/received_global_plan,wamv/wamv/base_link,2,1.2795,-0.9320,-0.70913
34,38.364,/received_global_plan,wamv/wamv/base_link,3,1.8560,-1.4267,-0.75301
34,38.364,/received_global_plan,wamv/wamv/base_link,4,2.3940,-1.9310,-0.73990
34,38.364,/received_global_plan,wamv/wamv/base_link,5,2.9158,-2.4073,-0.65356
34,38.364,/received_global_plan,wamv/wamv/base_link,6,3.4482,-2.8151,-0.49728
34,38.364,/received_global_plan,wamv/wamv/base_link,7,4.0071,-3.1184,-0.28666
34,38.364,/received_global_plan,wamv/wamv/base_link,8,4.5920,-3.2908,-0.04589
34,38.364,/received_global_plan,wamv/wamv/base_link,9,5.1901,-3.3183,0.19576
34,38.364,/received_global_plan,wamv/wamv/base_link,10,5.7830,-3.2007,0.41012
34,38.364,/received_global_plan,wamv/wamv/base_link,11,6.3549,-2.9521,0.57569
34,38.364,/received_global_plan,wamv/wamv/base_link,12,6.8993,-2.5987,0.68026
34,38.364,/received_global_plan,wamv/wamv/base_link,13,7.4223,-2.1756,0.72263
34,38.364,/received_global_plan,wamv/wamv/base_link,14,7.9393,-1.7197,0.71074
34,38.364,/received_global_plan,wamv/wamv/base_link,15,8.4677,-1.2648,0.65999
34,38.364,/received_global_plan,wamv/wamv/base_link,16,9.0210,-0.8355,0.59729
34,38.364,/received_global_plan,wamv/wamv/base_link,17,9.6011,-0.4409,0.55433
34,38.364,/received_global_plan,wamv/wamv/base_link,18,10.1984,-0.0711,0.01463
35,38.464,/received_global_plan,wamv/wamv/base_link,0,0.0146,-0.0271,-0.59799
35,38.464,/received_global_plan,wamv/wamv/base_link,1,0.6605,-0.4671,-0.64428
35,38.464,/received_global_plan,wamv/wamv/base_link,2,1.2795,-0.9320,-0.70913
35,38.464,/received_global_plan,wamv/wamv/base_link,3,1.8560,-1.4267,-0.75301
35,38.464,/received_global_plan,wamv/wamv/base_link,4,2.3940,-1.9310,-0.73990
35,38.464,/received_global_plan,wamv/wamv/base_link,5,2.9158,-2.4073,-0.65356
35,38.464,/received_global_plan,wamv/wamv/base_link,6,3.4482,-2.8151,-0.49728
35,38.464,/received_global_plan,wamv/wamv/base_link,7,4.0071,-3.1184,-0.28666
35,38.464,/received_global_plan,wamv/wamv/base_link,8,4.5920,-3.2908,-0.04589
35,38.464,/received_global_plan,wamv/wamv/base_link,9,5.1901,-3.3183,0.19576
35,38.464,/received_global_plan,wamv/wamv/base_link,10,5.7830,-3.2007,0.41012
35,38.464,/received_global_plan,wamv/wamv/base_link,11,6.3549,-2.9521,0.57569
35,38.464,/received_global_plan,wamv/wamv/base_link,12,6.8993,-2.5987,0.68026
35,38.464,/received_global_plan,wamv/wamv/base_link,13,7.4223,-2.1756,0.72263
35,38.464,/received_global_plan,wamv/wamv/base_link,14,7.9393,-1.7197,0.71074
35,38.464,/received_global_plan,wamv/wamv/base_link,15,8.4677,-1.2648,0.65999
35,38.464,/received_global_plan,wamv/wamv/base_link,16,9.0210,-0.8355,0.59729
35,38.464,/received_global_plan,wamv/wamv/base_link,17,9.6011,-0.4409,0.55433
35,38.464,/received_global_plan,wamv/wamv/base_link,18,10.1984,-0.0711,0.01463
36,38.565,/received_global_plan,wamv/wamv/base_link,0,0.0146,-0.0271,-0.59799
36,38.565,/received_global_plan,wamv/wamv/base_link,1,0.6605,-0.4671,-0.64428
36,38.565,/received_global_plan,wamv/wamv/base_link,2,1.2795,-0.9320,-0.70913
36,38.565,/received_global_plan,wamv/wamv/base_link,3,1.8560,-1.4267,-0.75301
36,38.565,/received_global_plan,wamv/wamv/base_link,4,2.3940,-1.9310,-0.73990
36,38.565,/received_global_plan,wamv/wamv/base_link,5,2.9158,-2.4073,-0.65356
36,38.565,/received_global_plan,wamv/wamv/base_link,6,3.4482,-2.8151,-0.49728
36,38.565,/received_global_plan,wamv/wamv/base_link,7,4.0071,-3.1184,-0.28666
36,38.565,/received_global_plan,wamv/wamv/base_link,8,4.5920,-3.2908,-0.04589
36,38.565,/received_global_plan,wamv/wamv/base_link,9,5.1901,-3.3183,0.19576
36,38.565,/received_global_plan,wamv/wamv/base_link,10,5.7830,-3.2007,0.41012
36,38.565,/received_global_plan,wamv/wamv/base_link,11,6.3549,-2.9521,0.57569
36,38.565,/received_global_plan,wamv/wamv/base_link,12,6.8993,-2.5987,0.68026
36,38.565,/received_global_plan,wamv/wamv/base_link,13,7.4223,-2.1756,0.72263
36,38.565,/received_global_plan,wamv/wamv/base_link,14,7.9393,-1.7197,0.71074
36,38.565,/received_global_plan,wamv/wamv/base_link,15,8.4677,-1.2648,0.65999
36,38.565,/received_global_plan,wamv/wamv/base_link,16,9.0210,-0.8355,0.59729
36,38.565,/received_global_plan,wamv/wamv/base_link,17,9.6011,-0.4409,0.55433
36,38.565,/received_global_plan,wamv/wamv/base_link,18,10.1984,-0.0711,0.01463
37,38.664,/received_global_plan,wamv/wamv/base_link,0,0.0146,-0.0271,-0.59799
37,38.664,/received_global_plan,wamv/wamv/base_link,1,0.6605,-0.4671,-0.64428
37,38.664,/received_global_plan,wamv/wamv/base_link,2,1.2795,-0.9320,-0.70913
37,38.664,/received_global_plan,wamv/wamv/base_link,3,1.8560,-1.4267,-0.75301
37,38.664,/received_global_plan,wamv/wamv/base_link,4,2.3940,-1.9310,-0.73990
37,38.664,/received_global_plan,wamv/wamv/base_link,5,2.9158,-2.4073,-0.65356
37,38.664,/received_global_plan,wamv/wamv/base_link,6,3.4482,-2.8151,-0.49728
37,38.664,/received_global_plan,wamv/wamv/base_link,7,4.0071,-3.1184,-0.28666
37,38.664,/received_global_plan,wamv/wamv/base_link,8,4.5920,-3.2908,-0.04589
37,38.664,/received_global_plan,wamv/wamv/base_link,9,5.1901,-3.3183,0.19576
37,38.664,/received_global_plan,wamv/wamv/base_link,10,5.7830,-3.2007,0.41012
37,38.664,/received_global_plan,wamv/wamv/base_link,11,6.3549,-2.9521,0.57569
37,38.664,/received_global_plan,wamv/wamv/base_link,12,6.8993,-2.5987,0.68026
37,38.664,/received_global_plan,wamv/wamv/base_link,13,7.4223,-2.1756,0.72263
37,38.664,/received_global_plan,wamv/wamv/base_link,14,7.9393,-1.7197,0.71074
37,38.664,/received_global_plan,wamv/wamv/base_link,15,8.4677,-1.2648,0.65999
37,38.664,/received_global_plan,wamv/wamv/base_link,16,9.0210,-0.8355,0.59729
37,38.664,/received_global_plan,wamv/wamv/base_link,17,9.6011,-0.4409,0.55433
37,38.664,/received_global_plan,wamv/wamv/base_link,18,10.1984,-0.0711,0.01463
38,38.765,/received_global_plan,wamv/wamv/base_link,0,0.0146,-0.0271,-0.59799
38,38.765,/received_global_plan,wamv/wamv/base_link,1,0.6605,-0.4671,-0.64428
38,38.765,/received_global_plan,wamv/wamv/base_link,2,1.2795,-0.9320,-0.70913
38,38.765,/received_global_plan,wamv/wamv/base_link,3,1.8560,-1.4267,-0.75301
38,38.765,/received_global_plan,wamv/wamv/base_link,4,2.3940,-1.9310,-0.73990
38,38.765,/received_global_plan,wamv/wamv/base_link,5,2.9158,-2.4073,-0.65356
38,38.765,/received_global_plan,wamv/wamv/base_link,6,3.4482,-2.8151,-0.49728
38,38.765,/received_global_plan,wamv/wamv/base_link,7,4.0071,-3.1184,-0.28666
38,38.765,/received_global_plan,wamv/wamv/base_link,8,4.5920,-3.2908,-0.04589
38,38.765,/received_global_plan,wamv/wamv/base_link,9,5.1901,-3.3183,0.19576
38,38.765,/received_global_plan,wamv/wamv/base_link,10,5.7830,-3.2007,0.41012
38,38.765,/received_global_plan,wamv/wamv/base_link,11,6.3549,-2.9521,0.57569
38,38.765,/received_global_plan,wamv/wamv/base_link,12,6.8993,-2.5987,0.68026
38,38.765,/received_global_plan,wamv/wamv/base_link,13,7.4223,-2.1756,0.72263
38,38.765,/received_global_plan,wamv/wamv/base_link,14,7.9393,-1.7197,0.71074
38,38.765,/received_global_plan,wamv/wamv/base_link,15,8.4677,-1.2648,0.65999
38,38.765,/received_global_plan,wamv/wamv/base_link,16,9.0210,-0.8355,0.59729
38,38.765,/received_global_plan,wamv/wamv/base_link,17,9.6011,-0.4409,0.55433
38,38.765,/received_global_plan,wamv/wamv/base_link,18,10.1984,-0.0711,0.01463
39,38.864,/received_global_plan,wamv/wamv/base_link,0,0.0146,-0.0271,-0.59799
39,38.864,/received_global_plan,wamv/wamv/base_link,1,0.6605,-0.4671,-0.64428
39,38.864,/received_global_plan,wamv/wamv/base_link,2,1.2795,-0.9320,-0.70913
39,38.864,/received_global_plan,wamv/wamv/base_link,3,1.8560,-1.4267,-0.75301
39,38.864,/received_global_plan,wamv/wamv/base_link,4,2.3940,-1.9310,-0.73990
39,38.864,/received_global_plan,wamv/wamv/base_link,5,2.9158,-2.4073,-0.65356
39,38.864,/received_global_plan,wamv/wamv/base_link,6,3.4482,-2.8151,-0.49728
39,38.864,/received_global_plan,wamv/wamv/base_link,7,4.0071,-3.1184,-0.28666
39,38.864,/received_global_plan,wamv/wamv/base_link,8,4.5920,-3.2908,-0.04589
39,38.864,/received_global_plan,wamv/wamv/base_link,9,5.1901,-3.3183,0.19576
39,38.864,/received_global_plan,wamv/wamv/base_link,10,5.7830,-3.2007,0.41012
39,38.864,/received_global_plan,wamv/wamv/base_link,11,6.3549,-2.9521,0.57569
39,38.864,/received_global_plan,wamv/wamv/base_link,12,6.8993,-2.5987,0.68026
39,38.864,/received_global_plan,wamv/wamv/base_link,13,7.4223,-2.1756,0.72263
39,38.864,/received_global_plan,wamv/wamv/base_link,14,7.9393,-1.7197,0.71074
39,38.864,/received_global_plan,wamv/wamv/base_link,15,8.4677,-1.2648,0.65999
39,38.864,/received_global_plan,wamv/wamv/base_link,16,9.0210,-0.8355,0.59729
39,38.864,/received_global_plan,wamv/wamv/base_link,17,9.6011,-0.4409,0.55433
39,38.864,/received_global_plan,wamv/wamv/base_link,18,10.1984,-0.0711,0.01463
40,38.964,/received_global_plan,wamv/wamv/base_link,0,0.0146,-0.0271,-0.59799
40,38.964,/received_global_plan,wamv/wamv/base_link,1,0.6605,-0.4671,-0.64428
40,38.964,/received_global_plan,wamv/wamv/base_link,2,1.2795,-0.9320,-0.70913
40,38.964,/received_global_plan,wamv/wamv/base_link,3,1.8560,-1.4267,-0.75301
40,38.964,/received_global_plan,wamv/wamv/base_link,4,2.3940,-1.9310,-0.73990
40,38.964,/received_global_plan,wamv/wamv/base_link,5,2.9158,-2.4073,-0.65356
40,38.964,/received_global_plan,wamv/wamv/base_link,6,3.4482,-2.8151,-0.49728
40,38.964,/received_global_plan,wamv/wamv/base_link,7,4.0071,-3.1184,-0.28666
40,38.964,/received_global_plan,wamv/wamv/base_link,8,4.5920,-3.2908,-0.04589
40,38.964,/received_global_plan,wamv/wamv/base_link,9,5.1901,-3.3183,0.19576
40,38.964,/received_global_plan,wamv/wamv/base_link,10,5.7830,-3.2007,0.41012
40,38.964,/received_global_plan,wamv/wamv/base_link,11,6.3549,-2.9521,0.57569
40,38.964,/received_global_plan,wamv/wamv/base_link,12,6.8993,-2.5987,0.68026
40,38.964,/received_global_plan,wamv/wamv/base_link,13,7.4223,-2.1756,0.72263
40,38.964,/received_global_plan,wamv/wamv/base_link,14,7.9393,-1.7197,0.71074
40,38.964,/received_global_plan,wamv/wamv/base_link,15,8.4677,-1.2648,0.65999
40,38.964,/received_global_plan,wamv/wamv/base_link,16,9.0210,-0.8355,0.59729
40,38.964,/received_global_plan,wamv/wamv/base_link,17,9.6011,-0.4409,0.55433
40,38.964,/received_global_plan,wamv/wamv/base_link,18,10.1984,-0.0711,0.01463
41,39.064,/received_global_plan,wamv/wamv/base_link,0,0.0146,-0.0271,-0.59799
41,39.064,/received_global_plan,wamv/wamv/base_link,1,0.6605,-0.4671,-0.64428
41,39.064,/received_global_plan,wamv/wamv/base_link,2,1.2795,-0.9320,-0.70913
41,39.064,/received_global_plan,wamv/wamv/base_link,3,1.8560,-1.4267,-0.75301
41,39.064,/received_global_plan,wamv/wamv/base_link,4,2.3940,-1.9310,-0.73990
41,39.064,/received_global_plan,wamv/wamv/base_link,5,2.9158,-2.4073,-0.65356
41,39.064,/received_global_plan,wamv/wamv/base_link,6,3.4482,-2.8151,-0.49728
41,39.064,/received_global_plan,wamv/wamv/base_link,7,4.0071,-3.1184,-0.28666
41,39.064,/received_global_plan,wamv/wamv/base_link,8,4.5920,-3.2908,-0.04589
41,39.064,/received_global_plan,wamv/wamv/base_link,9,5.1901,-3.3183,0.19576
41,39.064,/received_global_plan,wamv/wamv/base_link,10,5.7830,-3.2007,0.41012
41,39.064,/received_global_plan,wamv/wamv/base_link,11,6.3549,-2.9521,0.57569
41,39.064,/received_global_plan,wamv/wamv/base_link,12,6.8993,-2.5987,0.68026
41,39.064,/received_global_plan,wamv/wamv/base_link,13,7.4223,-2.1756,0.72263
41,39.064,/received_global_plan,wamv/wamv/base_link,14,7.9393,-1.7197,0.71074
41,39.064,/received_global_plan,wamv/wamv/base_link,15,8.4677,-1.2648,0.65999
41,39.064,/received_global_plan,wamv/wamv/base_link,16,9.0210,-0.8355,0.59729
41,39.064,/received_global_plan,wamv/wamv/base_link,17,9.6011,-0.4409,0.55433
41,39.064,/received_global_plan,wamv/wamv/base_link,18,10.1984,-0.0711,0.01463
42,39.164,/received_global_plan,wamv/wamv/base_link,0,0.0146,-0.0271,-0.59799
42,39.164,/received_global_plan,wamv/wamv/base_link,1,0.6605,-0.4671,-0.64428
42,39.164,/received_global_plan,wamv/wamv/base_link,2,1.2795,-0.9320,-0.70913
42,39.164,/received_global_plan,wamv/wamv/base_link,3,1.8560,-1.4267,-0.75301
42,39.164,/received_global_plan,wamv/wamv/base_link,4,2.3940,-1.9310,-0.73990
42,39.164,/received_global_plan,wamv/wamv/base_link,5,2.9158,-2.4073,-0.65356
42,39.164,/received_global_plan,wamv/wamv/base_link,6,3.4482,-2.8151,-0.49728
42,39.164,/received_global_plan,wamv/wamv/base_link,7,4.0071,-3.1184,-0.28666
42,39.164,/received_global_plan,wamv/wamv/base_link,8,4.5920,-3.2908,-0.04589
42,39.164,/received_global_plan,wamv/wamv/base_link,9,5.1901,-3.3183,0.19576
42,39.164,/received_global_plan,wamv/wamv/base_link,10,5.7830,-3.2007,0.41012
42,39.164,/received_global_plan,wamv/wamv/base_link,11,6.3549,-2.9521,0.57569
42,39.164,/received_global_plan,wamv/wamv/base_link,12,6.8993,-2.5987,0.68026
42,39.164,/received_global_plan,wamv/wamv/base_link,13,7.4223,-2.1756,0.72263
42,39.164,/received_global_plan,wamv/wamv/base_link,14,7.9393,-1.7197,0.71074
42,39.164,/received_global_plan,wamv/wamv/base_link,15,8.4677,-1.2648,0.65999
42,39.164,/received_global_plan,wamv/wamv/base_link,16,9.0210,-0.8355,0.59729
42,39.164,/received_global_plan,wamv/wamv/base_link,17,9.6011,-0.4409,0.55433
42,39.164,/received_global_plan,wamv/wamv/base_link,18,10.1984,-0.0711,0.01463
43,39.264,/received_global_plan,wamv/wamv/base_link,0,0.0146,-0.0271,-0.59799
43,39.264,/received_global_plan,wamv/wamv/base_link,1,0.6605,-0.4671,-0.64428
43,39.264,/received_global_plan,wamv/wamv/base_link,2,1.2795,-0.9320,-0.70913
43,39.264,/received_global_plan,wamv/wamv/base_link,3,1.8560,-1.4267,-0.75301
43,39.264,/received_global_plan,wamv/wamv/base_link,4,2.3940,-1.9310,-0.73990
43,39.264,/received_global_plan,wamv/wamv/base_link,5,2.9158,-2.4073,-0.65356
43,39.264,/received_global_plan,wamv/wamv/base_link,6,3.4482,-2.8151,-0.49728
43,39.264,/received_global_plan,wamv/wamv/base_link,7,4.0071,-3.1184,-0.28666
43,39.264,/received_global_plan,wamv/wamv/base_link,8,4.5920,-3.2908,-0.04589
43,39.264,/received_global_plan,wamv/wamv/base_link,9,5.1901,-3.3183,0.19576
43,39.264,/received_global_plan,wamv/wamv/base_link,10,5.7830,-3.2007,0.41012
43,39.264,/received_global_plan,wamv/wamv/base_link,11,6.3549,-2.9521,0.57569
43,39.264,/received_global_plan,wamv/wamv/base_link,12,6.8993,-2.5987,0.68026
43,39.264,/received_global_plan,wamv/wamv/base_link,13,7.4223,-2.1756,0.72263
43,39.264,/received_global_plan,wamv/wamv/base_link,14,7.9393,-1.7197,0.71074
43,39.264,/received_global_plan,wamv/wamv/base_link,15,8.4677,-1.2648,0.65999
43,39.264,/received_global_plan,wamv/wamv/base_link,16,9.0210,-0.8355,0.59729
43,39.264,/received_global_plan,wamv/wamv/base_link,17,9.6011,-0.4409,0.55433
43,39.264,/received_global_plan,wamv/wamv/base_link,18,10.1984,-0.0711,0.01463
44,39.364,/received_global_plan,wamv/wamv/base_link,0,0.0146,-0.0271,-0.59799
44,39.364,/received_global_plan,wamv/wamv/base_link,1,0.6605,-0.4671,-0.64428
44,39.364,/received_global_plan,wamv/wamv/base_link,2,1.2795,-0.9320,-0.70913
44,39.364,/received_global_plan,wamv/wamv/base_link,3,1.8560,-1.4267,-0.75301
44,39.364,/received_global_plan,wamv/wamv/base_link,4,2.3940,-1.9310,-0.73990
44,39.364,/received_global_plan,wamv/wamv/base_link,5,2.9158,-2.4073,-0.65356
44,39.364,/received_global_plan,wamv/wamv/base_link,6,3.4482,-2.8151,-0.49728
44,39.364,/received_global_plan,wamv/wamv/base_link,7,4.0071,-3.1184,-0.28666
44,39.364,/received_global_plan,wamv/wamv/base_link,8,4.5920,-3.2908,-0.04589
44,39.364,/received_global_plan,wamv/wamv/base_link,9,5.1901,-3.3183,0.19576
44,39.364,/received_global_plan,wamv/wamv/base_link,10,5.7830,-3.2007,0.41012
44,39.364,/received_global_plan,wamv/wamv/base_link,11,6.3549,-2.9521,0.57569
44,39.364,/received_global_plan,wamv/wamv/base_link,12,6.8993,-2.5987,0.68026
44,39.364,/received_global_plan,wamv/wamv/base_link,13,7.4223,-2.1756,0.72263
44,39.364,/received_global_plan,wamv/wamv/base_link,14,7.9393,-1.7197,0.71074
44,39.364,/received_global_plan,wamv/wamv/base_link,15,8.4677,-1.2648,0.65999
44,39.364,/received_global_plan,wamv/wamv/base_link,16,9.0210,-0.8355,0.59729
44,39.364,/received_global_plan,wamv/wamv/base_link,17,9.6011,-0.4409,0.55433
44,39.364,/received_global_plan,wamv/wamv/base_link,18,10.1984,-0.0711,0.01463
45,39.464,/received_global_plan,wamv/wamv/base_link,0,0.0146,-0.0271,-0.59799
45,39.464,/received_global_plan,wamv/wamv/base_link,1,0.6605,-0.4671,-0.64428
45,39.464,/received_global_plan,wamv/wamv/base_link,2,1.2795,-0.9320,-0.70913
45,39.464,/received_global_plan,wamv/wamv/base_link,3,1.8560,-1.4267,-0.75301
45,39.464,/received_global_plan,wamv/wamv/base_link,4,2.3940,-1.9310,-0.73990
45,39.464,/received_global_plan,wamv/wamv/base_link,5,2.9158,-2.4073,-0.65356
45,39.464,/received_global_plan,wamv/wamv/base_link,6,3.4482,-2.8151,-0.49728
45,39.464,/received_global_plan,wamv/wamv/base_link,7,4.0071,-3.1184,-0.28666
45,39.464,/received_global_plan,wamv/wamv/base_link,8,4.5920,-3.2908,-0.04589
45,39.464,/received_global_plan,wamv/wamv/base_link,9,5.1901,-3.3183,0.19576
45,39.464,/received_global_plan,wamv/wamv/base_link,10,5.7830,-3.2007,0.41012
45,39.464,/received_global_plan,wamv/wamv/base_link,11,6.3549,-2.9521,0.57569
45,39.464,/received_global_plan,wamv/wamv/base_link,12,6.8993,-2.5987,0.68026
45,39.464,/received_global_plan,wamv/wamv/base_link,13,7.4223,-2.1756,0.72263
45,39.464,/received_global_plan,wamv/wamv/base_link,14,7.9393,-1.7197,0.71074
45,39.464,/received_global_plan,wamv/wamv/base_link,15,8.4677,-1.2648,0.65999
45,39.464,/received_global_plan,wamv/wamv/base_link,16,9.0210,-0.8355,0.59729
45,39.464,/received_global_plan,wamv/wamv/base_link,17,9.6011,-0.4409,0.55433
45,39.464,/received_global_plan,wamv/wamv/base_link,18,10.1984,-0.0711,0.01463
46,39.564,/received_global_plan,wamv/wamv/base_link,0,0.0146,-0.0271,-0.59799
46,39.564,/received_global_plan,wamv/wamv/base_link,1,0.6605,-0.4671,-0.64428
46,39.564,/received_global_plan,wamv/wamv/base_link,2,1.2795,-0.9320,-0.70913
46,39.564,/received_global_plan,wamv/wamv/base_link,3,1.8560,-1.4267,-0.75301
46,39.564,/received_global_plan,wamv/wamv/base_link,4,2.3940,-1.9310,-0.73990
46,39.564,/received_global_plan,wamv/wamv/base_link,5,2.9158,-2.4073,-0.65356
46,39.564,/received_global_plan,wamv/wamv/base_link,6,3.4482,-2.8151,-0.49728
46,39.564,/received_global_plan,wamv/wamv/base_link,7,4.0071,-3.1184,-0.28666
46,39.564,/received_global_plan,wamv/wamv/base_link,8,4.5920,-3.2908,-0.04589
46,39.564,/received_global_plan,wamv/wamv/base_link,9,5.1901,-3.3183,0.19576
46,39.564,/received_global_plan,wamv/wamv/base_link,10,5.7830,-3.2007,0.41012
46,39.564,/received_global_plan,wamv/wamv/base_link,11,6.3549,-2.9521,0.57569
46,39.564,/received_global_plan,wamv/wamv/base_link,12,6.8993,-2.5987,0.68026
46,39.564,/received_global_plan,wamv/wamv/base_link,13,7.4223,-2.1756,0.72263
46,39.564,/received_global_plan,wamv/wamv/base_link,14,7.9393,-1.7197,0.71074
46,39.564,/received_global_plan,wamv/wamv/base_link,15,8.4677,-1.2648,0.65999
46,39.564,/received_global_plan,wamv/wamv/base_link,16,9.0210,-0.8355,0.59729
46,39.564,/received_global_plan,wamv/wamv/base_link,17,9.6011,-0.4409,0.55433
46,39.564,/received_global_plan,wamv/wamv/base_link,18,10.1984,-0.0711,0.01463
47,39.664,/received_global_plan,wamv/wamv/base_link,0,0.0146,-0.0271,-0.59799
47,39.664,/received_global_plan,wamv/wamv/base_link,1,0.6605,-0.4671,-0.64428
47,39.664,/received_global_plan,wamv/wamv/base_link,2,1.2795,-0.9320,-0.70913
47,39.664,/received_global_plan,wamv/wamv/base_link,3,1.8560,-1.4267,-0.75301
47,39.664,/received_global_plan,wamv/wamv/base_link,4,2.3940,-1.9310,-0.73990
47,39.664,/received_global_plan,wamv/wamv/base_link,5,2.9158,-2.4073,-0.65356
47,39.664,/received_global_plan,wamv/wamv/base_link,6,3.4482,-2.8151,-0.49728
47,39.664,/received_global_plan,wamv/wamv/base_link,7,4.0071,-3.1184,-0.28666
47,39.664,/received_global_plan,wamv/wamv/base_link,8,4.5920,-3.2908,-0.04589
47,39.664,/received_global_plan,wamv/wamv/base_link,9,5.1901,-3.3183,0.19576
47,39.664,/received_global_plan,wamv/wamv/base_link,10,5.7830,-3.2007,0.41012
47,39.664,/received_global_plan,wamv/wamv/base_link,11,6.3549,-2.9521,0.57569
47,39.664,/received_global_plan,wamv/wamv/base_link,12,6.8993,-2.5987,0.68026
47,39.664,/received_global_plan,wamv/wamv/base_link,13,7.4223,-2.1756,0.72263
47,39.664,/received_global_plan,wamv/wamv/base_link,14,7.9393,-1.7197,0.71074
47,39.664,/received_global_plan,wamv/wamv/base_link,15,8.4677,-1.2648,0.65999
47,39.664,/received_global_plan,wamv/wamv/base_link,16,9.0210,-0.8355,0.59729
47,39.664,/received_global_plan,wamv/wamv/base_link,17,9.6011,-0.4409,0.55433
47,39.664,/received_global_plan,wamv/wamv/base_link,18,10.1984,-0.0711,0.01463
48,39.764,/received_global_plan,wamv/wamv/base_link,0,0.0146,-0.0271,-0.59799
48,39.764,/received_global_plan,wamv/wamv/base_link,1,0.6605,-0.4671,-0.64428
48,39.764,/received_global_plan,wamv/wamv/base_link,2,1.2795,-0.9320,-0.70913
48,39.764,/received_global_plan,wamv/wamv/base_link,3,1.8560,-1.4267,-0.75301
48,39.764,/received_global_plan,wamv/wamv/base_link,4,2.3940,-1.9310,-0.73990
48,39.764,/received_global_plan,wamv/wamv/base_link,5,2.9158,-2.4073,-0.65356
48,39.764,/received_global_plan,wamv/wamv/base_link,6,3.4482,-2.8151,-0.49728
48,39.764,/received_global_plan,wamv/wamv/base_link,7,4.0071,-3.1184,-0.28666
48,39.764,/received_global_plan,wamv/wamv/base_link,8,4.5920,-3.2908,-0.04589
48,39.764,/received_global_plan,wamv/wamv/base_link,9,5.1901,-3.3183,0.19576
48,39.764,/received_global_plan,wamv/wamv/base_link,10,5.7830,-3.2007,0.41012
48,39.764,/received_global_plan,wamv/wamv/base_link,11,6.3549,-2.9521,0.57569
48,39.764,/received_global_plan,wamv/wamv/base_link,12,6.8993,-2.5987,0.68026
48,39.764,/received_global_plan,wamv/wamv/base_link,13,7.4223,-2.1756,0.72263
48,39.764,/received_global_plan,wamv/wamv/base_link,14,7.9393,-1.7197,0.71074
48,39.764,/received_global_plan,wamv/wamv/base_link,15,8.4677,-1.2648,0.65999
48,39.764,/received_global_plan,wamv/wamv/base_link,16,9.0210,-0.8355,0.59729
48,39.764,/received_global_plan,wamv/wamv/base_link,17,9.6011,-0.4409,0.55433
48,39.764,/received_global_plan,wamv/wamv/base_link,18,10.1984,-0.0711,0.01463
