t,pose_x,pose_y,pose_yaw,goal_x,goal_y,goal_active,goal_status,plan_id,plan_nearest_error_m,raw_obstacle_points,dynamic_obstacle_points,safety_stop
3.001,-0.5166,0.5975,0.00219,,,0,IDLE code=0; status_seq=1,0,,2881,0,0
3.200,-0.5166,0.5975,0.00219,,,0,IDLE code=0; status_seq=1,0,,3126,0,0
3.400,-0.5140,0.5873,-0.00026,,,0,IDLE code=0; status_seq=1,0,,3126,0,0
3.600,-0.5049,0.5782,-0.00023,,,0,IDLE code=0; status_seq=1,0,,3126,0,0
3.801,-0.4999,0.5763,0.00181,,,0,IDLE code=0; status_seq=1,0,,3126,0,0
4.001,-0.4999,0.5763,0.00181,,,0,IDLE code=0; status_seq=1,0,,3126,0,0
4.200,-0.4999,0.5763,0.00181,,,0,IDLE code=0; status_seq=1,0,,3126,0,0
4.400,-0.4999,0.5763,0.00181,,,0,IDLE code=0; status_seq=1,0,,3228,0,0
4.600,-0.4917,0.5652,-0.00157,,,0,IDLE code=0; status_seq=1,0,,3228,0,0
4.800,-0.4737,0.5355,-0.00173,,,0,IDLE code=0; status_seq=1,0,,3228,0,0
5.001,-0.4671,0.5320,0.00166,,,0,IDLE code=0; status_seq=1,0,,3228,0,0
5.201,-0.4671,0.5320,0.00166,,,0,IDLE code=0; status_seq=1,0,,3228,0,0
5.400,-0.4671,0.5320,0.00166,,,0,IDLE code=0; status_seq=1,0,,3193,0,0
5.601,-0.4671,0.5320,0.00166,,,0,IDLE code=0; status_seq=1,0,,3193,0,0
5.800,-0.4671,0.5320,0.00166,,,0,IDLE code=0; status_seq=1,0,,3193,0,0
6.000,-0.4882,0.5330,-0.00492,,,0,IDLE code=0; status_seq=1,0,,3193,0,1
6.200,-0.4955,0.5460,0.00152,,,0,IDLE code=0; status_seq=1,0,,3193,0,1
6.400,-0.5015,0.5490,0.00174,,,0,IDLE code=0; status_seq=1,0,,3193,0,1
6.600,-0.5015,0.5490,0.00174,,,0,IDLE code=0; status_seq=1,0,,3193,0,1
6.800,-0.5015,0.5490,0.00174,,,0,IDLE code=0; status_seq=1,0,,3193,0,1
7.000,-0.5015,0.5490,0.00174,,,0,IDLE code=0; status_seq=1,0,,4213,0,1
7.200,-0.5015,0.5490,0.00174,,,0,IDLE code=0; status_seq=1,0,,4213,0,1
7.401,-0.5147,0.5566,-0.00426,,,0,IDLE code=0; status_seq=1,0,,4213,0,1
7.600,-0.5240,0.6018,0.00148,,,0,IDLE code=0; status_seq=1,0,,4213,0,1
7.801,-0.5254,0.6045,-0.00558,,,0,IDLE code=0; status_seq=1,0,,4213,0,1
8.001,-0.5247,0.6139,-0.00486,,,0,IDLE code=0; status_seq=1,0,,4213,0,1
8.201,-0.5242,0.6170,-0.00459,,,0,IDLE code=0; status_seq=1,0,,4361,0,1
8.401,-0.5237,0.6177,0.00114,,,0,IDLE code=0; status_seq=1,0,,4361,0,1
8.600,-0.5237,0.6177,0.00114,,,0,IDLE code=0; status_seq=1,0,,4361,0,1
8.800,-0.5237,0.6177,0.00114,,,0,IDLE code=0; status_seq=1,0,,4361,0,1
9.001,-0.5237,0.6177,0.00114,,,0,IDLE code=0; status_seq=1,0,,4361,0,1
9.200,-0.5044,0.6048,0.00124,,,0,IDLE code=0; status_seq=1,0,,4361,0,1
9.400,-0.4992,0.5995,0.00174,,,0,IDLE code=0; status_seq=1,0,,4615,0,1
9.600,-0.4992,0.5995,0.00174,,,0,IDLE code=0; status_seq=1,0,,4615,0,1
9.800,-0.5005,0.5945,-0.00146,,,0,IDLE code=0; status_seq=1,0,,4615,0,1
10.000,-0.4937,0.5909,0.00189,,,0,IDLE code=0; status_seq=1,0,,4615,0,1
10.200,-0.4937,0.5909,0.00189,,,0,IDLE code=0; status_seq=1,0,,4615,0,1
10.400,-0.4972,0.5843,-0.00261,,,0,IDLE code=0; status_seq=1,0,,4806,0,1
10.600,-0.4888,0.5744,0.00093,,,0,IDLE code=0; status_seq=1,0,,4806,0,1
10.801,-0.4928,0.5667,-0.00231,,,0,IDLE code=0; status_seq=1,0,,4806,0,1
11.000,-0.4868,0.5626,0.00168,,,0,IDLE code=0; status_seq=1,0,,4806,0,1
11.200,-0.4909,0.5568,-0.00236,,,0,IDLE code=0; status_seq=1,0,,4806,0,1
11.400,-0.4873,0.5552,0.00264,,,0,IDLE code=0; status_seq=1,0,,4668,0,1
11.600,-0.4873,0.5552,0.00264,,,0,IDLE code=0; status_seq=1,0,,4668,0,1
11.800,-0.4873,0.5552,0.00264,,,0,IDLE code=0; status_seq=1,0,,4668,0,1
12.000,-0.4873,0.5552,0.00264,,,0,IDLE code=0; status_seq=1,0,,4668,0,1
12.200,-0.5018,0.5516,0.00182,,,0,IDLE code=0; status_seq=1,0,,4668,0,1
12.400,-0.5035,0.5506,0.00191,,,0,IDLE code=0; status_seq=1,0,,4366,0,1
12.601,-0.5053,0.5507,0.00000,,,0,IDLE code=0; status_seq=1,0,,4366,0,1
12.800,-0.5076,0.5513,-0.00021,,,0,IDLE code=0; status_seq=1,0,,4366,0,1
13.000,-0.5084,0.5524,0.00148,,,0,IDLE code=0; status_seq=1,0,,4366,0,1
13.200,-0.5084,0.5524,0.00148,,,0,IDLE code=0; status_seq=1,0,,4366,0,1
13.400,-0.5084,0.5524,0.00148,,,0,IDLE code=0; status_seq=1,0,,4369,0,1
13.600,-0.5078,0.5614,-0.00416,,,0,IDLE code=0; status_seq=1,0,,4369,0,1
13.800,-0.5162,0.5977,-0.00297,,,0,IDLE code=0; status_seq=1,0,,4369,0,1
14.000,-0.5164,0.5988,0.00161,,,0,IDLE code=0; status_seq=1,0,,4369,0,1
14.200,-0.5164,0.5988,0.00161,,,0,IDLE code=0; status_seq=1,0,,4369,0,1
14.400,-0.5164,0.5988,0.00161,,,0,IDLE code=0; status_seq=1,0,,4369,0,1
14.600,-0.5164,0.5988,0.00161,,,0,IDLE code=0; status_seq=1,0,,4369,0,1
14.800,-0.5066,0.6176,-0.00216,,,0,IDLE code=0; status_seq=1,0,,4564,0,1
15.001,-0.5023,0.6171,0.00090,,,0,IDLE code=0; status_seq=1,0,,4564,0,1
15.200,-0.5003,0.6169,0.00133,,,0,IDLE code=0; status_seq=1,0,,4564,0,1
15.400,-0.4996,0.6174,-0.00401,,,0,IDLE code=0; status_seq=1,0,,4564,0,1
15.600,-0.4949,0.6125,-0.00269,,,0,IDLE code=0; status_seq=1,0,,4564,0,1
15.800,-0.4933,0.6109,0.00143,,,0,IDLE code=0; status_seq=1,0,,4563,0,1
16.000,-0.4927,0.6065,0.00201,,,0,IDLE code=0; status_seq=1,0,,4563,0,1
16.201,-0.4925,0.6033,0.00162,,,0,IDLE code=0; status_seq=1,0,,4563,0,1
16.400,-0.4925,0.6005,0.00215,,,0,IDLE code=0; status_seq=1,0,,4563,0,1
16.601,-0.4955,0.5965,-0.00110,,,0,IDLE code=0; status_seq=1,0,,4563,0,1
16.800,-0.4947,0.5961,0.00216,,,0,IDLE code=0; status_seq=1,0,,4563,0,1
17.001,-0.4947,0.5961,0.00216,,,0,IDLE code=0; status_seq=1,0,,4614,0,1
17.200,-0.5028,0.5821,0.00244,,,0,IDLE code=0; status_seq=1,0,,4614,0,1
17.400,-0.5085,0.5741,-0.00246,,,0,IDLE code=0; status_seq=1,0,,4614,0,1
17.600,-0.5111,0.5691,-0.00214,,,0,IDLE code=0; status_seq=1,0,,4614,0,1
17.801,-0.5098,0.5684,0.00240,,,0,IDLE code=0; status_seq=1,0,,4614,0,1
18.000,-0.5139,0.5638,-0.00371,,,0,IDLE code=0; status_seq=1,0,,4614,0,1
18.200,-0.5125,0.5628,0.00107,,,0,IDLE code=0; status_seq=1,0,,4602,0,1
18.400,-0.5147,0.5593,0.00230,,,0,IDLE code=0; status_seq=1,0,,4602,0,1
18.600,-0.5165,0.5583,-0.00147,,,0,IDLE code=0; status_seq=1,0,,4602,0,1
18.800,-0.5159,0.5585,-0.00380,,,0,IDLE code=0; status_seq=1,0,,4602,0,1
19.000,-0.5151,0.5595,-0.00211,,,0,IDLE code=0; status_seq=1,0,,4602,0,1
19.200,-0.5147,0.5607,-0.00175,,,0,IDLE code=0; status_seq=1,0,,4520,0,1
19.400,-0.5135,0.5615,-0.00050,,,0,IDLE code=0; status_seq=1,0,,4520,0,1
19.600,-0.5130,0.5631,0.00091,,,0,IDLE code=0; status_seq=1,0,,4520,0,1
19.800,-0.5104,0.5637,0.00147,,,0,IDLE code=0; status_seq=1,0,,4520,0,1
20.001,-0.5104,0.5637,0.00147,,,0,IDLE code=0; status_seq=1,0,,4520,0,1
20.200,-0.5053,0.5684,-0.00518,,,0,IDLE code=0; status_seq=1,0,,4520,0,1
20.400,-0.5036,0.5745,0.00144,,,0,IDLE code=0; status_seq=1,0,,4520,0,1
20.600,-0.5036,0.5745,0.00144,,,0,IDLE code=0; status_seq=1,0,,4472,0,1
20.800,-0.5036,0.5745,0.00144,,,0,IDLE code=0; status_seq=1,0,,4472,0,1
21.000,-0.5036,0.5745,0.00144,,,0,IDLE code=0; status_seq=1,0,,4472,0,1
21.201,-0.5036,0.5745,0.00144,,,0,IDLE code=0; status_seq=1,0,,4472,0,1
21.400,-0.5072,0.6173,0.00068,,,0,IDLE code=0; status_seq=1,0,,4472,0,1
21.600,-0.5072,0.6173,0.00068,,,0,IDLE code=0; status_seq=1,0,,4412,0,1
21.800,-0.5143,0.6231,0.00003,,,0,IDLE code=0; status_seq=1,0,,4412,0,1
22.000,-0.5130,0.6218,-0.00010,,,0,IDLE code=0; status_seq=1,0,,4412,0,1
22.200,-0.5130,0.6226,0.00224,,,0,IDLE code=0; status_seq=1,0,,4412,0,1
22.400,-0.5130,0.6226,0.00224,,,0,IDLE code=0; status_seq=1,0,,4412,0,1
22.600,-0.5130,0.6226,0.00224,,,0,IDLE code=0; status_seq=1,0,,4412,0,1
22.801,-0.5130,0.6226,0.00224,,,0,IDLE code=0; status_seq=1,0,,4459,0,1
23.000,-0.5302,0.6052,-0.00019,,,0,IDLE code=0; status_seq=1,0,,4459,0,1
23.200,-0.5257,0.5896,0.00197,,,0,IDLE code=0; status_seq=1,0,,4459,0,1
23.400,-0.5312,0.5798,0.00123,,,0,IDLE code=0; status_seq=1,0,,4459,0,1
23.600,-0.5328,0.5744,-0.00174,,,0,IDLE code=0; status_seq=1,0,,4459,0,1
23.800,-0.5315,0.5714,0.00217,,,0,IDLE code=0; status_seq=1,0,,4676,0,1
24.000,-0.5315,0.5714,0.00217,,,0,IDLE code=0; status_seq=1,0,,4676,0,1
24.200,-0.5341,0.5651,-0.00308,,,0,IDLE code=0; status_seq=1,0,,4676,0,1
24.400,-0.5238,0.5542,-0.00248,,,0,IDLE code=0; status_seq=1,0,,4676,0,1
24.600,-0.5183,0.5519,0.00164,,,0,IDLE code=0; status_seq=1,0,,4676,0,1
24.800,-0.5149,0.5532,-0.00287,,,0,IDLE code=0; status_seq=1,0,,4705,0,1
25.001,-0.5063,0.5505,0.00015,,,0,IDLE code=0; status_seq=1,0,,4705,0,1
25.201,-0.5023,0.5484,0.00203,,,0,IDLE code=0; status_seq=1,0,,4705,0,1
25.400,-0.4991,0.5510,-0.00341,,,0,IDLE code=0; status_seq=1,0,,4705,0,1
25.601,-0.4941,0.5534,-0.00200,,,0,IDLE code=0; status_seq=1,0,,4705,0,1
25.800,-0.4913,0.5552,-0.00169,,,0,IDLE code=0; status_seq=1,0,,4705,0,1
26.000,-0.4892,0.5565,0.00026,,,0,IDLE code=0; status_seq=1,0,,4391,0,1
26.201,-0.4881,0.5585,0.00124,,,0,IDLE code=0; status_seq=1,0,,4391,0,1
26.400,-0.4871,0.5613,0.00215,,,0,IDLE code=0; status_seq=1,0,,4391,0,1
26.600,-0.4869,0.5651,0.00074,,,0,IDLE code=0; status_seq=1,0,,4391,0,1
26.800,-0.4864,0.5650,0.00101,,,0,IDLE code=0; status_seq=1,0,,4391,0,1
27.000,-0.4909,0.5776,0.00216,,,0,IDLE code=0; status_seq=1,0,,4391,0,1
27.200,-0.4905,0.5774,0.00242,,,0,IDLE code=0; status_seq=1,0,,4391,0,1
27.400,-0.4905,0.5774,0.00242,,,0,IDLE code=0; status_seq=1,0,,4310,0,1
27.600,-0.4976,0.5988,0.00293,,,0,IDLE code=0; status_seq=1,0,,4310,0,1
27.801,-0.5034,0.6062,0.00131,,,0,IDLE code=0; status_seq=1,0,,4310,0,1
28.000,-0.5078,0.6115,-0.00223,,,0,IDLE code=0; status_seq=1,0,,4310,0,1
28.200,-0.5092,0.6156,0.00258,,,0,IDLE code=0; status_seq=1,0,,4310,0,1
28.400,-0.5092,0.6156,0.00258,,,0,IDLE code=0; status_seq=1,0,,4310,0,1
28.601,-0.5153,0.6177,0.00201,,,0,IDLE code=0; status_seq=1,0,,4310,0,1
28.801,-0.5199,0.6176,0.00097,,,0,IDLE code=0; status_seq=1,0,,4496,0,1
29.001,-0.5199,0.6176,0.00097,,,0,IDLE code=0; status_seq=1,0,,4496,0,1
29.200,-0.5257,0.6129,0.00037,,,0,IDLE code=0; status_seq=1,0,,4496,0,1
29.400,-0.5277,0.6075,-0.00007,,,0,IDLE code=0; status_seq=1,0,,4496,0,1
29.601,-0.5263,0.6072,0.00050,,,0,IDLE code=0; status_seq=1,0,,4496,0,1
29.800,-0.5263,0.6072,0.00050,,,0,IDLE code=0; status_seq=1,0,,4496,0,1
30.000,-0.5263,0.6072,0.00050,,,0,IDLE code=0; status_seq=1,0,,4496,0,1
30.201,-0.5139,0.6066,0.00226,,,0,IDLE code=0; status_seq=1,0,,4776,0,1
30.401,-0.5086,0.5673,0.00158,,,0,IDLE code=0; status_seq=1,0,,4776,0,1
30.600,-0.5014,0.5568,0.00109,,,0,IDLE code=0; status_seq=1,0,,4776,0,1
30.800,-0.5007,0.5528,-0.00019,,,0,IDLE code=0; status_seq=1,0,,4776,0,1
31.000,-0.4964,0.5515,0.00132,,,0,IDLE code=0; status_seq=1,0,,4776,0,1
31.200,-0.4964,0.5515,0.00132,,,0,IDLE code=0; status_seq=1,0,,4776,0,1
31.401,-0.4940,0.5500,-0.00173,,,0,IDLE code=0; status_seq=1,0,,4776,0,1
31.600,-0.4875,0.5471,-0.00099,,,0,IDLE code=0; status_seq=1,0,,4569,0,1
31.801,-0.4825,0.5457,-0.00132,10.0000,0.0000,1,IDLE code=0; status_seq=1,0,,4569,0,1
32.000,-0.4799,0.5444,0.00199,10.0000,0.0000,1,IDLE code=0; status_seq=1,0,,4569,0,1
32.200,-0.4784,0.5517,0.00104,10.0000,0.0000,1,IDLE code=0; status_seq=1,0,,4569,0,1
32.400,-0.4806,0.5555,0.00147,10.0000,0.0000,1,IDLE code=0; status_seq=1,0,,4569,0,1
32.600,-0.4831,0.5601,0.00134,10.0000,0.0000,1,IDLE code=0; status_seq=1,0,,4569,0,1
32.801,-0.4825,0.5602,0.00163,10.0000,0.0000,1,IDLE code=0; status_seq=1,0,,4313,0,1
33.000,-0.4853,0.5696,-0.00447,10.0000,0.0000,1,IDLE code=0; status_seq=1,0,,4313,0,1
33.200,-0.4895,0.5753,0.00134,10.0000,0.0000,1,IDLE code=0; status_seq=1,0,,4313,0,1
33.400,-0.4895,0.5753,0.00134,10.0000,0.0000,1,IDLE code=0; status_seq=1,0,,4313,0,1
33.600,-0.4895,0.5753,0.00134,10.0000,0.0000,1,IDLE code=0; status_seq=1,0,,4313,0,1
33.800,-0.5114,0.6106,0.00037,10.0000,0.0000,1,IDLE code=0; status_seq=1,0,,4313,0,1
34.000,-0.5114,0.6106,0.00037,10.0000,0.0000,1,IDLE code=0; status_seq=1,0,,4313,0,1
34.200,-0.5177,0.6170,-0.00721,10.0000,0.0000,1,IDLE code=0; status_seq=1,0,,4429,0,1
34.400,-0.5288,0.6324,0.00098,10.0000,0.0000,1,IDLE code=0; status_seq=1,0,,4429,0,1
34.600,-0.5312,0.6331,-0.00033,10.0000,0.0000,1,IDLE code=0; status_seq=1,0,,4429,0,1
34.801,-0.5322,0.6364,0.00375,10.0000,0.0000,1,IDLE code=0; status_seq=1,0,,4429,0,1
35.000,-0.5337,0.6371,0.00194,10.0000,0.0000,1,IDLE code=0; status_seq=1,0,,4429,0,1
35.200,-0.5353,0.6369,0.00088,10.0000,0.0000,1,IDLE code=0; status_seq=1,0,,4429,0,1
35.400,-0.5353,0.6369,0.00088,10.0000,0.0000,1,IDLE code=0; status_seq=1,0,,4576,0,1
35.600,-0.5367,0.6312,-0.00002,10.0000,0.0000,1,IDLE code=0; status_seq=1,0,,4576,0,1
35.801,-0.5370,0.6275,-0.00170,10.0000,0.0000,1,IDLE code=0; status_seq=1,0,,4576,0,1
36.000,-0.5346,0.6258,0.00102,10.0000,0.0000,1,IDLE code=0; status_seq=1,0,,4576,0,1
36.200,-0.5341,0.6188,-0.00014,10.0000,0.0000,1,IDLE code=0; status_seq=1,0,,4576,0,1
36.401,-0.5303,0.6151,-0.00192,10.0000,0.0000,1,IDLE code=0; status_seq=1,0,,4576,0,1
36.601,-0.5246,0.6059,-0.00078,10.0000,0.0000,1,IDLE code=0; status_seq=1,0,,4818,0,1
36.800,-0.5201,0.6037,0.00137,10.0000,0.0000,1,IDLE code=0; status_seq=1,0,,4818,0,1
37.001,-0.5181,0.5963,0.00042,10.0000,0.0000,1,IDLE code=0; status_seq=1,0,,4818,0,1
37.200,-0.5098,0.5877,0.00103,10.0000,0.0000,1,IDLE code=0; status_seq=1,0,,4818,0,1
37.400,-0.5069,0.5839,-0.00014,10.0000,0.0000,1,IDLE code=0; status_seq=1,0,,4818,0,1
37.601,-0.4998,0.5780,0.00064,10.0000,0.0000,1,IDLE code=0; status_seq=1,0,,4818,0,1
37.800,-0.4978,0.5775,0.00082,10.0000,0.0000,1,IDLE code=0; status_seq=1,0,,4818,0,1
38.001,-0.4971,0.5752,0.00117,10.0000,0.0000,1,IDLE code=0; status_seq=1,0,,4818,0,1
38.200,-0.4931,0.5722,0.00033,10.0000,0.0000,1,IDLE code=0; status_seq=1,0,,4576,0,1
38.400,-0.4914,0.5709,0.00086,10.0000,0.0000,1,IDLE code=0; status_seq=1,0,,4576,0,1
38.600,-0.4914,0.5699,0.00273,10.0000,0.0000,1,IDLE code=0; status_seq=1,0,,4576,0,1
38.801,-0.4910,0.5701,0.00266,10.0000,0.0000,1,IDLE code=0; status_seq=1,0,,4576,0,1
39.000,-0.4910,0.5701,0.00266,10.0000,0.0000,1,IDLE code=0; status_seq=1,0,,4576,0,1
39.201,-0.4910,0.5701,0.00266,10.0000,0.0000,1,IDLE code=0; status_seq=1,0,,4348,0,1
39.400,-0.5107,0.5877,0.00100,10.0000,0.0000,1,IDLE code=0; status_seq=1,0,,4348,0,1
39.600,-0.5168,0.5935,0.00203,10.0000,0.0000,1,IDLE code=0; status_seq=1,0,,4348,0,1
39.800,-0.5168,0.5935,0.00203,10.0000,0.0000,1,IDLE code=0; status_seq=1,0,,4348,0,1
40.000,-0.5231,0.6038,-0.00492,10.0000,0.0000,1,IDLE code=0; status_seq=1,0,,4348,0,1
40.200,-0.5275,0.6080,0.00176,10.0000,0.0000,1,IDLE code=0; status_seq=1,0,,4348,0,1
40.401,-0.5244,0.6053,0.00302,10.0000,0.0000,1,IDLE code=0; status_seq=1,0,,4312,0,1
40.601,-0.5380,0.6236,0.00061,10.0000,0.0000,1,IDLE code=0; status_seq=1,0,,4312,0,1
40.800,-0.5410,0.6327,-0.00041,10.0000,0.0000,1,IDLE code=0; status_seq=1,0,,4312,0,1
41.001,-0.5441,0.6392,0.00347,10.0000,0.0000,1,IDLE code=0; status_seq=1,0,,4312,0,1
41.201,-0.5460,0.6423,0.00119,10.0000,0.0000,1,IDLE code=0; status_seq=1,0,,4312,0,1
41.400,-0.5472,0.6440,0.00208,10.0000,0.0000,1,IDLE code=0; status_seq=1,0,,4312,0,1
41.600,-0.5464,0.6444,0.00328,10.0000,0.0000,1,IDLE code=0; status_seq=1,0,,4312,0,1
41.800,-0.5460,0.6450,0.00172,10.0000,0.0000,1,IDLE code=0; status_seq=1,0,,4490,0,1
42.001,-0.5459,0.6448,0.00136,10.0000,0.0000,1,IDLE code=0; status_seq=1,0,,4490,0,1
42.200,-0.5459,0.6448,0.00136,10.0000,0.0000,1,IDLE code=0; status_seq=1,0,,4490,0,1
42.400,-0.5459,0.6448,0.00136,10.0000,0.0000,1,IDLE code=0; status_seq=1,0,,4490,0,1
42.601,-0.5459,0.6448,0.00136,10.0000,0.0000,1,IDLE code=0; status_seq=1,0,,4490,0,1
42.800,-0.5274,0.6204,0.00083,10.0000,0.0000,1,IDLE code=0; status_seq=1,0,,4827,0,1
43.000,-0.5125,0.6077,0.00077,10.0000,0.0000,1,IDLE code=0; status_seq=1,0,,4827,0,1
43.200,-0.5022,0.6012,0.00194,10.0000,0.0000,1,IDLE code=0; status_seq=1,0,,4827,0,1
43.400,-0.4981,0.5979,-0.00016,10.0000,0.0000,1,IDLE code=0; status_seq=1,0,,4827,0,1
43.600,-0.4947,0.5931,-0.00190,10.0000,0.0000,1,IDLE code=0; status_seq=1,0,,4827,0,1
43.800,-0.4920,0.5886,-0.00166,10.0000,0.0000,1,IDLE code=0; status_seq=1,0,,4827,0,1
44.000,-0.4900,0.5865,-0.00110,10.0000,0.0000,1,IDLE code=0; status_seq=1,0,,4674,0,1
44.200,-0.4886,0.5845,-0.00098,10.0000,0.0000,1,IDLE code=0; status_seq=1,0,,4674,0,1
44.401,-0.4878,0.5827,-0.00196,10.0000,0.0000,1,IDLE code=0; status_seq=1,0,,4674,0,1
44.600,-0.4877,0.5819,0.00150,10.0000,0.0000,1,IDLE code=0; status_seq=1,0,,4674,0,1
44.801,-0.4888,0.5809,0.00034,10.0000,0.0000,1,IDLE code=0; status_seq=1,0,,4674,0,1
45.000,-0.4913,0.5813,0.00128,10.0000,0.0000,1,IDLE code=0; status_seq=1,0,,4492,0,1
45.200,-0.4934,0.5811,0.00188,10.0000,0.0000,1,IDLE code=0; status_seq=1,0,,4492,0,1
45.400,-0.4964,0.5808,-0.00552,10.0000,0.0000,1,IDLE code=0; status_seq=1,0,,4492,0,1
45.600,-0.5012,0.5836,0.00098,10.0000,0.0000,1,IDLE code=0; status_seq=1,0,,4492,0,1
45.800,-0.5047,0.5854,0.00091,10.0000,0.0000,1,IDLE code=0; status_seq=1,0,,4492,0,1
46.000,-0.5078,0.5874,0.00384,10.0000,0.0000,1,IDLE code=0; status_seq=1,0,,4492,0,1
46.200,-0.5079,0.5873,0.00381,10.0000,0.0000,1,IDLE code=0; status_seq=1,0,,4492,0,1
46.401,-0.5079,0.5873,0.00381,10.0000,0.0000,1,IDLE code=0; status_seq=1,0,,4492,0,1
46.600,-0.5079,0.5873,0.00381,10.0000,0.0000,1,IDLE code=0; status_seq=1,0,,4492,0,1
46.800,-0.5079,0.5873,0.00381,10.0000,0.0000,1,IDLE code=0; status_seq=1,0,,4492,0,1
47.000,-0.5079,0.5873,0.00381,10.0000,0.0000,1,IDLE code=0; status_seq=1,0,,4492,0,1
47.200,-0.5079,0.5873,0.00381,10.0000,0.0000,1,IDLE code=0; status_seq=1,0,,4492,0,1
47.401,-0.5079,0.5873,0.00381,10.0000,0.0000,1,IDLE code=0; status_seq=1,0,,4492,0,1
47.601,-0.4880,0.6134,0.00646,10.0000,0.0000,1,IDLE code=0; status_seq=1,0,,4467,0,1
47.800,-0.5152,0.6317,0.00201,10.0000,0.0000,1,IDLE code=0; status_seq=1,0,,4467,0,1
48.000,-0.5154,0.6301,-0.00306,10.0000,0.0000,1,IDLE code=0; status_seq=1,0,,4467,0,1
48.200,-0.5144,0.6296,-0.00096,10.0000,0.0000,1,IDLE code=0; status_seq=1,0,,4467,0,1
48.401,-0.5121,0.6274,0.00246,10.0000,0.0000,1,IDLE code=0; status_seq=1,0,,4467,0,1
48.600,-0.5098,0.6249,0.00146,10.0000,0.0000,1,IDLE code=0; status_seq=1,0,,4467,0,1
48.800,-0.5098,0.6249,0.00146,10.0000,0.0000,1,IDLE code=0; status_seq=1,0,,4792,0,1
49.000,-0.5098,0.6249,0.00146,10.0000,0.0000,1,IDLE code=0; status_seq=1,0,,4792,0,1
49.200,-0.5086,0.6274,0.00376,10.0000,0.0000,1,IDLE code=0; status_seq=1,0,,4792,0,1
49.400,-0.4957,0.6116,-0.00004,10.0000,0.0000,1,IDLE code=0; status_seq=1,0,,4792,0,1
49.600,-0.4938,0.6066,-0.00265,10.0000,0.0000,1,IDLE code=0; status_seq=1,0,,4792,0,1
49.801,-0.4933,0.6047,-0.00251,10.0000,0.0000,1,IDLE code=0; status_seq=1,0,,4792,0,1
50.000,-0.4927,0.6035,0.00175,10.0000,0.0000,1,IDLE code=0; status_seq=1,0,,4792,0,1
50.200,-0.4927,0.6035,0.00175,10.0000,0.0000,1,IDLE code=0; status_seq=1,0,,4585,0,1
50.400,-0.4927,0.6035,0.00175,10.0000,0.0000,1,IDLE code=0; status_seq=1,0,,4585,0,1
50.600,-0.5101,0.6052,0.00168,10.0000,0.0000,1,IDLE code=0; status_seq=1,0,,4585,0,1
50.800,-0.5188,0.6051,0.00182,10.0000,0.0000,1,IDLE code=0; status_seq=1,0,,4585,0,1
51.001,-0.5173,0.6047,0.00247,10.0000,0.0000,1,IDLE code=0; status_seq=1,0,,4585,0,1
51.201,-0.5242,0.6044,-0.00629,10.0000,0.0000,1,IDLE code=0; status_seq=1,0,,4264,0,1
51.400,-0.5333,0.6101,0.00177,10.0000,0.0000,1,IDLE code=0; status_seq=1,0,,4264,0,1
51.600,-0.5386,0.6122,0.00170,10.0000,0.0000,1,IDLE code=0; status_seq=1,0,,4264,0,1
51.800,-0.5414,0.6143,0.00247,10.0000,0.0000,1,IDLE code=0; status_seq=1,0,,4264,0,1
52.000,-0.5411,0.6142,0.00276,10.0000,0.0000,1,IDLE code=0; status_seq=1,0,,4264,0,1
52.200,-0.5447,0.6136,-0.00667,10.0000,0.0000,1,IDLE code=0; status_seq=1,0,,4357,0,1
52.400,-0.5484,0.6196,-0.00435,10.0000,0.0000,1,IDLE code=0; status_seq=1,0,,4357,0,1
52.600,-0.5495,0.6209,0.00272,10.0000,0.0000,1,IDLE code=0; status_seq=1,0,,4357,0,1
52.801,-0.5516,0.6236,0.00170,10.0000,0.0000,1,IDLE code=0; status_seq=1,0,,4357,0,1
53.001,-0.5518,0.6247,0.00250,10.0000,0.0000,1,IDLE code=0; status_seq=1,0,,4357,0,1
53.200,-0.5518,0.6247,0.00250,10.0000,0.0000,1,IDLE code=0; status_seq=1,0,,4357,0,1
53.400,-0.5518,0.6247,0.00250,10.0000,0.0000,1,IDLE code=0; status_seq=1,0,,4357,0,1
53.601,-0.5518,0.6247,0.00250,10.0000,0.0000,1,IDLE code=0; status_seq=1,0,,4630,0,1
53.801,-0.5518,0.6247,0.00250,10.0000,0.0000,1,IDLE code=0; status_seq=1,0,,4630,0,1
54.001,-0.5518,0.6247,0.00250,10.0000,0.0000,1,IDLE code=0; status_seq=1,0,,4630,0,1
54.200,-0.5663,0.6577,0.00426,10.0000,0.0000,1,IDLE code=0; status_seq=1,0,,4630,0,1
54.401,-0.5362,0.6437,0.00346,10.0000,0.0000,1,IDLE code=0; status_seq=1,0,,4630,0,1
54.600,-0.5362,0.6437,0.00346,10.0000,0.0000,1,IDLE code=0; status_seq=1,0,,4630,0,1
54.800,-0.5362,0.6437,0.00346,10.0000,0.0000,1,IDLE code=0; status_seq=1,0,,4630,0,1
55.000,-0.5362,0.6437,0.00346,10.0000,0.0000,1,IDLE code=0; status_seq=1,0,,4630,0,1
55.200,-0.5362,0.6437,0.00346,10.0000,0.0000,1,IDLE code=0; status_seq=1,0,,4630,0,1
55.400,-0.5362,0.6437,0.00346,10.0000,0.0000,1,IDLE code=0; status_seq=1,0,,4533,0,1
55.601,-0.5362,0.6437,0.00346,10.0000,0.0000,1,IDLE code=0; status_seq=1,0,,4533,0,1
55.800,-0.5362,0.6437,0.00346,10.0000,0.0000,1,IDLE code=0; status_seq=1,0,,4533,0,1
56.000,-0.5342,0.6279,0.00280,10.0000,0.0000,1,IDLE code=0; status_seq=1,0,,4533,0,1
56.200,-0.5342,0.6279,0.00280,10.0000,0.0000,1,IDLE code=0; status_seq=1,0,,4533,0,1
56.400,-0.5342,0.6279,0.00280,10.0000,0.0000,1,IDLE code=0; status_seq=1,0,,4533,0,1
56.600,-0.5420,0.6323,0.00510,10.0000,0.0000,1,IDLE code=0; status_seq=1,0,,4303,0,1
56.800,-0.5530,0.6358,0.00260,10.0000,0.0000,1,IDLE code=0; status_seq=1,0,,4303,0,1
57.000,-0.5530,0.6358,0.00260,10.0000,0.0000,1,IDLE code=0; status_seq=1,0,,4303,0,1
57.200,-0.5530,0.6358,0.00260,10.0000,0.0000,1,IDLE code=0; status_seq=1,0,,4303,0,1
57.400,-0.5530,0.6358,0.00260,10.0000,0.0000,1,IDLE code=0; status_seq=1,0,,4303,0,1
57.600,-0.5530,0.6358,0.00260,10.0000,0.0000,1,IDLE code=0; status_seq=1,0,,4383,0,1
57.800,-0.5530,0.6358,0.00260,10.0000,0.0000,1,IDLE code=0; status_seq=1,0,,4383,0,1
58.000,-0.5530,0.6358,0.00260,10.0000,0.0000,1,IDLE code=0; status_seq=1,0,,4383,0,1
58.200,-0.5530,0.6358,0.00260,10.0000,0.0000,1,IDLE code=0; status_seq=1,0,,4383,0,1
58.400,-0.5530,0.6358,0.00260,10.0000,0.0000,1,IDLE code=0; status_seq=1,0,,4383,0,1
58.600,-0.5530,0.6358,0.00260,10.0000,0.0000,1,IDLE code=0; status_seq=1,0,,4383,0,1
58.800,-0.5530,0.6358,0.00260,10.0000,0.0000,1,IDLE code=0; status_seq=1,0,,4383,0,1
59.000,-0.5530,0.6358,0.00260,10.0000,0.0000,1,IDLE code=0; status_seq=1,0,,4383,0,1
59.200,-0.5530,0.6358,0.00260,10.0000,0.0000,1,IDLE code=0; status_seq=1,0,,4383,0,1
59.400,-0.5530,0.6358,0.00260,10.0000,0.0000,1,IDLE code=0; status_seq=1,0,,4383,0,1
59.600,-0.5530,0.6358,0.00260,10.0000,0.0000,1,IDLE code=0; status_seq=1,0,,4560,0,1
59.800,-0.4948,0.5997,0.00145,10.0000,0.0000,1,IDLE code=0; status_seq=1,0,,4560,0,1
60.000,-0.4954,0.6016,0.00160,10.0000,0.0000,1,IDLE code=0; status_seq=1,0,,4560,0,1
60.200,-0.4954,0.6016,0.00160,10.0000,0.0000,1,IDLE code=0; status_seq=1,0,,4560,0,1
60.401,-0.5004,0.6028,0.00200,10.0000,0.0000,1,IDLE code=0; status_seq=1,0,,4560,0,1
60.600,-0.5004,0.6028,0.00200,10.0000,0.0000,1,IDLE code=0; status_seq=1,0,,4430,0,1
60.800,-0.5066,0.6078,0.00045,10.0000,0.0000,1,IDLE code=0; status_seq=1,0,,4430,0,1
61.000,-0.5133,0.6121,0.00202,10.0000,0.0000,1,IDLE code=0; status_seq=1,0,,4430,0,1
61.200,-0.5187,0.6145,0.00142,10.0000,0.0000,1,IDLE code=0; status_seq=1,0,,4430,0,1
61.400,-0.5210,0.6161,-0.00533,10.0000,0.0000,1,IDLE code=0; status_seq=1,0,,4430,0,1
61.600,-0.5226,0.6183,0.00268,10.0000,0.0000,1,IDLE code=0; status_seq=1,0,,4430,0,1
61.800,-0.5226,0.6183,0.00268,10.0000,0.0000,1,IDLE code=0; status_seq=1,0,,4430,0,1
62.000,-0.5236,0.6174,0.00516,10.0000,0.0000,1,IDLE code=0; status_seq=1,0,,4337,0,1
62.200,-0.5448,0.6337,0.00227,10.0000,0.0000,1,IDLE code=0; status_seq=1,0,,4337,0,1
62.400,-0.5500,0.6417,-0.00627,10.0000,0.0000,1,IDLE code=0; status_seq=1,0,,4337,0,1
62.601,-0.5521,0.6445,0.00212,10.0000,0.0000,1,IDLE code=0; status_seq=1,0,,4337,0,1
62.801,-0.5521,0.6445,0.00212,10.0000,0.0000,1,IDLE code=0; status_seq=1,0,,4337,0,1
63.001,-0.5577,0.6413,-0.00519,10.0000,0.0000,1,IDLE code=0; status_seq=1,0,,4337,0,1
63.200,-0.5563,0.6470,0.00253,10.0000,0.0000,1,IDLE code=0; status_seq=1,0,,4484,0,1
63.400,-0.5584,0.6445,0.00213,10.0000,0.0000,1,IDLE code=0; status_seq=1,0,,4484,0,1
63.601,-0.5584,0.6445,0.00213,10.0000,0.0000,1,IDLE code=0; status_seq=1,0,,4484,0,1
63.800,-0.5584,0.6445,0.00213,10.0000,0.0000,1,IDLE code=0; status_seq=1,0,,4484,0,1
64.000,-0.5486,0.6331,0.00101,10.0000,0.0000,1,IDLE code=0; status_seq=1,0,,4484,0,1
64.200,-0.5442,0.6253,0.00028,10.0000,0.0000,1,IDLE code=0; status_seq=1,0,,4484,0,1
64.400,-0.5424,0.6206,-0.00161,10.0000,0.0000,1,IDLE code=0; status_seq=1,0,,4784,0,1
64.600,-0.5391,0.6159,-0.00156,10.0000,0.0000,1,IDLE code=0; status_seq=1,0,,4784,0,1
64.800,-0.5365,0.6133,-0.00125,10.0000,0.0000,1,IDLE code=0; status_seq=1,0,,4784,0,1
65.001,-0.5347,0.6124,0.00140,10.0000,0.0000,1,IDLE code=0; status_seq=1,0,,4784,0,1
65.201,-0.5320,0.6102,0.00160,10.0000,0.0000,1,IDLE code=0; status_seq=1,0,,4784,0,1
65.401,-0.5321,0.6090,0.00071,10.0000,0.0000,1,IDLE code=0; status_seq=1,0,,4784,0,1
65.600,-0.5307,0.6099,0.00115,10.0000,0.0000,1,IDLE code=0; status_seq=1,0,,4617,0,1
65.800,-0.5300,0.6081,-0.00324,10.0000,0.0000,1,IDLE code=0; status_seq=1,0,,4617,0,1
66.000,-0.5293,0.6087,0.00181,10.0000,0.0000,1,IDLE code=0; status_seq=1,0,,4617,0,1
66.200,-0.5297,0.6086,0.00222,10.0000,0.0000,1,IDLE code=0; status_seq=1,0,,4617,0,1
66.400,-0.5295,0.6092,0.00172,10.0000,0.0000,1,IDLE code=0; status_seq=1,0,,4617,0,1
66.601,-0.5314,0.6097,0.00248,10.0000,0.0000,1,IDLE code=0; status_seq=1,0,,4617,0,1
66.800,-0.5343,0.6092,-0.00583,10.0000,0.0000,1,IDLE code=0; status_seq=1,0,,4321,0,1
67.001,-0.5364,0.6128,-0.00592,10.0000,0.0000,1,IDLE code=0; status_seq=1,0,,4321,0,1
67.200,-0.5367,0.6160,0.00246,10.0000,0.0000,1,IDLE code=0; status_seq=1,0,,4321,0,1
67.400,-0.5367,0.6160,0.00246,10.0000,0.0000,1,IDLE code=0; status_seq=1,0,,4321,0,1
67.600,-0.5365,0.6148,0.00183,10.0000,0.0000,1,IDLE code=0; status_seq=1,0,,4321,0,1
67.800,-0.5506,0.6350,0.00356,10.0000,0.0000,1,IDLE code=0; status_seq=1,0,,4321,0,1
68.000,-0.5506,0.6350,0.00356,10.0000,0.0000,1,IDLE code=0; status_seq=1,0,,4341,0,1
68.200,-0.5557,0.6484,0.00369,10.0000,0.0000,1,IDLE code=0; status_seq=1,0,,4341,0,1
68.400,-0.5560,0.6485,0.00370,10.0000,0.0000,1,IDLE code=0; status_seq=1,0,,4341,0,1
68.600,-0.5528,0.6473,0.00255,10.0000,0.0000,1,IDLE code=0; status_seq=1,0,,4341,0,1
68.800,-0.5549,0.6562,0.00220,10.0000,0.0000,1,IDLE code=0; status_seq=1,0,,4341,0,1
69.000,-0.5557,0.6576,-0.00125,10.0000,0.0000,1,IDLE code=0; status_seq=1,0,,4341,0,1
69.200,-0.5554,0.6579,0.00196,10.0000,0.0000,1,IDLE code=0; status_seq=1,0,,4341,0,1
69.400,-0.5554,0.6579,0.00196,10.0000,0.0000,1,IDLE code=0; status_seq=1,0,,4579,0,1
69.600,-0.5554,0.6579,0.00196,10.0000,0.0000,1,IDLE code=0; status_seq=1,0,,4579,0,1
69.800,-0.5542,0.6507,-0.00329,10.0000,0.0000,1,IDLE code=0; status_seq=1,0,,4579,0,1
70.000,-0.5421,0.6407,0.00146,10.0000,0.0000,1,IDLE code=0; status_seq=1,0,,4579,0,1
70.200,-0.5401,0.6321,0.00187,10.0000,0.0000,1,IDLE code=0; status_seq=1,0,,4579,0,1
70.401,-0.5414,0.6273,0.00146,10.0000,0.0000,1,IDLE code=0; status_seq=1,0,,4579,0,1
70.600,-0.5379,0.6274,-0.00038,10.0000,0.0000,1,IDLE code=0; status_seq=1,0,,4746,0,1
70.801,-0.5384,0.6203,-0.00318,10.0000,0.0000,1,IDLE code=0; status_seq=1,0,,4746,0,1
71.000,-0.5362,0.6181,0.00206,10.0000,0.0000,1,IDLE code=0; status_seq=1,0,,4746,0,1
71.200,-0.5361,0.6154,0.00214,10.0000,0.0000,1,IDLE code=0; status_seq=1,0,,4746,0,1
71.400,-0.5361,0.6154,0.00216,10.0000,0.0000,1,IDLE code=0; status_seq=1,0,,4746,0,1
71.600,-0.5375,0.6131,0.00270,10.0000,0.0000,1,IDLE code=0; status_seq=1,0,,4746,0,1
71.800,-0.5399,0.6127,0.00167,10.0000,0.0000,1,IDLE code=0; status_seq=1,0,,4746,0,1
72.001,-0.5391,0.6125,0.00225,10.0000,0.0000,1,IDLE code=0; status_seq=1,0,,4399,0,1
72.200,-0.5442,0.6138,0.00039,10.0000,0.0000,1,IDLE code=0; status_seq=1,0,,4399,0,1
72.401,-0.5426,0.6132,0.00227,10.0000,0.0000,1,IDLE code=0; status_seq=1,0,,4399,0,1
72.600,-0.5467,0.6154,0.00171,10.0000,0.0000,1,IDLE code=0; status_seq=1,0,,4399,0,1
72.800,-0.5473,0.6158,-0.00167,10.0000,0.0000,1,IDLE code=0; status_seq=1,0,,4399,0,1
73.000,-0.5494,0.6187,0.00147,10.0000,0.0000,1,IDLE code=0; status_seq=1,0,,4399,0,1
73.200,-0.5494,0.6187,0.00147,10.0000,0.0000,1,IDLE code=0; status_seq=1,0,,4296,0,1
73.401,-0.5515,0.6287,0.00237,10.0000,0.0000,1,IDLE code=0; status_seq=1,0,,4296,0,1
73.601,-0.5515,0.6287,0.00237,10.0000,0.0000,1,IDLE code=0; status_seq=1,0,,4296,0,1
73.800,-0.5478,0.6304,0.00240,10.0000,0.0000,1,IDLE code=0; status_seq=1,0,,4296,0,1
74.000,-0.5523,0.6455,0.00211,10.0000,0.0000,1,IDLE code=0; status_seq=1,0,,4296,0,1
74.200,-0.5523,0.6455,0.00211,10.0000,0.0000,1,IDLE code=0; status_seq=1,0,,4408,0,1
74.400,-0.5533,0.6551,0.00104,10.0000,0.0000,1,IDLE code=0; status_seq=1,0,,4408,0,1
74.600,-0.5512,0.6547,0.00141,10.0000,0.0000,1,IDLE code=0; status_seq=1,0,,4408,0,1
74.800,-0.5512,0.6547,0.00141,10.0000,0.0000,1,IDLE code=0; status_seq=1,0,,4408,0,1
75.000,-0.5512,0.6547,0.00141,10.0000,0.0000,1,IDLE code=0; status_seq=1,0,,4408,0,1
75.200,-0.5397,0.6598,0.00205,10.0000,0.0000,1,IDLE code=0; status_seq=1,0,,4563,0,1
75.400,-0.5370,0.6584,0.00074,10.0000,0.0000,1,IDLE code=0; status_seq=1,0,,4563,0,1
75.600,-0.5365,0.6563,0.00212,10.0000,0.0000,1,IDLE code=0; status_seq=1,0,,4563,0,1
75.800,-0.5384,0.6544,0.00149,10.0000,0.0000,1,IDLE code=0; status_seq=1,0,,4563,0,1
76.000,-0.5355,0.6541,0.00168,10.0000,0.0000,1,IDLE code=0; status_seq=1,0,,4563,0,1
76.200,-0.5378,0.6500,0.00145,10.0000,0.0000,1,IDLE code=0; status_seq=1,0,,4563,0,1
76.400,-0.5378,0.6500,0.00145,10.0000,0.0000,1,IDLE code=0; status_seq=1,0,,4563,0,1
76.600,-0.5378,0.6500,0.00145,10.0000,0.0000,1,IDLE code=0; status_seq=1,0,,4563,0,1
76.800,-0.5378,0.6500,0.00145,10.0000,0.0000,1,IDLE code=0; status_seq=1,0,,4591,0,1
77.000,-0.5472,0.6277,0.00072,10.0000,0.0000,1,IDLE code=0; status_seq=1,0,,4591,0,1
77.200,-0.5472,0.6277,0.00072,10.0000,0.0000,1,IDLE code=0; status_seq=1,0,,4591,0,1
77.400,-0.5569,0.6217,0.00052,10.0000,0.0000,1,IDLE code=0; status_seq=1,0,,4591,0,1
77.600,-0.5562,0.6215,0.00039,10.0000,0.0000,1,IDLE code=0; status_seq=1,0,,4591,0,1
77.800,-0.5562,0.6215,0.00039,10.0000,0.0000,1,IDLE code=0; status_seq=1,0,,4591,0,1
78.001,-0.5562,0.6215,0.00039,10.0000,0.0000,1,IDLE code=0; status_seq=1,0,,4441,0,1
78.200,-0.5499,0.6276,0.00256,10.0000,0.0000,1,IDLE code=0; status_seq=1,0,,4441,0,1
78.400,-0.5561,0.6239,-0.00480,10.0000,0.0000,1,IDLE code=0; status_seq=1,0,,4441,0,1
78.600,-0.5562,0.6235,-0.00385,10.0000,0.0000,1,IDLE code=0; status_seq=1,0,,4441,0,1
78.800,-0.5567,0.6263,-0.00500,10.0000,0.0000,1,IDLE code=0; status_seq=1,0,,4441,0,1
79.000,-0.5565,0.6270,-0.00386,10.0000,0.0000,1,IDLE code=0; status_seq=1,0,,4469,0,1
79.201,-0.5573,0.6290,0.00066,10.0000,0.0000,1,IDLE code=0; status_seq=1,0,,4469,0,1
79.401,-0.5565,0.6288,0.00207,10.0000,0.0000,1,IDLE code=0; status_seq=1,0,,4469,0,1
79.601,-0.5565,0.6288,0.00207,10.0000,0.0000,1,IDLE code=0; status_seq=1,0,,4469,0,1
79.800,-0.5565,0.6288,0.00207,10.0000,0.0000,1,IDLE code=0; status_seq=1,0,,4469,0,1
80.001,-0.5565,0.6288,0.00207,10.0000,0.0000,1,IDLE code=0; status_seq=1,0,,4492,0,1
80.200,-0.5464,0.6633,0.00131,10.0000,0.0000,1,IDLE code=0; status_seq=1,0,,4492,0,1
80.400,-0.5484,0.6672,0.00113,10.0000,0.0000,1,IDLE code=0; status_seq=1,0,,4492,0,1
80.600,-0.5459,0.6688,-0.00233,10.0000,0.0000,1,IDLE code=0; status_seq=1,0,,4492,0,1
80.800,-0.5451,0.6684,0.00231,10.0000,0.0000,1,IDLE code=0; status_seq=1,0,,4492,0,1
81.001,-0.5451,0.6684,0.00231,10.0000,0.0000,1,IDLE code=0; status_seq=1,0,,4492,0,1
81.200,-0.5478,0.6728,0.00177,10.0000,0.0000,1,IDLE code=0; status_seq=1,0,,4492,0,1
81.400,-0.5507,0.6736,0.00129,10.0000,0.0000,1,IDLE code=0; status_seq=1,0,,4420,0,1
