time_s,raw_hz,filtered_hz,odom_hz,registered_hz,structure_hz,raw_obstacle_hz,safety_hz,clock_hz,local_costmap_hz,obstacle_layer_hz,raw_points,filtered_points,registered_points,structure_points,raw_obstacle_points,safety_points,costmap_nonfree_cells,costmap_inscribed_cells,costmap_lethal_cells,obstacle_layer_nonfree_cells,obstacle_layer_lethal_cells,lio_x_m,lio_y_m,lio_z_m,truth_x_m,truth_y_m,truth_z_m,structure_stamp_zero,raw_obstacle_stamp_zero,safety_stamp_zero,ros_clock_s,safety_stamp_s,costmap_stamp_s,safety_age_s,costmap_age_s
1.0000724779965822,0.0,0.0,0.0,0.0,0.0,0.0,0.0,0.0,0.0,0.0,0,0,0,0,0,0,0,0,0,0,0,nan,nan,nan,nan,nan,nan,0,0,0,nan,nan,nan,nan,nan
2.0001918909983942,2.999641803767851,0.0,695.9168984741415,1.9997612025119007,2.999641803767851,5.999283607535702,5.999283607535702,186.9776724348627,0.0,0.0,69984,0,7863,160,3648,3648,0,0,0,0,0,-2.9798408860017265,2.1466026131138567,-0.013582512822048143,nan,nan,nan,1,1,0,9473.84,9473.72,nan,0.12000000000080036,nan
3.0004465779966267,2.9992361335521553,0.9997453778507184,456.8836376777783,1.9994907557014368,1.9994907557014368,2.9992361335521553,2.9992361335521553,162.9584965896671,1.9994907557014368,1.9994907557014368,69984,23852,7826,190,3585,3585,4030,2460,460,460,460,-3.032701541824363,2.253310402548162,-0.09608989943979017,-548.3329561318418,161.4012389145358,-0.0626091130542533,1,1,0,9474.8,9474.74,9474.348,0.05999999999949068,0.45199999999931606
4.000080656998762,4.001464219780223,1.0003660549450557,869.3181017472535,3.0010981648351676,3.0010981648351676,5.001830274725279,5.001830274725279,235.0860229120881,2.0007321098901114,2.0007321098901114,69984,23948,8059,205,3737,3737,4288,2607,459,459,459,-3.0450949399739207,2.2121099154666766,-0.07550233760120496,-548.334206219214,161.40001999204048,-0.10167431754130632,1,1,0,9475.74,9475.424,9475.488,0.31599999999889405,0.25200000000040745
5.00006418999692,5.000082336365043,2.0000329345460175,560.0092216728849,2.0000329345460175,2.0000329345460175,5.000082336365043,5.000082336365043,249.00410035097917,2.0000329345460175,2.0000329345460175,69984,23883,8076,171,3632,3632,4269,2634,451,451,451,-3.042174588548867,2.223320144309401,-0.07088244737694153,-548.3381333118285,161.3984063923267,-0.14486659614757408,1,1,0,9476.736,9476.62,9476.676,0.11599999999998545,0.06000000000130967
6.000072523998824,3.9999666642702016,0.9999916660675504,355.99703312004794,0.9999916660675504,0.9999916660675504,2.999974998202651,2.999974998202651,246.99794151868497,0.9999916660675504,0.9999916660675504,69984,23764,8016,163,3604,3604,4192,2582,434,434,434,-2.9983095983755272,2.2223610619214593,-0.055743926562779836,-548.3407549590789,161.39837169347774,-0.13048576137494605,1,1,0,9477.724,9477.636,9477.276,0.08799999999973807,0.44800000000032014
7.000064892999944,3.0000228931713373,2.000015262114225,511.0038994701845,2.000015262114225,2.000015262114225,3.0000228931713373,3.0000228931713373,236.00180092947855,2.000015262114225,2.000015262114225,69984,23666,8026,169,3635,3635,4077,2484,441,441,441,-2.9897502481415414,2.198479099115306,-0.054062381068989404,-548.3406492281733,161.39937591011557,-0.09785917853578294,1,1,0,9478.668,9478.524,9478.416,0.14400000000023283,0.25200000000040745
8.000070244997914,1.9999892960613472,0.9999946480306736,383.99794484377867,0.9999946480306736,0.9999946480306736,2.999983944092021,2.999983944092021,241.998704823423,1.9999892960613472,1.9999892960613472,69984,23832,8073,160,3671,3671,4226,2617,498,498,498,-3.0295057874524063,2.203905806662644,-0.05137556052791605,-548.3400549348086,161.39984236610013,-0.10041135885513512,1,1,0,9479.636,9479.624,9479.576,0.012000000000625732,0.06000000000130967
9.000061613998696,5.000043155368566,2.0000172621474266,313.00270152607226,1.0000086310737133,1.0000086310737133,4.000034524294853,4.000034524294853,247.00213187520717,1.0000086310737133,1.0000086310737133,69984,24015,8140,189,3702,3702,4248,2615,477,477,477,-3.0512920016477856,2.2141108340476263,-0.06301503786766639,-548.3413660458256,161.39884757837345,-0.12678824791095905,1,1,0,9480.624,9480.42,9480.176,0.2039999999997235,0.44800000000032014
10.000060958998802,5.000003275001617,4.000002620001293,1147.0007512853708,4.000002620001293,4.000002620001293,6.00000393000194,6.00000393000194,243.00015916507857,2.0000013100006466,2.0000013100006466,69984,23753,8054,210,3645,3645,4199,2587,444,444,444,-2.9788915941192133,2.197486415803484,-0.05347948066778872,-548.343461633494,161.3974981327233,-0.12540465931936423,1,1,0,9481.596,9481.52,9481.36,0.07599999999911233,0.23599999999896681
11.000066544998845,2.9999832420934807,0.0,327.99816780222056,0.9999944140311603,0.9999944140311603,3.999977656124641,3.999977656124641,228.9987208131357,1.9999888280623206,1.9999888280623206,69984,23753,8026,188,3515,3515,4103,2463,412,412,412,-2.9762486427077466,2.1961832120009954,-0.055169800658314984,-548.3438899146315,161.39716090130378,-0.0979580285623388,1,1,0,9482.512,9482.232,9482.448,0.28000000000065484,0.06400000000030559
12.001284280999243,1.997567490154013,1.997567490154013,659.1972717508243,0.9987837450770065,0.9987837450770065,1.997567490154013,1.997567490154013,248.6971525241746,0.9987837450770065,0.9987837450770065,69984,23827,8030,167,3539,3539,4108,2469,421,421,421,-3.0120047369357956,2.199798368250575,-0.059629845490092384,-548.3428201282666,161.39771175781925,-0.09112921006717019,1,1,0,9483.508,9483.32,9483.048,0.18800000000010186,0.4599999999991269
13.000699688996974,6.00350960369987,2.0011698678999568,340.19887754299265,2.0011698678999568,2.0011698678999568,4.0023397357999135,4.0023397357999135,250.14623348749458,2.0011698678999568,2.0011698678999568,69984,24010,8111,178,3700,3700,4246,2620,493,493,493,-3.065269999432195,2.2037693214714946,-0.06752500843610018,-548.3427209949459,161.39815131140588,-0.1256677850133526,1,1,0,9484.508,9484.232,9484.244,0.27599999999983993,0.2639999999992142
14.004518176996498,3.984784149544271,1.9923920747721355,883.625885161442,2.988588112158203,2.988588112158203,2.988588112158203,2.988588112158203,226.13650048663737,1.9923920747721355,1.9923920747721355,69984,24009,8108,164,3732,3732,4246,2638,491,491,491,-3.0698129923744517,2.2078971394000217,-0.07404410503483543,-548.3443321219814,161.39796223085753,-0.14779235690118328,1,1,0,9485.416,9485.224,9485.364,0.19199999999909778,0.05199999999967986
15.000068361998274,8.035757634845634,3.013409113067113,901.0093248070667,3.013409113067113,3.013409113067113,8.035757634845634,8.035757634845634,245.09060786279184,1.0044697043557043,1.0044697043557043,69984,23654,7991,231,3662,3662,4173,2570,436,436,436,-2.9655742890228494,2.189644985843803,-0.04442066083688327,-548.345785714292,161.39753572994397,-0.12246770212839238,1,1,0,9486.392,9486.324,9485.936,0.06799999999930151,0.45600000000013097
16.000061776998336,5.000032925216499,3.0000197551298995,646.0042539379717,2.0000131700865995,2.0000131700865995,3.0000197551298995,3.0000197551298995,248.00163309073835,2.0000131700865995,2.0000131700865995,69984,23685,8019,209,3607,3607,4070,2451,419,419,419,-2.968217845437277,2.1718857892071606,-0.04896617644247365,-548.3453576919153,161.3974533403695,-0.07963262509774303,1,1,0,9487.384,9487.116,9487.132,0.2680000000000291,0.25200000000040745
17.000118444997497,3.999773340847678,1.999886670423839,614.9651511553304,1.999886670423839,1.999886670423839,1.999886670423839,1.999886670423839,237.98651378043684,1.999886670423839,1.999886670423839,69984,23876,8025,177,3573,3573,4111,2493,437,437,437,-2.9894065128304175,2.1826453247422832,-0.055398532322214915,-548.3441132522524,161.39822610826263,-0.08253365365074036,1,1,0,9488.336,9488.324,9488.284,0.011999999998806743,0.05199999999967986
18.00031932699858,2.9993974750331764,1.9995983166887843,781.8429418253147,1.9995983166887843,1.9995983166887843,2.9993974750331764,2.9993974750331764,234.95280221093216,0.9997991583443921,0.9997991583443921,69984,23911,8100,170,3691,3691,4301,2653,477,477,477,-3.0546683617934267,2.232656884971838,-0.06539830407876247,-548.3444973406249,161.39858712743904,-0.12636549254549811,1,1,0,9489.276,9489.124,9488.824,0.15200000000004366,0.45199999999931606
19.002743722998275,3.990325869923472,2.9927444024426038,869.8910396433168,2.9927444024426038,2.9927444024426038,4.98790733740434,4.98790733740434,243.40987806533178,1.995162934961736,1.995162934961736,69984,23899,8083,153,3666,3666,4282,2663,487,487,487,-2.999343363105699,2.217543814904648,-0.06219144708570917,-548.3465329182031,161.3987776294994,-0.15316526185200738,1,1,0,9490.252,9490.22,9489.996,0.03200000000106229,0.25600000000122236
20.000066956999945,5.013419751526245,3.008051850915747,1085.9067181805847,4.010735801220996,4.010735801220996,4.010735801220996,4.010735801220996,245.65756782478599,2.005367900610498,2.005367900610498,69984,23660,7977,222,3668,3668,4175,2578,448,448,448,-2.9563598928322268,2.1965268648169762,-0.046670258394772984,-548.3477926090769,161.3993329405203,-0.1263821104165265,1,1,0,9491.232,9491.044,9491.168,0.18800000000010186,0.06400000000030559
