elapsed_s,mode,spawn_yaw_rad,lio_x_rel_m,lio_y_rel_m,lio_z_rel_m,ekf_x_rel_m,ekf_y_rel_m,ekf_z_rel_m,ekf_camera_x_rel_m,ekf_camera_y_rel_m,truth_x_rel_m,truth_y_rel_m,truth_z_rel_m,truth_world_x_rel_m,truth_world_y_rel_m,lio_xy_drift_m,ekf_xy_drift_m,truth_xy_motion_m,lio_truth_xy_error_m,ekf_truth_xy_error_m,lio_yaw_rad,ekf_yaw_rad,lio_vx_mps,lio_vy_mps,lio_wz_radps,ekf_vx_mps,ekf_vy_mps,ekf_wz_radps,cmd_vx_mps,cmd_wz_radps,gps_lat,gps_lon,imu_gz_radps,filtered_points,registered_points,safety_cloud_points,raw_obstacle_points,safety_stop,nan_count,stamp_backwards
11.82526433700059,running,1.0,0.0,0.0,0.0,nan,nan,nan,nan,nan,0.0,0.0,0.0,0.0,0.0,0.0,nan,0.0,0.0,nan,0.0006252635382513205,nan,0.004964956754463898,0.0014385274595170522,-0.0085,nan,nan,nan,0.6,0.0008985619165101038,-33.72276871513596,150.6739895671597,-0.00925,22007,7461,3581,3581,0,0,0
12.030613058000199,running,1.0,0.0028368818528622386,0.000930531816521335,0.00022183516002706113,nan,nan,nan,nan,nan,0.03356222109276023,-9.033029516791052e-05,0.009277996219674275,0.0182097557689076,0.028192829568496336,0.002985596775965834,nan,0.033562342651274286,0.030742293845090644,nan,-0.0002025208799452726,nan,0.009032293767239607,0.001115457273009172,-0.006,nan,nan,nan,0.6,0.0018548371538473253,-33.722768489065324,150.67398973294934,-0.00825,22016,7461,3570,3570,0,0,0
12.23387035900032,running,1.0,0.008348521785098165,0.0011126804480443564,0.0007111114101240219,nan,nan,nan,nan,nan,0.07247513653516671,-0.0001996480273939033,0.0152238403997451,0.03932648141028494,0.060877854224770545,0.008422343722249695,nan,0.07247541152091445,0.06414004151332578,nan,-0.00022921150022868096,nan,0.006698525646535753,0.0007873064033965099,-0.01,nan,nan,nan,0.6,-0.008232506745027152,-33.722768161733065,150.67398997398533,0.0125,22037,7476,3559,3559,0,0,0
12.434635479000463,running,1.0,0.017099966695340932,0.0025818547478009962,0.0001734063485547034,nan,nan,nan,nan,nan,0.11673142136485996,-0.00035168402339322974,0.019270742422350107,0.06336618803220517,0.09803608840513789,0.017293780238007872,nan,0.11673195113383822,0.09967463272712132,nan,0.0003617785786866723,nan,0.005245864306701582,0.0011055106134485269,-0.00375,nan,nan,nan,0.6,-0.009327934822991706,-33.72276786524122,150.67399019047656,-0.0135,22030,7516,3565,3565,0,0,0
12.634986423000555,running,1.0,0.029424017447556433,0.005708930548655969,-0.0003785006627211457,nan,nan,nan,nan,nan,0.16661970724897163,-0.00047153996613683025,0.021834367447529784,0.09042179922937521,0.13995087501618286,0.029972732454073697,nan,0.16662037448545322,0.13733482994444768,nan,-0.0004702468047705749,nan,0.005143251067331127,0.0005791751786154043,-0.00175,nan,nan,nan,0.6,-0.010909324159034381,-33.72276740318787,150.67399053021796,0.0085,22030,7516,3565,3565,0,0,0
12.83518390000063,running,1.0,0.04244441365214846,0.011192439113544533,-0.0009248882508048478,nan,nan,nan,nan,nan,0.23707042406049472,-0.0005937527254666897,0.022648417078456134,0.12858932246365384,0.19916707723632499,0.043895318014397486,nan,0.23707116759851207,0.19498255882395144,nan,-0.0001486886612907609,nan,0.009328424891711623,0.0013793728866958372,-0.02,nan,nan,nan,0.6,-0.009501937202891438,-33.72276700647031,150.67399082345815,0.0035,22007,7556,3558,3558,0,0,0
13.035739053000725,running,1.0,0.04483466867806415,0.009634547909640634,-0.0013298848067833727,nan,nan,nan,nan,nan,0.29903700923115584,-0.0006922815851081177,0.02115017902862444,0.162152920494691,0.25125692531500476,0.045858172978161124,nan,0.299037810558644,0.2544120149483582,nan,-0.0009744559310451214,nan,0.005262824946701954,0.0008237591650402303,-0.022,nan,nan,nan,0.6,-0.010693472747819288,-33.72276642687065,150.67399125197082,0.00275,22007,7562,3552,3552,0,0,0
13.236537392000173,running,1.0,0.07582039862601737,0.022294655434430904,-0.002618746492346311,nan,nan,nan,nan,nan,0.3774428988793692,-0.0007411792510095272,0.017203134156728597,0.20455694943234448,0.31720678697038807,0.07903027589948157,nan,0.3774436266002433,0.3025008798974611,nan,0.003021889163876297,nan,0.0158200080704882,0.005753927438857007,-0.0085,nan,nan,nan,0.6,-0.008407948529384942,-33.72276596229724,150.67399159778896,-0.0035,22015,7562,3552,3552,0,0,0
13.437523219000468,running,1.0,0.08539360815417545,0.02254707744384743,-0.003767887550672616,nan,nan,nan,nan,nan,0.45387697614876676,-0.000731675302233642,0.011888287313558468,0.2458464603307675,0.3815289802485893,0.08832009406045553,nan,0.453877565899325,0.36921794758387705,nan,-0.0019848768940502323,nan,0.00509541481509534,0.0001040317519164848,0.00375,nan,nan,nan,0.6,-0.011861178009576317,-33.72276529581904,150.67399209666837,-0.00625,22015,7544,3552,3552,0,0,0
13.63795811700038,running,1.0,0.11176554495268293,0.02547581617208461,-0.006002947326785964,nan,nan,nan,nan,nan,0.553339408551013,-0.0006573186602827907,0.0034453156529146572,0.2995236729482258,0.46526390625859904,0.11463225657817278,nan,0.5533397989693187,0.44234649060360287,nan,-0.0028976129497432627,nan,0.02954092042993919,0.002954632228629043,0.0032500000000000003,nan,nan,nan,0.6,-0.011861178009576317,-33.722764590463626,150.6739926266474,-0.0,22020,7544,3470,3470,0,0,0
13.839133118000063,running,1.0,0.1706283906709737,0.049390497922055715,-0.007856704129045669,nan,nan,nan,nan,nan,0.6415693726645356,-0.00048797852518367435,-0.005083083534780666,0.3470520311951759,0.5395983559162403,0.17763296143439994,nan,0.641569558243069,0.4735749897679968,nan,0.003634477045558459,nan,0.004754712280431353,-0.001294099947995401,0.016,nan,nan,nan,0.6,-0.01809564870562273,-33.72276384976534,150.67399318795924,0.0032500000000000003,21982,7608,3389,3389,0,0,0
14.040007161000176,running,1.0,0.19926250087637382,0.056319771966603094,-0.009509218729713099,nan,nan,nan,nan,nan,0.7306652320202822,-0.0002367743945772549,-0.014247144329714231,0.39497934846122007,0.6147056626016365,0.20706873489225033,nan,0.7306652703840294,0.5344038787317223,nan,0.004449824113890818,nan,0.007779984957364288,-0.001082065305849355,0.0032500000000000003,nan,nan,nan,0.6,-0.01841639963859741,-33.72276326564742,150.67399363328906,-0.00125,21935,7618,3389,3389,0,0,0
14.240737632000673,running,1.0,0.20735440793954585,0.051133152645227914,-0.010926580636517457,nan,nan,nan,nan,nan,0.8264132446129463,0.00011110894636334745,-0.024143117933454195,0.44641948670982856,0.6954627992226676,0.21356603145491038,nan,0.8264132520820896,0.6211578641590499,nan,-0.002266199727482775,nan,0.0039801126389480005,-0.0010075854366766524,-0.002,nan,nan,nan,0.6,-0.010991294371403186,-33.72276247466708,150.6739942394311,0.014,21935,7582,3389,3389,0,0,0
14.440969802000836,running,1.0,0.20735440793954585,0.051133152645227914,-0.010926580636517457,nan,nan,nan,nan,nan,0.9395440292676415,0.0006345701088093514,-0.035191350181823414,0.5071038331435602,0.790941899271246,0.21356603145491038,nan,0.9395442435626423,0.73392898050068,nan,-0.002266199727482775,nan,0.0039801126389480005,-0.0010075854366766524,-0.002,nan,nan,nan,0.6,-0.010991294371403186,-33.722761663647105,150.67399486563343,0.00825,21766,7582,3265,3265,0,0,0
14.643273211000633,running,1.0,0.34560301605431226,0.08031152893134189,-0.03779003345631485,nan,nan,nan,nan,nan,1.0375481313246881,0.0011409475957863124,-0.04381520485681338,0.5596295735068679,0.873683104468256,0.354811761903586,nan,1.0375487586502952,0.6964596352234231,nan,-0.0003512317279309695,nan,0.005421088109056654,-0.0008139496821084561,0.00875,nan,nan,nan,0.6,-0.025478537111365673,-33.72276083429434,150.67399550878193,-0.0045000000000000005,21739,7516,3237,3237,0,0,0
14.843431473000237,running,1.0,0.3682082651573876,0.07880615906163721,-0.034657192151616306,nan,nan,nan,nan,nan,1.1392576337450993,0.001733314470375058,-0.051526187178974545,0.6140849926559895,0.9595887568225407,0.37654712485459385,nan,1.1392589523130972,0.7748918325630344,nan,-0.0020785260487210288,nan,0.0030815260757769167,-0.0012471541382483788,0.0005,nan,nan,nan,0.6,-0.020418078221674456,-33.722760210068756,150.67399599496935,0.00525,21739,7529,3237,3237,0,0,0
15.04361476000031,running,1.0,0.3682082651573876,0.07880615906163721,-0.034657192151616306,nan,nan,nan,nan,nan,1.237792362838688,0.002373442643841206,-0.05746785220799004,0.666784884708818,1.042848735078877,0.37654712485459385,nan,1.2377946383515182,0.8729366890440593,nan,-0.0020785260487210288,nan,0.0030815260757769167,-0.0012471541382483788,0.0005,nan,nan,nan,0.6,-0.020418078221674456,-33.72275935537583,150.67399666406635,-0.00375,21739,7529,3237,3237,0,0,0
15.244026026000029,running,1.0,0.4759458610345238,0.11854794818955475,-0.07342888277155035,nan,nan,nan,nan,nan,1.351047860275707,0.0031429114773269262,-0.062124363779273814,0.7273296054291905,1.1385656958271397,0.4904875927644323,nan,1.3510515159120027,0.8826787816496251,nan,0.0009412698323220507,nan,0.041300401453106886,0.015328337308960743,-0.00475,nan,nan,nan,0.6,-0.020418078221674456,-33.722758490627164,150.67399734294975,0.001,21502,7529,3119,3119,0,0,0
15.444699005000075,running,1.0,0.5728295857383124,0.09047867201866758,-0.07319534143508857,nan,nan,nan,nan,nan,1.4654487406755148,0.0039623454360345756,-0.06432258156471181,0.7884511350023331,1.2352734593774528,0.5799311376253118,nan,1.4654540974485712,0.8968021133595516,nan,-0.003966885939198898,nan,0.005157292621746511,-0.0029483336252350565,0.006,nan,nan,nan,0.6,-0.019357845343249018,-33.72275761814776,150.6739980297803,0.009000000000000001,21344,7438,3105,3105,0,0,0
15.64561975200013,running,1.0,0.635719844379463,0.10579844948682962,-0.0703018390054661,nan,nan,nan,nan,nan,1.5669001426601628,0.004719314200603342,-0.06416475870056228,0.8426285941764036,1.321050862484583,0.6444633678120627,nan,1.5669072496465648,0.9366502759815661,nan,0.019737138877493142,nan,0.0011882048594705626,-0.00010891188178627391,-0.01625,nan,nan,nan,0.6,-0.0212183690651876,-33.7227569506269,150.67399855632178,0.00075,21215,7411,3065,3065,0,0,0
15.845921933000682,running,1.0,0.6734010897490385,0.09787912817179861,-0.06253244905193936,nan,nan,nan,nan,nan,1.6666448401691487,0.0054585513702501975,-0.06214493853938215,0.8958988376094794,1.4053825428741789,0.6804772967607838,nan,1.6666537789971585,0.9975343155826456,nan,0.00027218918428334964,nan,0.00023196523761584371,0.00029636266719780725,-0.009000000000000001,nan,nan,nan,0.6,-0.03630040384332278,-33.72275606719795,150.67399925263726,-0.00975,21215,7332,3033,3033,0,0,0
16.04757241200059,running,1.0,0.6736356392910653,0.09781238969179606,-0.062450571504315024,nan,nan,nan,nan,nan,1.764572935248839,0.006191911424455632,-0.05847226017323838,0.9481925119832795,1.4881824296095658,0.6806998149700806,nan,1.764583798967845,1.0947778294017445,nan,0.00048319044860277807,nan,0.00024303357221400787,0.00030111420818368693,-0.009000000000000001,nan,nan,nan,0.6,-0.022880628577294098,-33.72275541096834,150.6739997695276,0.00525,20992,7371,2972,2972,0,0,0
16.24949866099996,running,1.0,0.752472873301138,0.10425749936476744,-0.07263864516746554,nan,nan,nan,nan,nan,1.8582407594690245,0.006886756771466551,-0.05355052405759346,0.9982167611966588,1.56737661244415,0.7596611423706394,nan,1.8582535208014126,1.110046701537087,nan,6.05781832687208e-05,nan,0.0022281866443443553,0.0001334102153271864,0.0005,nan,nan,nan,0.6,-0.03601027186768665,-33.72275452186825,150.67400046837363,0.005,20919,7371,2940,2940,0,0,0
16.450424841000313,running,1.0,0.7951810922844236,0.10728555098605985,-0.07257922637957248,nan,nan,nan,nan,nan,1.9616579671628938,0.0076367258792428006,-0.04678251313093336,1.0534622397364046,1.6548044020866541,0.8023859164872171,nan,1.9616728319767829,1.1707254964215186,nan,0.0016526507222901223,nan,0.00029594328533750477,0.00026741139830749794,0.005,nan,nan,nan,0.6,-0.023762352853173397,-33.722753844570796,150.67400099875886,0.02625,20857,7237,2940,2940,0,0,0
16.651982860000317,running,1.0,0.8048996619201789,0.10740373652118063,-0.06684843503586235,nan,nan,nan,nan,nan,2.058324805430903,0.008322803517716304,-0.039492095274347064,1.1051142409274917,1.7365174310123734,0.8120338837622045,nan,2.058341631923758,1.2573351270324538,nan,0.007362259663106835,nan,-0.0010761373130328672,0.000892099959658423,0.0055,nan,nan,nan,0.6,-0.019450369020690923,-33.72275318392798,150.67400151416498,0.0032500000000000003,20705,7219,2820,2820,0,0,0
16.852219313000205,running,1.0,0.8535427561762877,0.11016065931148777,-0.06756932731313967,nan,nan,nan,nan,nan,2.1647051744656665,0.009065220953470066,-0.03075848551608508,1.1619670768852757,1.8264345547607377,0.8606222211173469,nan,2.1647241557735173,1.3150540577448713,nan,0.00902502224942605,nan,0.0009283115526381273,0.000657910501810889,0.0175,nan,nan,nan,0.6,-0.03632694187494057,-33.722752289760294,150.67400220846292,-0.00475,20705,7227,2820,2820,0,0,0
17.052398465000806,running,1.0,0.8535427561762877,0.11016065931148777,-0.06756932731313967,nan,nan,nan,nan,nan,2.280829208708673,0.00987065444300983,-0.02084395694158682,1.2240314114418425,1.924584737786688,0.8606222211173469,nan,2.2808505670292747,1.4308056131630877,nan,0.00902502224942605,nan,0.0009283115526381273,0.000657910501810889,0.0175,nan,nan,nan,0.6,-0.021742315269217532,-33.72275139452125,150.67400289936856,0.017,20705,7227,2820,2820,0,0,0
17.25327679200018,running,1.0,0.9424264054827264,0.13465810528127609,-0.08209732192694619,nan,nan,nan,nan,nan,2.387691689465573,0.010609875727449314,-0.01183309294256693,1.281147422943377,2.014905817672741,0.9519980751393542,nan,2.3877152622132134,1.4505790927562197,nan,0.016761531219741586,nan,0.0034171785512088237,0.002279218431054187,0.008,nan,nan,nan,0.6,-0.02801487437676017,-33.72275071361715,150.67400342193915,0.01175,20511,7227,2676,2676,0,0,0
17.45398105300046,running,1.0,0.9460830761424939,0.13304734453788708,-0.07953782903087772,nan,nan,nan,nan,nan,2.5042370545762758,0.011425958035712114,-0.002644676351207159,1.3434304428673158,2.1134162919801724,0.9553924758191406,nan,2.5042631207662454,1.5628933367839706,nan,0.015858519977775473,nan,0.0017800708901717388,0.001678085191239327,-0.006,nan,nan,nan,0.6,-0.027193096090566016,-33.722749816900524,150.67400410638635,0.01175,20417,7132,2642,2642,0,0,0
17.654210849000265,running,1.0,0.9868940696795552,0.14582905678519473,-0.08203375414259406,nan,nan,nan,nan,nan,2.60425100937867,0.012140471475279302,0.004335699107729518,1.3968669709383903,2.1979611862812476,0.9976101536028662,nan,2.604279307389563,1.6228727948410042,nan,0.02016771044265942,nan,0.00029489022161590425,0.0017155724802841988,0.00025,nan,nan,nan,0.6,-0.03581058447384625,-33.722748919016695,150.67400478752268,-0.0055,20417,7139,2642,2642,0,0,0
17.854418792000615,running,1.0,0.9868940696795552,0.14582905678519473,-0.08203375414259406,nan,nan,nan,nan,nan,2.728195081654226,0.013068890285543588,0.011403397129991555,1.4630530014969736,2.3027581536640582,0.9976101536028662,nan,2.7282263834688654,1.7463546249582378,nan,0.02016771044265942,nan,0.00029489022161590425,0.0017155724802841988,0.00025,nan,nan,nan,0.6,-0.03407101072452811,-33.72274802005944,150.67400546614022,0.00125,20417,7139,2642,2642,0,0,0
18.05461375899995,running,1.0,0.9868940696795552,0.14582905678519473,-0.08203375414259406,nan,nan,nan,nan,nan,2.8450789786210633,0.013998639068586227,0.016131708075426465,1.525423283922919,2.4016149069642836,0.9976101536028662,nan,2.8451134171570813,1.862855446580141,nan,0.02016771044265942,nan,0.00029489022161590425,0.0017155724802841988,0.00025,nan,nan,nan,0.6,-0.03407101072452811,-33.72274711990101,150.67400614287,-0.004,20372,7139,2592,2592,0,0,0
18.254809897000086,running,1.0,1.1557021556898368,0.21056250009894809,-0.11202748075732724,nan,nan,nan,nan,nan,2.957245709582548,0.014957405388780654,0.018682132962175524,1.585220453263446,2.496517980182716,1.1747272190232314,nan,2.957283535750394,1.812131487958022,nan,0.02672471916492117,nan,0.0024659989122838948,0.0009067189165632448,-0.0025,nan,nan,nan,0.6,-0.07347120115032182,-33.72274645278172,150.67400664282195,0.01325,20341,7141,2583,2583,0,0,0
18.45500253800037,running,1.0,1.1881730425158148,0.20504894785928132,-0.15388378770796984,nan,nan,nan,nan,nan,3.0646665598476854,0.015965567576952555,0.019203326190779912,1.6424118471306883,2.587454221199181,1.2057363932383756,nan,3.064708146365115,1.8859958762647195,nan,0.028560899351040888,nan,0.00010266220423786295,0.008630072684614219,0.0115,nan,nan,nan,0.6,-0.061085687417377924,-33.72274554995202,150.67400731871362,-0.00475,20304,7128,2591,2591,0,0,0
18.655200123000213,running,1.0,1.2387255272802062,0.22864247643327604,-0.15253585620813678,nan,nan,nan,nan,nan,3.1768754696994943,0.017130335544826236,0.017749889879445632,1.7020584614135714,2.6825040898952466,1.2596500759993492,nan,3.176921654428113,1.949657042929116,nan,0.03744402172969292,nan,-4.9157892518969495e-05,-0.0012289809688263342,0.016,nan,nan,nan,0.6,-0.0602437875513841,-33.72274464541817,150.67400799577024,-0.00575,20304,7128,2591,2591,0,0,0
18.85533665500043,running,1.0,1.2387255272802062,0.22864247643327604,-0.15253585620813678,nan,nan,nan,nan,nan,3.284314115453273,0.01836504202297795,0.014550814981341503,1.7590688397775693,2.773577707701321,1.2596500759993492,nan,3.284365461353855,2.0563679805633175,nan,0.03744402172969292,nan,-4.9157892518969495e-05,-0.0012289809688263342,0.016,nan,nan,nan,0.6,-0.05675804106540245,-33.722743739163825,150.6740086749115,0.00575,20304,7154,2591,2591,0,0,0
19.055903512999976,running,1.0,1.2387255272802062,0.22864247643327604,-0.15253585620813678,nan,nan,nan,nan,nan,3.4084622635623143,0.01995968938202619,0.008897350044600169,1.824804520986504,2.878906363797853,1.2596500759993492,nan,3.4085207042540553,2.179749070508716,nan,0.03744402172969292,nan,-4.9157892518969495e-05,-0.0012289809688263342,0.016,nan,nan,nan,0.6,-0.05675804106540245,-33.722743049110406,150.67400919266967,-0.014,20304,7154,2591,2591,0,0,0
19.256032308000613,running,1.0,1.2387255272802062,0.22864247643327604,-0.15253585620813678,nan,nan,nan,nan,nan,3.525439271449743,0.02163494079783157,0.0019913297039764327,1.8865977926229789,2.978244264027637,1.2596500759993492,nan,3.5255056555540256,2.296064430189998,nan,0.03744402172969292,nan,-4.9157892518969495e-05,-0.0012289809688263342,0.016,nan,nan,nan,0.6,-0.05675804106540245,-33.722742139515965,150.67400987679517,0.04625,20275,7154,2521,2521,0,0,0
19.456315343000824,running,1.0,1.5734992202000064,0.41455556742279565,-0.23944468382107612,nan,nan,nan,nan,nan,3.644794636023872,0.023535134402076885,-0.006197840261561852,1.9494868135366232,3.079705019183905,1.62719270968477,nan,3.644870620658532,2.107880850203035,nan,0.04828107842437434,nan,0.6379840306298245,0.38977825760848417,0.04625,nan,nan,nan,0.6,-0.08786121756935429,-33.72274122792312,150.67401056416196,-0.02775,20242,7133,2521,2521,0,0,0
19.656845954000346,running,1.0,1.7750402217013292,0.48810205453629396,-0.28510067324860977,nan,nan,nan,nan,nan,3.7377486166827385,0.02519218913062371,-0.01307501557232503,1.9983157001519203,3.158818407321519,1.840926778636254,nan,3.7378335125988316,2.01655889753322,nan,0.059909800963355825,nan,0.7408600645821553,0.3969913179993673,0.04075,nan,nan,nan,0.5146601842235354,-0.09999999999999999,-33.722740552832775,150.6740110756855,-0.04275,20219,7162,2444,2444,0,0,0
19.85765151400028,running,1.0,1.8964303647845924,0.5755938370546727,-0.32263927707846446,nan,nan,nan,nan,nan,3.831583326154074,0.027021720001562777,-0.020343984103692744,2.0474753129060446,3.2387660924577517,1.9818568045477813,nan,3.831678608470935,2.0114045718117493,nan,0.06471738923064002,nan,0.6935743729831922,0.4447807011655472,0.08425,nan,nan,nan,0.4611944592684988,-0.09999999999999998,-33.72273965004061,150.67401176433845,-0.0445,20162,7132,2425,2425,0,0,0
20.05997228800061,running,1.0,1.94694545257399,0.5760702965858129,-0.3341387869556127,nan,nan,nan,nan,nan,3.9426484526812953,0.029324521563520944,-0.02917322812205639,2.105546316172081,3.3334683828483094,2.0303826195835613,nan,3.9427575057306203,2.069241746906829,nan,0.05588188980160338,nan,0.6438352382684611,0.3638345216410368,0.054,nan,nan,nan,0.4049222041126495,-0.09999999999999999,-33.722738777556316,150.67401243369753,0.07875,20162,7120,2425,2425,0,0,0
20.26012673400055,running,1.0,1.94694545257399,0.5760702965858129,-0.3341387869556127,nan,nan,nan,nan,nan,4.031983579058721,0.03132670444121888,-0.036020253733642274,2.152129512150964,3.40972308364465,2.0303826195835613,nan,4.032105274445389,2.155024262062391,nan,0.05588188980160338,nan,0.6438352382684611,0.3638345216410368,0.054,nan,nan,nan,0.4049222041126495,-0.09999999999999999,-33.72273814262193,150.67401292559603,0.101,20162,7120,2425,2425,0,0,0
20.460444709000512,running,1.0,2.271441877115777,0.6031833423646804,-0.32682818304229644,nan,nan,nan,nan,nan,4.128751752524842,0.033638322347378624,-0.04264861087852824,2.2024684200133606,3.492399666354231,2.3501655996166466,nan,4.1288887815860695,1.9426738025511499,nan,0.0702448217629005,nan,0.6775675670419526,0.13411651459861332,0.08,nan,nan,nan,0.5049222041126495,-0.09127366738897057,-33.72273734088582,150.6740135517843,0.08775000000000001,19955,7120,2282,2282,0,0,0
20.661321171000054,running,1.0,2.2995747601338006,0.6175892854750088,-0.3327157114569431,nan,nan,nan,nan,nan,4.223452216208507,0.03602079784593393,-0.048041050744234884,2.2516305149043774,3.5733746157974338,2.38106291453585,nan,4.223605819731999,2.0098573013514303,nan,0.06461768988907408,nan,0.618929937519427,0.14525325252516272,-0.0655,nan,nan,nan,0.4946713278221459,-0.09999999999999999,-33.7227367612481,150.67401400584075,-0.0845,19955,7079,2243,2243,0,0,0
20.86147304000042,running,1.0,2.2995747601338006,0.6175892854750088,-0.3327157114569431,nan,nan,nan,nan,nan,4.3194286088744125,0.03865308128549505,-0.05220580380113553,2.301271791032491,3.6555581942644153,2.38106291453585,nan,4.319601551978563,2.1011845941738736,nan,0.06461768988907408,nan,0.618929937519427,0.14525325252516272,-0.0655,nan,nan,nan,0.4946713278221459,-0.09999999999999999,-33.72273598285452,150.67401461921162,0.122,19955,7079,2243,2243,0,0,0
21.061895666000055,running,1.0,2.2995747601338006,0.6175892854750088,-0.3327157114569431,nan,nan,nan,nan,nan,4.42094768247516,0.04158392108999731,-0.054921573139745924,2.3536565639319633,3.7425670886085243,2.38106291453585,nan,4.4211432496217205,2.1981822616524385,nan,0.06461768988907408,nan,0.618929937519427,0.14525325252516272,-0.0655,nan,nan,nan,0.4946713278221459,-0.09999999999999999,-33.72273520582126,150.67401523110664,-0.0985,19697,7079,2190,2190,0,0,0
21.262301796999964,running,1.0,2.7429418257345457,0.5186666253604405,-0.35434673547487333,nan,nan,nan,nan,nan,4.522089473498516,0.04470029696218569,-0.055656337996015784,2.4056813669673147,3.8293587561758784,2.791548840272502,nan,4.522310396564415,1.841198097163744,nan,0.07561416099175851,nan,0.5343191708916507,-0.0594684266436506,0.1295,nan,nan,nan,0.3946713278221459,-0.09178024082184719,-33.72273443403646,150.67401583867485,0.1385,19680,7079,2190,2190,0,0,0
21.46261003500058,running,1.0,2.8223227519148337,0.5180135304541069,-0.3898195431811098,nan,nan,nan,nan,nan,4.603931971102954,0.04734147460067106,-0.05473322268323104,2.4476785827924914,3.8996538776025034,2.8694675000267296,nan,4.604175366964348,1.842732643130143,nan,0.0850420538646763,nan,0.564200197220636,-0.0033139493663170276,0.1385,nan,nan,nan,0.4750036647318292,-0.08899135285165787,-33.72273385651787,150.6740162949145,0.1295,19627,6973,2160,2160,0,0,0
21.666486321000775,running,1.0,2.9834809993852023,0.4737837428448817,-0.42317030448422394,nan,nan,nan,nan,nan,4.694823966868579,0.05034306566297664,-0.05221195134962257,2.494261985902426,3.9777586213627956,3.0208657548253663,nan,4.695093875967122,1.7629511506128244,nan,0.08635408029933182,nan,0.5964005324402357,-0.08694679994318698,0.1465,nan,nan,nan,0.4764528128029824,-0.08807449608137782,-33.722733106808654,150.67401688262782,-0.11325,19542,6996,2116,2116,0,0,0
21.868067540000084,running,1.0,3.0729002500240488,0.4417334617346448,-0.44070402059689184,nan,nan,nan,nan,nan,4.785262686526114,0.053495403190539914,-0.048345148925870315,2.5404736341093894,4.055563395092804,3.104487783486019,nan,4.7855616950595925,1.7558228566815572,nan,0.09167842773060246,nan,0.5870244243682662,-0.12623337981974717,0.1545,nan,nan,nan,0.4906403270621696,-0.08592431432498614,-33.722732364058395,150.67401746456463,-0.14075000000000001,19430,6955,2090,2090,0,0,0
22.07326853200084,running,1.0,3.149743626624769,0.4257623017792339,-0.4557066159064469,nan,nan,nan,nan,nan,4.865717577217242,0.056415062280724904,-0.043935595502669775,2.5814867886582533,4.124841349734055,3.178389285641346,nan,4.866044615546898,1.7552731931061638,nan,0.08718629762376506,nan,0.4853645433507274,-0.0771146061722195,0.17075,nan,nan,nan,0.4595825180400769,-0.08366287103305131,-33.72273181509995,150.67401789182847,0.1715,19382,6928,2080,2080,0,0,0
22.274182821000068,running,1.0,3.2343673673888236,0.38048057282584,-0.5333450361630914,nan,nan,nan,nan,nan,4.9535574959533015,0.05968494486414189,-0.03835856226071448,2.6261953879809425,4.2005228177580705,3.2566697304958003,nan,4.953917052026465,1.7488637834528127,nan,0.08868512462240345,nan,0.42426005220717433,-0.1294917332509341,-0.14100000000000001,nan,nan,nan,0.44609294111921016,-0.08209465806422134,-33.722731075554556,150.67401846152552,0.1845,19382,6900,2080,2080,0,0,0
22.476435720000154,running,1.0,3.3326081293153313,0.3625781938881486,-0.6045879213939923,nan,nan,nan,nan,nan,5.044786808013626,0.06324437195023647,-0.03198618393955939,2.672491641034412,4.279212803483006,3.352273838793875,nan,5.045183226493532,1.7381474519571105,nan,0.09104100072757404,nan,0.4496747028514281,-0.06807876095699245,0.17,nan,nan,nan,0.48983909292079697,-0.07616026669854471,-33.72273051771506,150.67401888918863,-0.1655,19343,6909,2063,2063,0,0,0
22.679450517000078,running,1.0,3.3159253641663247,0.3707499026524339,-0.6003041399460947,nan,nan,nan,nan,nan,5.132003726723178,0.06680306214590948,-0.02554416623059698,2.7166206087803175,4.354526078480035,3.3365875548287898,nan,5.132438494537723,1.8413376390008105,nan,0.09380939780455592,nan,0.3801706824283774,-0.04787812553695242,0.17,nan,nan,nan,0.43654260930471844,-0.0802637963047086,-33.72272978615527,150.6740194456893,-0.1545,19343,6904,2055,2055,0,0,0
22.879621813000085,running,1.0,3.3159253641663247,0.3707499026524339,-0.6003041399460947,nan,nan,nan,nan,nan,5.225684430301116,0.0707157586385545,-0.018643293816198475,2.763944088367907,4.435469711314397,3.3365875548287898,nan,5.226162883379289,1.9331839483758837,nan,0.09380939780455592,nan,0.3801706824283774,-0.04787812553695242,0.17,nan,nan,nan,0.43654260930471844,-0.0802637963047086,-33.722729061438834,150.67401998990408,0.1885,19262,6904,2044,2044,0,0,0
23.079792389999966,running,1.0,3.4851824362728596,0.41681518918128146,-0.7500671755329392,nan,nan,nan,nan,nan,5.318047929590219,0.07476513554954511,-0.012310593040782455,2.8104408668347105,4.51537880370384,3.5100187344282157,nan,5.318573456004209,1.864509092437728,nan,0.10561157034279342,nan,0.2773924214166692,0.1545290636699025,0.198,nan,nan,nan,0.361890366624146,-0.07696313272840165,-33.722728346011145,150.6740205240294,-0.176,19217,6857,2040,2040,0,0,0
23.27991596600077,running,1.0,3.5504972193665294,0.44071510654611057,-0.8057220506374848,nan,nan,nan,nan,nan,5.395140657499885,0.07823627822841583,-0.007458073919709651,2.84917337964157,4.582125563772905,3.577745143224627,nan,5.395707889558082,1.8799202948069411,nan,0.10869925503298986,nan,0.26363101820003876,0.1783424896444535,-0.2015,nan,nan,nan,0.3054339077847934,-0.07634712742999433,-33.72272782808745,150.67402090882533,-0.1985,19217,6827,2040,2040,0,0,0
23.480045179000626,running,1.0,3.5504972193665294,0.44071510654611057,-0.8057220506374848,nan,nan,nan,nan,nan,5.47287431565765,0.08172217169286844,-0.0031538346283228463,2.888239776181308,4.6494196179324945,3.577745143224627,nan,5.473484428436002,1.9556097840876194,nan,0.10869925503298986,nan,0.26363101820003876,0.1783424896444535,-0.2015,nan,nan,nan,0.308486003468887,-0.07646039147659621,-33.72272715214626,150.6740214056315,0.2245,19217,6827,2040,2040,0,0,0
23.68019549300061,running,1.0,3.5504972193665294,0.44071510654611057,-0.8057220506374848,nan,nan,nan,nan,nan,5.5530403212868436,0.08544170606605483,0.0003953262716136635,2.928423773622967,4.718886658635995,3.577745143224627,nan,5.553697605647337,2.0338136748820665,nan,0.10869925503298986,nan,0.26363101820003876,0.1783424896444535,-0.2015,nan,nan,nan,0.3483005029667941,-0.07646039147659621,-33.722726657910066,150.67402176916252,0.243,19217,6827,2040,2040,0,0,0
23.882138890000533,running,1.0,3.7996344140578873,0.5049917798027627,-0.8467690552405001,nan,nan,nan,nan,nan,5.627933846200262,0.08905676780437011,0.0028042474732323103,2.965846948267199,4.783860612993692,3.83304557475663,nan,5.628638421954126,1.8750148660152628,nan,0.12514300349863663,nan,0.3714608499144597,0.19693045367474682,-0.20675000000000002,nan,nan,nan,0.3483005029667941,-0.07646039147659621,-33.72272602326775,150.67402223472553,0.233,19159,6827,2020,2020,0,0,0
24.082715395000378,running,1.0,3.814449203373411,0.548809777313757,-0.8310533099953253,nan,nan,nan,nan,nan,5.699043938048867,0.09255162408521356,0.004004747064344283,3.001327074707092,4.845585970918535,3.853727403020513,nan,5.699795400795747,1.939038116271563,nan,0.12420484822594496,nan,0.2973505081438594,0.26009743446403294,-0.213,nan,nan,nan,0.23778123307334204,-0.07266191504302962,-33.72272556103848,150.674022570374,-0.24025,19148,6828,2020,2020,0,0,0
24.28415532300005,running,1.0,3.909137072510104,0.5747475434765494,-0.8135072072583869,nan,nan,nan,nan,nan,5.769857166421275,0.09607046705106415,0.0038519759773921886,3.0366266210268122,4.907074486902928,3.9511627896614425,nan,5.770656917157903,1.9213045077186612,nan,0.12623329141097606,nan,0.35919593751868023,0.22100437532255188,-0.223,nan,nan,nan,0.21341681538190438,-0.07166553424232443,-33.722724956887554,150.67402300761705,-0.227,19122,6854,2010,2010,0,0,0
24.484719363000295,running,1.0,3.9507349850744378,0.5742266267729168,-0.8131331379282953,nan,nan,nan,nan,nan,5.832965870890871,0.09927836786128408,0.0027740547617881445,3.0680250441181443,4.961911866807668,3.992247880729116,nan,5.833810679590391,1.9412287232998864,nan,0.13121152616655893,nan,0.3616895621473489,0.16673942516768522,0.2585,nan,nan,nan,0.21166821016843318,-0.0701804678049032,-33.72272438446715,150.67402342318684,0.263,19122,6808,1981,1981,0,0,0
24.68513936800082,running,1.0,4.069900286545365,0.6386045877453527,-0.8452682142258466,nan,nan,nan,nan,nan,5.906124020256365,0.10306177802602878,0.0007001233052831707,3.104368931036106,5.025516512037029,4.1196970958932715,nan,5.907023165075543,1.9127267712053473,nan,0.13403604247142076,nan,0.35405233591799706,0.22671717439307074,-0.22675,nan,nan,nan,0.2887978180749618,-0.07018341513447254,-33.72272384035508,150.67402381689172,-0.2605,19109,6808,1981,1981,0,0,0
24.885836102000212,running,1.0,4.110256037747793,0.6192453309721766,-0.8301113845117684,nan,nan,nan,nan,nan,5.9651519560473565,0.10630266134362198,-0.001763999406838579,3.133534751577713,5.076937864027798,4.156641610215274,nan,5.966099070124828,1.9245126785890627,nan,0.1384032365682119,nan,0.3358125105562625,0.16010763980200116,0.27675,nan,nan,nan,0.23055947526688408,-0.06758677163266787,-33.72272343521564,150.67402411043952,-0.257,19109,6852,1907,1907,0,0,0
25.085994482000388,running,1.0,4.156629835315265,0.6552844025787582,-0.8887332234201922,nan,nan,nan,nan,nan,6.026250006278376,0.10975126954158876,-0.005208145459933491,3.1636442652650203,5.130213391486933,4.207964975626105,nan,6.027249329448394,1.9475846535936465,nan,0.1408949424317358,nan,0.2588913711798482,0.23203391474498297,-0.257,nan,nan,nan,0.20539504988253926,-0.06607383044161344,-33.72272290971816,150.67402449002068,-0.2785,19050,6791,1907,1907,0,0,0
25.286354458999995,running,1.0,4.202127518785982,0.6856394083880507,-0.8166481827744231,nan,nan,nan,nan,nan,6.0812030901131475,0.11290838830502947,-0.008896697256564529,3.1906789193404848,5.178160615607396,4.2576962177300945,nan,6.082251172662252,1.96441997142257,nan,0.14513972449207327,nan,0.13391861441134326,0.1843591535158032,-0.258,nan,nan,nan,0.2,-0.06761467408438973,-33.72272253049301,150.6740247615435,-0.28500000000000003,18999,6828,1795,1795,0,0,0
25.486904911000238,running,1.0,4.227122197097138,0.6605173577659658,-0.818659758530764,nan,nan,nan,nan,nan,6.1390528230853345,0.11639100233104838,-0.01297042989682999,3.2190047448050336,5.228721151771083,4.278416208026221,nan,6.140156059096189,1.9878511537010266,nan,0.14414456647875684,nan,0.17797597941676713,0.06766565722507602,-0.27375,nan,nan,nan,0.2,-0.06625119425899785,-33.72272204019166,150.67402511613807,-0.294,18991,6812,1781,1781,0,0,0
25.68704957400041,running,1.0,4.435228384681102,0.7201635782643754,-0.7313135795303591,nan,nan,nan,nan,nan,6.1925669616331875,0.11970401213236093,-0.016657080015808304,3.2451307556387974,5.2755417734711045,4.493315747167061,nan,6.193723809214572,1.8570919644981045,nan,0.15198678753122893,nan,0.5329443458045241,0.1444883473726168,0.30375,nan,nan,nan,0.20252291532893762,-0.06455090187448208,-33.722721572657996,150.6740254547545,0.307,18991,6816,1781,1781,0,0,0
25.88736848999997,running,1.0,4.5376967951893095,0.7449993883607411,-0.6862954218481735,nan,nan,nan,nan,nan,6.243184526494008,0.12293433185858404,-0.020154348344514558,3.269761322329259,5.319880334819885,4.598447161132681,nan,6.244394757044411,1.8153934383906642,nan,0.15730602828797483,nan,0.47510141371773346,0.16683831292629725,-0.3085,nan,nan,nan,0.2,-0.0723454815365031,-33.722721227387986,150.67402570432984,0.34550000000000003,18908,6816,1781,1781,0,0,0
26.090532613000505,running,1.0,4.583573324345685,0.7544813091744323,-0.6125502797341269,nan,nan,nan,nan,nan,6.295473180779702,0.1264268191781346,-0.023794915441123887,3.2950741760663504,5.365766719187917,4.64525418739889,nan,6.296742515819112,1.8234729394381801,nan,0.15218805012589406,nan,0.41867436741711245,0.1441361198861016,0.334,nan,nan,nan,0.2,-0.0782242607432441,-33.72272078447808,150.6740260257094,-0.297,18868,6828,1747,1747,0,0,0
26.29155283900036,running,1.0,4.659411583438131,0.746299872914381,-0.5572380306276962,nan,nan,nan,nan,nan,6.339846199298717,0.12949396212682007,-0.026641885497566367,3.316468108492927,5.404762511187613,4.718800674344007,nan,6.341168545070356,1.7900586665707319,nan,0.16088610484427282,nan,0.4150240644989024,0.05908874418052663,-0.3335,nan,nan,nan,0.2,-0.08241692822832378,-33.722720466295314,150.67402625697963,0.34875,18868,6777,1747,1747,0,0,0
26.49250339900027,running,1.0,4.656636265728856,0.7459100533740252,-0.5568396225210541,nan,nan,nan,nan,nan,6.393690006649719,0.13336956944421585,-0.029510181928541532,3.342298830655295,5.452164512355296,4.715998634332459,nan,6.395080870730739,1.8418907522706476,nan,0.1607776627763503,nan,0.3874362715649152,0.05750921791869844,-0.32275,nan,nan,nan,0.2,-0.08253924965575639,-33.72272005090913,150.67402655897263,-0.32625,18868,6775,1747,1747,0,0,0
26.69268382500013,running,1.0,4.656636265728856,0.7459100533740252,-0.5568396225210541,nan,nan,nan,nan,nan,6.444106865355412,0.13717467422115837,-0.031677921193687564,3.3663372904046582,5.496644742986348,4.715998634332459,nan,6.445566707696727,1.8882822634240108,nan,0.1607776627763503,nan,0.3874362715649152,0.05750921791869844,-0.32275,nan,nan,nan,0.2,-0.07343371756166475,-33.72271965033657,150.67402685182216,-0.35125,18868,6775,1747,1747,0,0,0
26.892875721000564,running,1.0,4.656636265728856,0.7459100533740252,-0.5568396225210541,nan,nan,nan,nan,nan,6.487350459638963,0.14055406863937803,-0.03322242640467944,3.386858241760933,5.534858867451362,4.715998634332459,nan,6.488872893838262,1.9282039124630952,nan,0.1607776627763503,nan,0.3874362715649152,0.05750921791869844,-0.32275,nan,nan,nan,0.2,-0.07343371756166475,-33.72271925994731,150.6740271365905,-0.36625,18868,6775,1747,1747,0,0,0
27.093096258000514,running,1.0,4.899561456876746,0.7598804250972644,-0.44373712610549915,nan,nan,nan,nan,nan,6.531730868344294,0.14414619423110553,-0.034474819551559246,3.4078144094605705,5.5741445274109935,4.9581368204354925,nan,6.533321227506957,1.744449950784104,nan,0.17106476087866668,nan,0.2810764906278799,0.03489757379145239,-0.34975,nan,nan,nan,0.2,-0.07343371756166475,-33.72271887933293,150.67402741398848,0.386,18760,6732,1698,1698,0,0,0
27.295856893000746,running,1.0,4.913586855204563,0.7443372223314648,-0.5030007799450351,nan,nan,nan,nan,nan,6.5753533522245515,0.14782064382368,-0.03532627601773862,3.4282917953714787,5.612836895469144,4.969645227195517,nan,6.577014721691833,1.7655876979217766,nan,0.1781237028527855,nan,0.19439966865922642,0.004585664972043367,0.3925,nan,nan,nan,0.2,-0.08555561814638686,-33.72271859750814,150.6740276198486,0.38175000000000003,18757,6732,1683,1683,0,0,0
27.49603369200031,running,1.0,4.917849013537594,0.7471481429357034,-0.49880080914460073,nan,nan,nan,nan,nan,6.618292164077839,0.15156406266634592,-0.03580845294446354,3.448341756086961,5.650991237598333,4.974280778911154,nan,6.6200274043379945,1.8017289765360192,nan,0.1800218111157172,nan,0.20263863984249603,0.014329407043664094,0.3925,nan,nan,nan,0.2,-0.08696357094584341,-33.72271832864322,150.67402781579983,-0.37675000000000003,18757,6763,1683,1683,0,0,0
27.696155154000735,running,1.0,4.917849013537594,0.7471481429357034,-0.49880080914460073,nan,nan,nan,nan,nan,6.663361434058745,0.15563900956178633,-0.036038679136863025,3.4692638370042914,5.691117423797635,4.974280778911154,nan,6.665178849978354,1.8430129313323793,nan,0.1800218111157172,nan,0.20263863984249603,0.014329407043664094,0.3925,nan,nan,nan,0.2,-0.15421362703792965,-33.722717972066796,150.67402807546537,-0.40375,18757,6763,1683,1683,0,0,0
27.896329764000257,running,1.0,4.917849013537594,0.7471481429357034,-0.49880080914460073,nan,nan,nan,nan,nan,6.706804907446994,0.1597144334036007,-0.036079446129665835,3.489307094937203,5.7298758070322435,4.974280778911154,nan,6.708706340777819,1.88293429344941,nan,0.1800218111157172,nan,0.20263863984249603,0.014329407043664094,0.3925,nan,nan,nan,0.2,-0.15421362703792965,-33.72271762118269,150.67402833047262,0.40575,18739,6763,1663,1663,0,0,0
28.096639168000365,running,1.0,5.002062015583647,0.7257800718066396,-0.6261369570774654,nan,nan,nan,nan,nan,6.747839303932919,0.1636932838337235,-0.03593130195602333,3.5081299867886173,5.766554843116353,5.0544417219289794,nan,6.749824498672107,1.8340337776959963,nan,0.18631751807826902,nan,0.11500495697893262,0.014216300472075998,-0.39875,nan,nan,nan,0.2,-0.1589644212185986,-33.72271727540293,150.6740285808169,0.431,18739,6736,1663,1663,0,0,0
28.29810674000055,running,1.0,5.011911727243267,0.7249635965161435,-0.6552871946121627,nan,nan,nan,nan,nan,6.791961485656042,0.1681265557096956,-0.03552277636482472,3.528238833662158,5.8060776858399095,5.064072607887076,nan,6.794042048837337,1.8651124986014815,nan,0.18048685442132137,nan,0.06973125500683133,0.024656541308606096,-0.41300000000000003,nan,nan,nan,0.2,-0.15890153900435508,-33.7227169343363,150.67402882693779,-0.41500000000000004,18754,6736,1681,1681,0,0,0
28.50017778700021,running,1.0,5.01105644797573,0.6911641776261908,-0.7823926112007973,nan,nan,nan,nan,nan,6.832876085956325,0.1723729214801284,-0.03492026922823367,3.546771892961374,5.842800456064936,5.058497271446614,nan,6.835049965442347,1.894246858459941,nan,0.19140420856891333,nan,0.05086682590022829,-0.02436256562449821,-0.40975,nan,nan,nan,0.2,-0.15910575072011687,-33.72271659631961,150.67402907006178,-0.4205,18746,6705,1732,1732,0,0,0
28.704071779000515,running,1.0,4.978345664702128,0.702988967334493,-0.8611585642087775,nan,nan,nan,nan,nan,6.870694098196508,0.17641784306036712,-0.034163350702536746,3.5638013680325002,5.876808696525018,5.027734981624677,nan,6.872958653035998,1.9642453366797008,nan,0.18496317470263016,nan,-0.05928826439030889,0.05129856610854516,-0.4205,nan,nan,nan,0.2,-0.1546493550182101,-33.722716340105656,150.674029252919,0.46575,18710,6737,1776,1776,0,0,0
28.905104625000604,running,1.0,5.003826962832528,0.6894168865080693,-0.9250646364173654,nan,nan,nan,nan,nan,6.9107292580015365,0.18082852305678632,-0.03309218362401835,3.581720997950697,5.912880222445608,5.0510969023938035,nan,6.913094663907718,1.9735598513242227,nan,0.19631661728236813,nan,0.05197913024988956,-0.006553341956299004,-0.42625,nan,nan,nan,0.2,-0.15605466677720037,-33.72271609098326,150.67402943011288,0.47150000000000003,18702,6779,1788,1788,0,0,0
29.105600384000354,running,1.0,5.023572533162918,0.6662546990894427,-0.9341880995287164,nan,nan,nan,nan,nan,6.9486604468531885,0.18512641612743508,-0.03174432403706039,3.598598754436807,5.947120378819989,5.067561180687181,nan,6.95112608111881,1.9843003553147713,nan,0.19746845693858542,nan,0.09275295209101667,-0.055245179782032854,-0.4415,nan,nan,nan,0.2,-0.15701338651217198,-33.72271575454068,150.67402966776118,0.4535,18702,6707,1788,1788,0,0,0
29.30647914400015,running,1.0,5.0680974555813645,0.6605885106444016,-0.9915871044524079,nan,nan,nan,nan,nan,6.9905214156079625,0.1900005229721784,-0.029802864494150066,3.6171149128941806,5.984978660590343,5.110967520897162,nan,6.993103020891602,1.979183401361718,nan,0.2011024125152997,nan,0.1449519961723937,0.008958574221980944,0.47975,nan,nan,nan,0.2,-0.15685814019320343,-33.72271541776973,150.6740299032421,0.47375,18674,6707,1805,1805,0,0,0
29.50756017599997,running,1.0,5.1411917970977195,0.6712423869379912,-0.9309300927610321,nan,nan,nan,nan,nan,7.031164591359573,0.1948649713572057,-0.027416253222979622,3.6349812222974833,6.021806986394978,5.184825882955675,nan,7.033864362343838,1.9490850687246537,nan,0.20606385069080657,nan,0.2364278531692028,0.04524427883550567,0.48125,nan,nan,nan,0.2,-0.16258741457887146,-33.72271507986327,150.67403013708457,-0.44625000000000004,18671,6690,1805,1805,0,0,0
29.707724924000104,running,1.0,5.146604380156481,0.6737636983237442,-0.926194549821065,nan,nan,nan,nan,nan,7.068973322150489,0.1994977866926364,-0.02473031451772663,3.651510987043025,6.056125057136342,5.190519643255843,nan,7.071787835913248,1.9800077030351286,nan,0.20881288840996298,nan,0.24601200049273014,0.0509285485181202,0.50125,nan,nan,nan,0.2,-0.15790854564476609,-33.72271482191082,150.674030313522,0.50625,18629,6689,1713,1713,0,0,0
29.909425448000547,running,1.0,5.245449507968392,0.6967606644777654,-0.937039629807659,nan,nan,nan,nan,nan,7.105704252432464,0.20409891123473312,-0.021678745722597426,3.667485080571396,6.089519067413306,5.291523028789475,nan,7.108634840010001,1.9243864781819655,nan,0.20610849228669784,nan,0.29939847772413264,0.09869589490096317,-0.468,nan,nan,nan,0.2,-0.16362430154338267,-33.72271448110648,150.67403054357834,0.50725,18577,6671,1678,1678,0,0,0
30.112625010000556,running,1.0,5.261789633083543,0.7092561026546447,-0.9456189186450873,nan,nan,nan,nan,nan,7.143063476051454,0.20887774872819564,-0.018149845244447918,3.683649102146319,6.123537787020723,5.309376080292138,nan,7.146116829216693,1.9466817329274435,nan,0.2159471751678085,nan,0.28894124863864323,0.13684974935102204,0.52275,nan,nan,nan,0.2,-0.16587927464171237,-33.72271422812296,150.6740307120803,-0.47900000000000004,18497,6656,1573,1573,0,0,0
30.31272793000062,running,1.0,5.386062481405767,0.7206657387539206,-0.8971917349290531,nan,nan,nan,nan,nan,7.181891188603515,0.21394793864403105,-0.014113585694500719,3.700361387068142,6.1589496158424595,5.434061847331201,nan,7.185077227517519,1.8659484651360934,nan,0.21447542505784367,nan,0.37821988554875907,0.10029334527057611,-0.50375,nan,nan,nan,0.2,-0.17211701906285762,-33.722713885377026,150.67403093712525,-0.49375,18497,6614,1546,1546,0,0,0
30.51364611000008,running,1.0,5.386062481405767,0.7206657387539206,-0.8971917349290531,nan,nan,nan,nan,nan,7.213161124378773,0.21810240488372212,-0.010684730644558549,3.7137607426737986,6.187507027183102,5.434061847331201,nan,7.21645772282117,1.8949562938771256,nan,0.21447542505784367,nan,0.37821988554875907,0.10029334527057611,-0.50375,nan,nan,nan,0.2,-0.17207913543064868,-33.72271362422438,150.67403110554915,-0.5175,18435,6614,1522,1522,0,0,0
30.713729541000248,running,1.0,5.5428124048926914,0.7104119206308759,-0.8453153873877346,nan,nan,nan,nan,nan,7.246797602402876,0.22264705307608113,-0.006933334279239742,3.7281104197214745,6.218266631369204,5.5881530448625645,nan,7.250217045057033,1.7724221052995726,nan,0.20757266009316544,nan,0.4790066273060848,0.02424973717617847,-0.5175,nan,nan,nan,0.2,-0.15842235770873625,-33.722713280353325,150.67403132392823,-0.52075,18415,6629,1518,1518,0,0,0
30.914239880999958,running,1.0,5.610984548243225,0.7552127763708828,-0.8085277161115034,nan,nan,nan,nan,nan,7.2836225425957295,0.2277033097434309,-0.0029125007120694713,3.743752326543813,6.251985657195206,5.661580515917622,nan,7.287180946036457,1.7538483678850765,nan,0.22553612221583264,nan,0.37255939299305285,0.14849578113874468,0.5385,nan,nan,nan,0.2,-0.16619351365811705,-33.722713026008776,150.67403148249585,-0.522,18369,6612,1508,1508,0,0,0
31.11677729600069,running,1.0,5.673732687066202,0.7556046186456741,-0.7831374832449862,nan,nan,nan,nan,nan,7.320374082279773,0.23283952224951943,0.00080590221341173,3.7592872943836255,6.285686118946813,5.7238257262081405,nan,7.324076115636348,1.7276316825182898,nan,0.2174531956146083,nan,0.3357807742606285,0.0773298096932186,0.56,nan,nan,nan,0.2,-0.1688264332352014,-33.72271268315687,150.67403169257483,0.5700000000000001,18343,6608,1516,1516,0,0,0
31.31771747000039,running,1.0,5.712859996005479,0.7629356676404748,-0.7746150417535131,nan,nan,nan,nan,nan,7.357069748181024,0.2380669000899438,0.003993374060026672,3.774715360506093,6.319388821371746,5.763578763833955,nan,7.360920535403085,1.7259527607380163,nan,0.20682551327486925,nan,0.3562461538920059,0.10019084802758602,-0.5295,nan,nan,nan,0.2,-0.16902964033086712,-33.72271242359277,150.67403184894513,0.5585,18343,6602,1516,1516,0,0,0
31.51786152100067,running,1.0,5.712859996005479,0.7629356676404748,-0.7746150417535131,nan,nan,nan,nan,nan,7.393725185428545,0.2433860504787133,0.006415930273556261,3.7900444670575553,6.353107257471294,5.763578763833955,nan,7.397729982042329,1.7593293010994768,nan,0.20682551327486925,nan,0.3562461538920059,0.10019084802758602,-0.5295,nan,nan,nan,0.2,-0.16902964033086712,-33.72271208377005,150.67403205029774,0.5715,18343,6602,1534,1534,0,0,0
31.71798650600067,running,1.0,5.712859996005479,0.7629356676404748,-0.7746150417535131,nan,nan,nan,nan,nan,7.434423100092781,0.24940968796047036,0.007946615053677386,3.806964928030766,6.390607957024542,5.763578763833955,nan,7.438605516065608,1.796521208658839,nan,0.20682551327486925,nan,0.3562461538920059,0.10019084802758602,-0.5295,nan,nan,nan,0.2,-0.1569037833594965,-33.722711746385016,150.6740322468319,0.58175,18288,6602,1537,1537,0,0,0
31.918307883000125,running,1.0,5.878795883735044,0.6951438708055769,-0.5719481295531407,nan,nan,nan,nan,nan,7.471031216724578,0.2549561839861276,0.008077362374275254,3.8220771623874725,6.4244094095708135,5.919752194453637,nan,7.4753802643762475,1.6519620320236632,nan,0.22763526113876167,nan,0.19287113706737144,-0.011582240562962157,-0.56325,nan,nan,nan,0.2,-0.16563275144555847,-33.72271149856673,150.6740323893869,-0.56125,18259,6571,1536,1536,0,0,0
32.12078709300022,running,1.0,5.845292962041251,0.7440908991299473,-0.43151447938452464,nan,nan,nan,nan,nan,7.5051851705921795,0.26024247549766333,0.0070024396379509135,3.8360823614924584,6.4560051662600415,5.892463073983323,nan,7.50969577219543,1.7289741007486277,nan,0.23634957117155644,nan,-0.03434901697947713,0.1127948967674281,-0.5675,nan,nan,nan,0.2,-0.167504332537731,-33.722711166407365,150.67403257878888,-0.55825,18259,6565,1547,1547,0,0,0
32.32096656700014,running,1.0,5.845292962041251,0.7440908991299473,-0.43151447938452464,nan,nan,nan,nan,nan,7.54907153048796,0.26721396417315146,0.003810271416018321,3.8539279574989678,6.496700976147878,5.892463073983323,nan,7.553799327164639,1.7692577600203159,nan,0.23634957117155644,nan,-0.03434901697947713,0.1127948967674281,-0.5675,nan,nan,nan,0.2,-0.167504332537731,-33.722710837249835,150.674032764875,0.6062500000000001,18259,6565,1547,1547,0,0,0
32.52246419600033,running,1.0,5.924359078902766,0.9237510496744384,-0.37251456398614613,nan,nan,nan,nan,nan,7.588857919300606,0.27372805307152515,-0.0008577553775098584,3.869943218316166,6.533699645176426,5.995944170650045,nan,7.593792963096233,1.7869208952268665,nan,0.24422120323498153,nan,0.16344917678506674,0.3942255995461756,0.6235,nan,nan,nan,0.2,-0.167504332537731,-33.72271051104662,150.67403294906435,-0.59275,18335,6565,1493,1493,0,0,0
32.72358952000013,running,1.0,5.915275514330787,1.0186718193015847,-0.48734170589058345,nan,nan,nan,nan,nan,7.6253549317521125,0.279874590273542,-0.0065395601849724955,3.8844905055884738,6.567731810409896,6.0023475978887255,nan,7.6304893435137595,1.8628453933452378,nan,0.2580093025224612,nan,0.13567724795822833,0.3896506608200194,-0.6135,nan,nan,nan,0.2,-0.1771020077224229,-33.72271018734194,150.6740331319612,0.62375,18335,6591,1504,1504,0,0,0
32.924304404000395,running,1.0,5.90604528198445,1.023613704803434,-0.48022380610525284,nan,nan,nan,nan,nan,7.662604956858485,0.2863362428184568,-0.013549278846762658,3.899179486916637,6.60256787149001,5.994093416815606,nan,7.667952997301406,1.9050144218206289,nan,0.2617938267888836,nan,0.09622870833229935,0.3804410720785501,0.62175,nan,nan,nan,0.2,-0.1556068638598374,-33.722709942803384,150.67403327111623,0.63,18335,6602,1492,1492,0,0,0
33.124496308000744,running,1.0,5.90604528198445,1.023613704803434,-0.48022380610525284,nan,nan,nan,nan,nan,7.703814586810026,0.29371388297663037,-0.022419494162857823,3.9152370748739713,6.64123073537823,5.994093416815606,nan,7.709411587987772,1.9402907574061767,nan,0.2617938267888836,nan,0.09622870833229935,0.3804410720785501,0.62175,nan,nan,nan,0.2,-0.1556068638598374,-33.722709622304706,150.67403345484078,-0.613,18335,6602,1492,1492,0,0,0
33.32466549300079,running,1.0,5.90604528198445,1.023613704803434,-0.48022380610525284,nan,nan,nan,nan,nan,7.7408825916864785,0.30056945695713333,-0.031031448719678126,3.9294962367938524,6.6761264683761965,5.994093416815606,nan,7.746715774877137,1.9721614886763714,nan,0.2617938267888836,nan,0.09622870833229935,0.3804410720785501,0.62175,nan,nan,nan,0.2,-0.1556068638598374,-33.72270930266367,150.67403364062343,0.65,18335,6602,1502,1502,0,0,0
33.52527996900062,running,1.0,6.070694538956966,1.167304939299757,-0.16806786274121902,nan,nan,nan,nan,nan,7.777841270668481,0.3076016294555082,-0.03979342519739386,3.943547727152122,6.711025623392516,6.181903671737011,nan,7.783921479187568,1.9113973277553948,nan,0.24788585059733462,nan,0.2527132254595051,0.07359393604675905,-0.63725,nan,nan,nan,0.2,-0.16432160005489682,-33.72270898298378,150.67403382892928,0.6475,18451,6602,1519,1519,0,0,0
33.727420971000356,running,1.0,6.089197441538597,1.1783157157554125,-0.034043404614571164,nan,nan,nan,nan,nan,7.813077813908455,0.3144958678158183,-0.047890322878166566,3.9567848111729518,6.744401125017163,6.202157157637687,nan,7.81940487358608,1.9281981920789222,nan,0.2585179211969301,nan,0.25076758198705346,0.06125884606093595,0.666,nan,nan,nan,0.2,-0.16809643473221825,-33.72270874600152,150.6740339704907,-0.6455,18428,6658,1551,1551,0,0,0
33.927870375000566,running,1.0,6.126897217357976,1.136104522482065,0.09688718760773071,nan,nan,nan,nan,nan,7.848992086283543,0.32170337289672624,-0.055440329728348184,3.970124468952349,6.778516174776058,6.231340385348332,nan,7.855582080958407,1.904956684553664,nan,0.26506573606459854,nan,0.18197002653895245,-0.10156102525192616,0.6717500000000001,nan,nan,nan,0.2,-0.15161404889114768,-33.72270842449898,150.67403416480985,-0.66225,18428,6658,1551,1551,0,0,0
34.12864470600016,running,1.0,6.147482095482008,1.1043298108299429,0.14740468056385317,nan,nan,nan,nan,nan,7.882398307541429,0.32855709529213195,-0.0614327310378308,3.982406718794664,6.810329622690659,6.24588508102411,nan,7.889242856168061,1.9004624618864532,nan,0.2555213512080053,nan,0.16059114223098434,-0.14996055594650504,-0.6495,nan,nan,nan,0.2,-0.15297687001951274,-33.7227081009235,150.67403436273983,0.68925,18427,6633,1566,1566,0,0,0
34.329040763000194,running,1.0,6.147482095482008,1.1043298108299429,0.14740468056385317,nan,nan,nan,nan,nan,7.918071772378195,0.3360190810166772,-0.06633335989120533,3.995402129628019,6.84437953637169,6.24588508102411,nan,7.925198383342821,1.9301008215835604,nan,0.2555213512080053,nan,0.16059114223098434,-0.14996055594650504,-0.6495,nan,nan,nan,0.2,-0.15176783089596546,-33.72270785324163,150.67403451539724,0.70325,18427,6633,1566,1566,0,0,0
34.52957423800035,running,1.0,6.221651780239428,1.0940145809287602,0.20482061684654268,nan,nan,nan,nan,nan,7.953629048792888,0.34359077420493334,-0.06931149604591132,4.008242447941484,6.87839095606239,6.317105253028572,nan,7.9610470207078174,1.8875595748171192,nan,0.26634890238469994,nan,0.23677090856399702,-0.09335492457039188,0.70075,nan,nan,nan,0.2,-0.15570005902311704,-33.722707524658645,150.67403471868596,0.71825,18421,6633,1712,1712,0,0,0
34.73095318200012,running,1.0,6.263540093444215,1.0750499013914065,0.17860709056505727,nan,nan,nan,nan,nan,7.985148906636636,0.3503935224826935,-0.07011633739227847,4.019548384522409,6.908589542463886,6.35512917198894,nan,7.992832957203477,1.867903577049657,nan,0.26603264493962675,nan,0.26488710204826493,-0.08496208812509219,0.7065,nan,nan,nan,0.2,-0.15594733211381018,-33.72270727940515,150.6740348704528,0.71675,18363,6642,1707,1707,0,0,0
34.93328155600011,running,1.0,6.282040985847426,1.0973425009845226,0.1663970391166321,nan,nan,nan,nan,nan,8.023665175658074,0.3588038104164517,-0.06854360452785292,4.033281800217992,6.945543963252106,6.377162340126984,nan,8.03168369804473,1.8917436972274009,nan,0.27892779898567327,nan,0.2660051109350469,-0.011102734026205917,0.708,nan,nan,nan,0.2,-0.15734783853512493,-33.72270694497093,150.67403507613207,0.7212500000000001,18363,6588,1675,1675,0,0,0
35.133490337000694,running,1.0,6.282040985847426,1.0973425009845226,0.1663970391166321,nan,nan,nan,nan,nan,8.0597480627349,0.3667520636272763,-0.0644317744672331,4.046089242851167,6.980201125312789,6.377162340126984,nan,8.068088119928651,1.9219794063344335,nan,0.27892779898567327,nan,0.2660051109350469,-0.011102734026205917,0.708,nan,nan,nan,0.2,-0.15734783853512493,-33.72270668860158,150.67403523239975,0.725,18363,6588,1675,1675,0,0,0
35.33364963200074,running,1.0,6.282040985847426,1.0973425009845226,0.1663970391166321,nan,nan,nan,nan,nan,8.09499253699181,0.3745738084629151,-0.05800355101500297,4.058550142231525,7.014084434545396,6.377162340126984,nan,8.103654096266666,1.9517140952727228,nan,0.27892779898567327,nan,0.2660051109350469,-0.011102734026205917,0.708,nan,nan,nan,0.2,-0.15734783853512493,-33.722706348454274,150.67403543620435,0.73925,18363,6588,1675,1675,0,0,0
35.53381087100024,running,1.0,6.282040985847426,1.0973425009845226,0.1663970391166321,nan,nan,nan,nan,nan,8.134114866795203,0.38329807959363027,-0.04831431507581256,4.072346806215137,7.051718483741979,6.377162340126984,nan,8.143140799718429,1.9849526685058296,nan,0.27892779898567327,nan,0.2660051109350469,-0.011102734026205917,0.708,nan,nan,nan,0.2,-0.15734783853512493,-33.72270600562936,150.67403563684294,-0.704,18363,6588,1675,1675,0,0,0
35.73415537500023,running,1.0,6.282040985847426,1.0973425009845226,0.1663970391166321,nan,nan,nan,nan,nan,8.172437469236897,0.39187467816082355,-0.03664413080472205,4.085835637838613,7.088599797741352,6.377162340126984,nan,8.18182742130209,2.017742231666594,nan,0.27892779898567327,nan,0.2660051109350469,-0.011102734026205917,0.708,nan,nan,nan,0.2,-0.15734783853512493,-33.72270566061916,150.67403583226624,-0.7285,17893,6588,1404,1404,0,0,0
35.934383461000834,running,1.0,6.56861309779651,1.1243901719890865,0.15100963392865757,nan,nan,nan,nan,nan,8.204419562658963,0.39905593281762064,-0.0256560479383708,4.097072819232835,7.1193918498395306,6.664152705889137,nan,8.214118698780657,1.7894056412675816,nan,0.2812524596746489,nan,0.26849298699676105,0.015600731972232766,-0.72675,nan,nan,nan,0.05000000000000002,0.0,-33.7227054046651,150.67403597296885,-0.7445,17893,6407,1404,1404,0,0,0
36.1349569540007,running,1.0,6.56861309779651,1.1243901719890865,0.15100963392865757,nan,nan,nan,nan,nan,8.241604581004545,0.4072449340994204,-0.01145229808807112,4.110273163415513,7.155106500122201,6.664152705889137,nan,8.251660106062582,1.8202191612864773,nan,0.2812524596746489,nan,0.26849298699676105,0.015600731972232766,-0.72675,nan,nan,nan,0.0,0.0,-33.72270506910291,150.6740361514425,0.7615000000000001,17707,6407,1399,1399,0,0,0
36.33532003900018,running,1.0,6.690910366211223,1.1409552154773956,0.10509626368930722,nan,nan,nan,nan,nan,8.273793419298963,0.41397928941719275,0.0020165971687725187,4.121998102367911,7.185831061288354,6.787492934242943,nan,8.28414367314457,1.7418417714658974,nan,0.2861421055495737,nan,0.25840184891831064,0.025004943897425334,-0.75175,nan,nan,nan,0.0,0.0,-33.722704759064115,150.67403630324824,-0.75325,17660,6355,1382,1382,0,0,0
36.53556654100066,running,1.0,6.7350032117695005,1.1692830298495192,0.11495567588543629,nan,nan,nan,nan,nan,8.303559530107545,0.42010090071947426,0.015013918288158193,4.132929642383374,7.214185900566605,6.835750951171317,nan,8.314179793390636,1.7382873141129545,nan,0.2978307948906779,nan,0.2065225157690221,0.08061194354412762,0.7615000000000001,nan,nan,nan,0.0,0.0,-33.72270448018757,150.67403643715588,-0.7595000000000001,17643,6355,1386,1386,0,0,0
36.73627960400063,running,1.0,6.7808146667665605,1.1919556669662563,0.08332132447837509,nan,nan,nan,nan,nan,8.325988875711968,0.4245482609723661,0.024646164408067092,4.141305944920759,7.2354624631006175,6.88478074139253,nan,8.3368058622217,1.7252470729621123,nan,0.2995655841614818,nan,0.20938805014428633,0.0757063840399017,0.77775,nan,nan,nan,0.0,0.0,-33.72270428523833,150.67403652495926,-0.762,17614,6336,1374,1374,0,0,0
36.93727622999995,running,1.0,6.805269495882209,1.174648174232528,0.08470251636783893,nan,nan,nan,nan,nan,8.350237079355821,0.42912828274521075,0.034072790737694314,4.150553349831057,7.258341219225429,6.905902637947679,nan,8.361256506321325,1.71543718701314,nan,0.28859948775457844,nan,0.18998072472260055,-0.003011402227911837,-0.77325,nan,nan,nan,0.0,0.0,-33.722704106213584,150.67403659822887,-0.78125,17614,6324,1374,1374,0,0,0
37.1374872360002,running,1.0,6.805269495882209,1.174648174232528,0.08470251636783893,nan,nan,nan,nan,nan,8.375715274866007,0.433860567839341,0.041875161984315436,4.16033719701602,7.282337246040896,6.905902637947679,nan,8.38694469744195,1.7363946044933953,nan,0.28859948775457844,nan,0.18998072472260055,-0.003011402227911837,-0.77325,nan,nan,nan,0.0,0.0,-33.722703882245646,150.67403668662337,0.80225,17614,6324,1374,1374,0,0,0
37.33768583700021,running,1.0,6.913340408254055,1.1898497371990693,0.0438989575562408,nan,nan,nan,nan,nan,8.398846488147589,0.43799631761212865,0.046142615177276,4.169354931455359,7.3040360459994815,7.014985245708721,nan,8.410259395863536,1.6649359981528509,nan,0.2945440362362094,nan,0.23011135021221452,-0.005931013615452736,0.80075,nan,nan,nan,0.0,0.0,-33.722703679585884,150.67403676050367,-0.80425,17784,6324,1374,1374,0,0,0
37.541218357000616,running,1.0,6.857476363226489,1.2678247433426912,0.0724726595766334,nan,nan,nan,nan,nan,8.418211239858078,0.44134926572968336,0.04675205888221977,4.176996342902612,7.322142528291238,6.97369067653864,nan,8.42977281148389,1.7660563610003701,nan,0.3014974066361943,nan,0.015277725649027412,0.09350882278183632,-0.80775,nan,nan,nan,0.0,0.0,-33.72270349693469,150.67403681958407,0.82025,17799,6429,1426,1426,0,0,0
37.74610917100017,running,1.0,6.86827202545921,1.3179961641764915,0.11048023105115082,nan,nan,nan,nan,nan,8.435084465077367,0.4442888119775317,0.044337842772999396,4.1836394425199614,7.337929101349317,6.993588099430042,nan,8.446777046982946,1.793952551833163,nan,0.2927544541220309,nan,0.0035530860237331543,0.12120412026541619,0.8205,nan,nan,nan,0.0,0.0,-33.722703370188135,150.67403686060524,0.82575,17916,6421,1436,1436,0,0,0
37.947305846000745,running,1.0,6.846309439999905,1.3404988102475799,0.10532619611359484,nan,nan,nan,nan,nan,8.448647879908497,0.44663288186641203,0.039984780499544535,4.188995320030813,7.350608827750705,6.976309196739131,nan,8.460445137807268,1.834798292436918,nan,0.31138378642888287,nan,-0.07067241235416553,0.13297576705395805,0.82125,nan,nan,nan,0.0,0.0,-33.72270325464741,150.67403689620792,-0.82425,17916,6480,1436,1436,0,0,0
38.14748881000014,running,1.0,6.846309439999905,1.3404988102475799,0.10532619611359484,nan,nan,nan,nan,nan,8.465037149378784,0.44945655398039674,0.03142238886947159,4.195474441962574,7.365925559026351,6.976309196739131,nan,8.47696084303088,1.8477650552937472,nan,0.31138378642888287,nan,-0.07067241235416553,0.13297576705395805,0.82125,nan,nan,nan,0.0,0.0,-33.722703143619015,150.67403692876425,-0.84975,17916,6480,1436,1436,0,0,0
38.34765746500034,running,1.0,6.846309439999905,1.3404988102475799,0.10532619611359484,nan,nan,nan,nan,nan,8.481946375769388,0.4525142591316116,0.018397335788030683,4.202037565807018,7.381806267553458,6.976309196739131,nan,8.494008681190813,1.8611353386237155,nan,0.31138378642888287,nan,-0.07067241235416553,0.13297576705395805,0.82125,nan,nan,nan,0.0,0.0,-33.72270301031167,150.67403697068585,-0.863,17916,6480,1436,1436,0,0,0
38.54783454600056,running,1.0,6.846309439999905,1.3404988102475799,0.10532619611359484,nan,nan,nan,nan,nan,8.494853593054717,0.4549498603593314,0.0054363633974234965,4.206961877304934,7.393983277353186,6.976309196739131,nan,8.507027503357188,1.87133502270956,nan,0.31138378642888287,nan,-0.07067241235416553,0.13297576705395805,0.82125,nan,nan,nan,0.0,0.0,-33.72270288960052,150.67403701170917,-0.86075,17916,6480,1436,1436,0,0,0
38.74795945799997,running,1.0,6.846309439999905,1.3404988102475799,0.10532619611359484,nan,nan,nan,nan,nan,8.508896857900043,0.45773772634357224,-0.011694273851655251,4.212203577347509,7.4073065676722365,6.976309196739131,nan,8.521200007305273,1.8824091089386563,nan,0.31138378642888287,nan,-0.07067241235416553,0.13297576705395805,0.82125,nan,nan,nan,0.0,0.0,-33.72270277848467,150.67403705335246,-0.88175,17916,6480,1436,1436,0,0,0
38.94882291100021,running,1.0,6.846309439999905,1.3404988102475799,0.10532619611359484,nan,nan,nan,nan,nan,8.522592454859485,0.4607161298452227,-0.03124987329653907,4.217097099837247,7.420440253412977,6.976309196739131,nan,8.535036116146632,1.893130294153754,nan,0.31138378642888287,nan,-0.07067241235416553,0.13297576705395805,0.82125,nan,nan,nan,0.0,0.0,-33.72270270173814,150.6740370874083,-0.87575,17916,6480,1436,1436,0,0,0
39.14896185500038,running,1.0,6.846309439999905,1.3404988102475799,0.10532619611359484,nan,nan,nan,nan,nan,8.533952218475637,0.46338233664269746,-0.04901591370346588,4.220991270653599,7.431439722570843,6.976309196739131,nan,8.546523483682572,1.9019651563607451,nan,0.31138378642888287,nan,-0.07067241235416553,0.13297576705395805,0.82125,nan,nan,nan,0.0,0.0,-33.722702604391145,150.67403713672869,-0.88175,18179,6480,1654,1654,0,0,0
39.35008076900067,running,1.0,6.8040183200065325,1.444415914725589,0.12516635064362497,nan,nan,nan,nan,nan,8.544865816519266,0.46616078084149226,-0.06657881796823674,4.2245499326656955,7.442124398471748,6.955645378661643,nan,8.557571950963323,1.996880845990878,nan,0.3006148779324874,nan,-0.016340010679740533,-0.064746108097412,-0.88975,nan,nan,nan,0.0,0.0,-33.722702513613065,150.67403719024426,-0.883,18182,6559,1693,1693,0,0,0
39.55086134300018,running,1.0,6.796689994946567,1.433273425776327,0.11001714672981874,nan,nan,nan,nan,nan,8.554066425204542,0.46870400394490463,-0.08091624507692523,4.227380994304326,7.45124055303009,6.946169275251171,nan,8.566897679447655,2.004686032065488,nan,0.2938384999773064,nan,-0.027650591217393158,-0.09471910629308244,-0.8705,nan,nan,nan,0.0,0.0,-33.72270244847564,150.67403723539647,0.88725,18182,6532,1734,1734,0,0,0
39.75126195100074,running,1.0,6.796689994946567,1.433273425776327,0.11001714672981874,nan,nan,nan,nan,nan,8.56366208656067,0.4715125850731172,-0.09416253633742237,4.230202212733502,7.460832506501106,6.946169275251171,nan,8.576632932024022,2.011759003273818,nan,0.2938384999773064,nan,-0.027650591217393158,-0.09471910629308244,-0.8705,nan,nan,nan,0.0,0.0,-33.722702346823866,150.67403731416,0.901,18182,6532,1724,1724,0,0,0
39.95416785400084,running,1.0,6.839409947859823,1.3617743404082732,0.1406593559095893,nan,nan,nan,nan,nan,8.572254706006019,0.47417747316917636,-0.1030946992653712,4.232602398822678,7.469502791631044,6.973661720292884,nan,8.585359341384812,1.9469409735704384,nan,0.2973519135146546,nan,0.09020340944359453,-0.1901143818065402,-0.90175,nan,nan,nan,0.0,0.0,-33.722702287201294,150.67403736587343,0.91725,18182,6532,1708,1708,0,0,0
40.154896089999966,running,1.0,6.895547880758625,1.3323326699432672,0.13047330845723656,nan,nan,nan,nan,nan,8.578738959770194,0.47625961781182147,-0.10691149321642508,4.234353791780336,7.476084090583299,7.023082721941478,nan,8.591948868762968,1.8883837743027179,nan,0.30858290987256715,nan,0.19332159592303952,-0.19798159442459548,-0.9147500000000001,nan,nan,nan,0.0,0.0,-33.7227022117459,150.67403743642953,-0.917,18221,6524,1654,1654,0,0,0
40.35551549000047,running,1.0,6.883162458900511,1.3375168879873551,0.12735250011754184,nan,nan,nan,nan,nan,8.585959954317616,0.47859516202437113,-0.10699698022088154,4.236290019096373,7.4834222478999095,7.011909644402779,nan,8.59928843953143,1.907161724062749,nan,0.3084194443826615,nan,0.15332995086231058,-0.1841360868765981,0.90325,nan,nan,nan,0.0,0.0,-33.722702157796746,150.6740374888858,-0.92875,18221,6565,1654,1654,0,0,0
40.55572525700063,running,1.0,6.938279708895308,1.277028941440508,0.14219264402952025,nan,nan,nan,nan,nan,8.591682615480195,0.48044578805360594,-0.10308607830224505,4.237824738010886,7.489237598735002,7.054823047826574,nan,8.605105363701426,1.8352890485597013,nan,0.3023607541089093,nan,0.1675416048150942,-0.21251912909907705,0.93625,nan,nan,nan,0.0,0.0,-33.72270208728387,150.6740375589882,0.921,18043,6565,1451,1451,0,0,0
40.758843944000546,running,1.0,6.947465092114759,1.259177359103097,0.1336173760702426,nan,nan,nan,nan,nan,8.598166011814202,0.48250125786605613,-0.09347709246163245,4.239598113792681,7.495803763712388,7.060651445003569,nan,8.611693575050106,1.8242914494480749,nan,0.31111806593253355,nan,0.15883029230461293,-0.22796368894954133,0.9365,nan,nan,nan,0.0,0.0,-33.72270201954203,150.67403762593332,0.93625,18043,6487,1451,1451,0,0,0
40.960162239000056,running,1.0,6.947465092114759,1.259177359103097,0.1336173760702426,nan,nan,nan,nan,nan,8.604520626181747,0.4844105726763792,-0.07797436979256757,4.241424893574617,7.502182594516967,7.060651445003569,nan,8.618145323055755,1.8292338878153378,nan,0.31111806593253355,nan,0.15883029230461293,-0.22796368894954133,0.9365,nan,nan,nan,0.0,0.0,-33.722701954828786,150.6740376862256,-0.9355,18043,6487,1451,1451,0,0,0
41.16033057799996,running,1.0,7.022950617902637,1.1954278952467745,0.08751325079529346,nan,nan,nan,nan,nan,8.609434394914256,0.4857970787604642,-0.06160828084773863,4.242913109511278,7.507066520765761,7.123965415008215,nan,8.62312932768985,1.737960491618863,nan,0.2934837269143173,nan,0.1357126906082099,-0.13666393311357097,-0.9645,nan,nan,nan,0.0,0.0,-33.72270189384995,150.67403773811301,0.94275,17577,6283,1313,1313,0,0,0
41.36078804000044,running,1.0,7.079656485488364,1.1857449272840381,0.08037592096668836,nan,nan,nan,nan,nan,8.614358979206026,0.4870693536807251,-0.041519061070150146,4.244503291329465,7.511897828632641,7.178267686921218,nan,8.62811782359991,1.6862560011377654,nan,0.3104211905736315,nan,0.1888871769600208,-0.08637512705424674,0.96375,nan,nan,nan,0.0,0.0,-33.72270185013508,150.67403777026936,0.9675,17461,6255,1285,1285,0,0,0
41.56098601600024,running,1.0,7.096874211574139,1.1807646537499108,0.08348841163255946,nan,nan,nan,nan,nan,8.61821288394285,0.48796637448164226,-0.023559437702370414,4.2458307479686255,7.515625440054038,7.194430397359558,nan,8.632016247411915,1.6716581025441966,nan,0.3066455480867088,nan,0.17034749879197017,-0.0838254360315992,0.9675,nan,nan,nan,0.0,0.0,-33.72270180986333,150.6740377945658,-0.967,17461,6254,1272,1272,0,0,0
41.76119601700066,running,1.0,7.096874211574139,1.1807646537499108,0.08348841163255946,nan,nan,nan,nan,nan,8.622509722351698,0.48886511418302625,-0.0018604977185926325,4.247396076287259,7.519726696034525,7.194430397359558,nan,8.636357045184893,1.6751981030906071,nan,0.3066455480867088,nan,0.17034749879197017,-0.0838254360315992,0.9675,nan,nan,nan,0.0,0.0,-33.72270175957591,150.6740378163913,-0.9875,17370,6254,1243,1243,0,0,0
41.96138638499997,running,1.0,7.126071781496479,1.1785664182795372,0.08420649598358548,nan,nan,nan,nan,nan,8.62639845428842,0.4895567732708668,0.018390463242583588,4.248915156065777,7.523372656127009,7.222874624229377,nan,8.640278706523594,1.6509737781097287,nan,0.3073891012050086,nan,0.055200136290125774,-0.019543808184433364,0.981,nan,nan,nan,0.0,0.0,-33.722701714271125,150.6740378244644,0.9905,17370,6207,1243,1243,0,0,0
42.16156572700038,running,1.0,7.126071781496479,1.1785664182795372,0.08420649598358548,nan,nan,nan,nan,nan,8.629846849255323,0.49006484171774867,0.03590129244500478,4.250350806961592,7.526548890989204,7.222874624229377,nan,8.643750354486752,1.653896573350699,nan,0.3073891012050086,nan,0.055200136290125774,-0.019543808184433364,0.981,nan,nan,nan,0.0,0.0,-33.72270168335344,150.67403782181117,-1.0,17370,6207,1243,1243,0,0,0
42.363292451000234,running,1.0,7.135403158933513,1.250606170055739,0.08368289859658065,nan,nan,nan,nan,nan,8.63384158016314,0.4905370646163787,0.05431397661088326,4.252111807414849,7.530165484261261,7.244169657945611,nan,8.647765436407049,1.6801853312240662,nan,0.3111337394404705,nan,-0.0010966051140004498,0.13066084724281582,-1.0030000000000001,nan,nan,nan,0.0,0.0,-33.72270164723697,150.6740378076585,-1.01875,17387,6207,1277,1277,0,0,0
42.56401719200039,running,1.0,7.122001485611291,1.253358425133631,0.07544834498812927,nan,nan,nan,nan,nan,8.637259128812234,0.49083803787573155,0.06714124473544161,4.253705056565423,7.533203868834676,7.231446086565459,nan,8.651194555532546,1.6963027637373034,nan,0.31158070635922225,nan,-0.032886814201965084,0.12650699776816923,1.0065,nan,nan,nan,0.0,0.0,-33.72270162376562,150.67403779045725,-1.00525,17444,6248,1318,1318,0,0,0
42.76417382300042,running,1.0,7.0866338693865325,1.2702701374864271,0.06652762005740914,nan,nan,nan,nan,nan,8.640451727246697,0.4910437732945394,0.07551032276512575,4.2552569044758,7.536001507104601,7.19958094759175,nan,8.65439368402962,1.7382588018062384,nan,0.31509937149617906,nan,-0.11170013385742553,0.07446964996279906,1.02375,nan,nan,nan,0.0,0.0,-33.72270159614822,150.6740377597224,1.01825,17444,6267,1318,1318,0,0,0
42.96433393799998,running,1.0,7.0866338693865325,1.2702701374864271,0.06652762005740914,nan,nan,nan,nan,nan,8.643636876474213,0.4912035827944714,0.07930929799840253,4.256843372890671,7.53876806320315,7.19958094759175,nan,8.657582769578067,1.7410350544201212,nan,0.31509937149617906,nan,-0.11170013385742553,0.07446964996279906,1.02375,nan,nan,nan,0.0,0.0,-33.72270157292076,150.67403772328424,1.029,17444,6267,1318,1318,0,0,0
43.16448758200022,running,1.0,7.0866338693865325,1.2702701374864271,0.06652762005740914,nan,nan,nan,nan,nan,8.646852901963392,0.49136332534616134,0.07746088920984513,4.258446580155919,7.541560564607721,7.19958094759175,nan,8.660802677909707,1.7438403744648139,nan,0.31509937149617906,nan,-0.11170013385742553,0.07446964996279906,1.02375,nan,nan,nan,0.0,0.0,-33.72270155337248,150.67403768394414,-1.03875,17444,6267,1318,1318,0,0,0
43.36467345800065,running,1.0,7.017616041163051,1.3638267403010107,0.070230802709534,nan,nan,nan,nan,nan,8.64987148941776,0.49156856019651407,0.06953272777285263,4.259904830746336,7.544211507228567,7.148913083731614,nan,8.663828047278864,1.850700456885552,nan,0.2888774660159188,nan,-0.14123828002783853,0.11172723412520724,-1.0135,nan,nan,nan,0.0,0.0,-33.72270153675496,150.6740376449047,1.047,17919,6267,1318,1318,0,0,0
43.565201066000554,running,1.0,7.017616041163051,1.3638267403010107,0.070230802709534,nan,nan,nan,nan,nan,8.652669560090487,0.4918809524850163,0.055904185128293274,4.26115376573614,7.546734788786921,7.148913083731614,nan,8.666639336417207,1.8530217124057256,nan,0.2888774660159188,nan,-0.14123828002783853,0.11172723412520724,-1.0135,nan,nan,nan,0.0,0.0,-33.72270152562064,150.67403761732717,-1.049,17919,6472,1318,1318,0,0,0
43.76538258100027,running,1.0,7.017616041163051,1.3638267403010107,0.070230802709534,nan,nan,nan,nan,nan,8.655219303214112,0.4923596020528245,0.03731981469871169,4.262128628102005,7.549138939109355,7.148913083731614,nan,8.669212142084412,1.8550470120529992,nan,0.2888774660159188,nan,-0.14123828002783853,0.11172723412520724,-1.0135,nan,nan,nan,0.0,0.0,-33.72270151227729,150.67403758578826,1.05275,17919,6472,1345,1345,0,0,0
43.965588833000766,running,1.0,7.017616041163051,1.3638267403010107,0.070230802709534,nan,nan,nan,nan,nan,8.657359968787043,0.49301187056208695,0.01631245455516267,4.262736369622303,7.551292669256753,7.148913083731614,nan,8.671386413582981,1.8566310041411498,nan,0.2888774660159188,nan,-0.14123828002783853,0.11172723412520724,-1.0135,nan,nan,nan,0.0,0.0,-33.722701499770245,150.67403756189316,1.0625,18118,6472,1340,1340,0,0,0
44.16591103800056,running,1.0,6.932572641857431,1.53800070581301,0.10961894033409228,nan,nan,nan,nan,nan,8.659202493697823,0.49385500571635665,-0.006502270048579492,4.263022416311628,7.553298648375971,7.101127347521056,nan,8.673273925890598,2.0177935692970936,nan,0.3101219737013293,nan,-0.12626701150881758,0.1557646591328536,1.07675,nan,nan,nan,0.0,0.0,-33.722701487411875,150.67403754747022,1.0865,18132,6525,1340,1340,0,0,0
44.3665483270006,running,1.0,6.878928191738664,1.5269098251179996,0.10744844537009213,nan,nan,nan,nan,nan,8.660689445926845,0.4948363343532587,-0.028784200584538858,4.26300006045517,7.555080089657821,7.04635414105329,nan,8.674814388595575,2.0590893271700375,nan,0.3087880732990104,nan,-0.18975776191265306,0.009506287335504165,1.07375,nan,nan,nan,0.0,0.0,-33.722701478021385,150.67403754362903,-1.0825,18155,6524,1340,1340,0,0,0
44.56776492800054,running,1.0,6.852087871046509,1.528023995444503,0.10475910502496957,nan,nan,nan,nan,nan,8.662009235253171,0.49605738115959674,-0.052028425584521906,4.262685670212818,7.556850388487021,7.020396393594656,nan,8.676201756357107,2.0834515683380688,nan,0.31734876686142016,nan,-0.1440904992524243,-0.030560557530039976,-1.08,nan,nan,nan,0.0,0.0,-33.722701464632905,150.67403754809325,1.09325,18173,6540,1684,1684,0,0,0
44.76846324100006,running,1.0,6.863636140472638,1.498574503617558,0.10686874976536442,nan,nan,nan,nan,nan,8.663166612775175,0.4975487178194782,-0.0754464449805106,4.262056087428846,7.558630060726415,7.025327509212274,nan,8.677442623682758,2.0592140599214197,nan,0.2914271500540922,nan,-0.05440602907271362,-0.11870351687636485,-1.08775,nan,nan,nan,0.0,0.0,-33.722701453824136,150.67403755920986,1.10825,18173,6531,1684,1684,0,0,0
44.96895280800072,running,1.0,6.863636140472638,1.498574503617558,0.10686874976536442,nan,nan,nan,nan,nan,8.664055813899166,0.49911884457844025,-0.09527340041389108,4.261215308736382,7.560226640780286,7.025327509212274,nan,8.678420522616616,2.0592286455968423,nan,0.2914271500540922,nan,-0.05440602907271362,-0.11870351687636485,-1.08775,nan,nan,nan,0.0,0.0,-33.72270143852186,150.6740375830839,1.099,18173,6531,1684,1684,0,0,0
45.16927628800022,running,1.0,6.863636140472638,1.498574503617558,0.10686874976536442,nan,nan,nan,nan,nan,8.664765686813208,0.5007739037439949,-0.11147406869638411,4.260206170442757,7.56171821052385,7.025327509212274,nan,8.679224556954761,2.059046789125743,nan,0.2914271500540922,nan,-0.05440602907271362,-0.11870351687636485,-1.08775,nan,nan,nan,0.0,0.0,-33.72270142648811,150.67403760723084,-1.1127500000000001,18162,6531,1684,1684,0,0,0
45.36955443700026,running,1.0,6.933324417722937,1.4424044498089386,0.10201129909537299,nan,nan,nan,nan,nan,8.665278318716581,0.5022679142666253,-0.12210595021110425,4.259225980136421,7.562956792726794,7.081773653416334,nan,8.679822659393531,1.970665121381257,nan,0.2983431754453655,nan,0.13953081738007897,-0.16980151587620407,-1.12325,nan,nan,nan,0.0,0.0,-33.72270140932021,150.67403764695285,-1.12675,18128,6486,1684,1684,0,0,0
45.57810756000072,running,1.0,6.965999933347311,1.4010876046095595,0.11004888573312341,nan,nan,nan,nan,nan,8.665796816653906,0.5040670190249301,-0.12958332009496554,4.257992231314802,7.564365154146145,7.105505017040329,nan,8.680444575434926,1.921966538590463,nan,0.2964541999667479,nan,0.16567091127959171,-0.22587593980773765,-1.13675,nan,nan,nan,0.0,0.0,-33.722701391392086,150.67403769265914,1.116,18172,6468,1497,1497,0,0,0
45.77938489900043,running,1.0,7.018147424189609,1.382518079084343,0.10747277389036289,nan,nan,nan,nan,nan,8.666177328016847,0.505539699484395,-0.1307608001645697,4.2569586046050745,7.565481036065506,7.153023801627834,nan,8.680910082957201,1.8668405508223154,nan,0.29808470199960657,nan,0.23352204510833593,-0.16535938478093368,-1.154,nan,nan,nan,0.0,0.0,-33.72270137753214,150.67403772965758,1.1480000000000001,18134,6534,1467,1467,0,0,0
45.980319054000574,running,1.0,7.036392934895046,1.3539614109007885,0.1264842785083338,nan,nan,nan,nan,nan,8.66650165763959,0.5068149623466898,-0.12743297741138748,4.25606074395148,7.566442977497644,7.165475353139481,nan,8.68130821869194,1.8370932347776114,nan,0.31300785738425346,nan,0.2042933181319864,-0.21339420531638906,1.147,nan,nan,nan,0.0,0.0,-33.72270136406842,150.6740377659699,1.123,18134,6545,1396,1396,0,0,0
46.180490086000646,running,1.0,7.036392934895046,1.3539614109007885,0.1264842785083338,nan,nan,nan,nan,nan,8.666859461124062,0.5081549291082341,-0.1184449385012029,4.255126522848741,7.567468045879139,7.165475353139481,nan,8.68174373906836,1.83679331929197,nan,0.31300785738425346,nan,0.2042933181319864,-0.21339420531638906,1.147,nan,nan,nan,0.0,0.0,-33.72270134640569,150.6740378131638,1.1395,18134,6545,1396,1396,0,0,0
46.38062702700063,running,1.0,7.036392934895046,1.3539614109007885,0.1264842785083338,nan,nan,nan,nan,nan,8.667254736432428,0.5094515421094674,-0.10251285919858609,4.254249028790241,7.5685012215765255,7.165475353139481,nan,8.682214322393111,1.8365476128322098,nan,0.31300785738425346,nan,0.2042933181319864,-0.21339420531638906,1.147,nan,nan,nan,0.0,0.0,-33.72270132984839,150.67403785469497,1.1635,18134,6545,1337,1337,0,0,0
46.58134778300064,running,1.0,7.148139872548041,1.2188692074180059,0.21719441064759665,nan,nan,nan,nan,nan,8.667649314686898,0.5105153152617916,-0.08175377045843939,4.253567086088879,7.569408006816019,7.251313383263954,nan,8.682670702583918,1.6765065407811555,nan,0.27852355205205676,nan,0.15706286751578266,-0.2277094713508556,1.1685,nan,nan,nan,0.0,0.0,-33.722701315091676,150.67403788765023,-1.15575,17444,6545,1287,1287,0,0,0
46.783879059000355,running,1.0,7.162598649006539,1.2070124787739247,0.12356275188655791,nan,nan,nan,nan,nan,8.668011253462597,0.5112993612773145,-0.059807961230545006,4.253102890471155,7.57013618966414,7.263587166866401,nan,8.683078148156724,1.6583979774203845,nan,0.314257834507013,nan,0.14812824339635758,-0.201019409368954,1.17875,nan,nan,nan,0.0,0.0,-33.72270130534045,150.67403790497488,-1.1805,17444,6212,1287,1287,0,0,0
46.98401577200002,running,1.0,7.162598649006539,1.2070124787739247,0.12356275188655791,nan,nan,nan,nan,nan,8.668430125660835,0.5120033252093927,-0.032498522547517186,4.252736842862532,7.570869011801051,7.263587166866401,nan,8.683537772618358,1.658483089941331,nan,0.314257834507013,nan,0.14812824339635758,-0.201019409368954,1.17875,nan,nan,nan,0.0,0.0,-33.72270129488801,150.6740379164117,1.176,17444,6212,1287,1287,0,0,0
47.184967691000566,running,1.0,7.169321768169249,1.1512746959736486,0.06627005713307763,nan,nan,nan,nan,nan,8.66884119000736,0.5124957805539623,-0.005471603780237769,4.252544554993051,7.571480985279749,7.261171258215486,nan,8.683977170781475,1.629907052335946,nan,0.31654122824685926,nan,-0.006844386950899164,-0.10765800580180393,-1.19125,nan,nan,nan,0.0,0.0,-33.72270128726024,150.67403791343565,-1.19175,17286,6212,1197,1197,0,0,0
47.3887966150005,running,1.0,7.1606456923716335,1.1523307272245735,0.035229393887526966,nan,nan,nan,nan,nan,8.669243972130252,0.5128111506629911,0.019666939416570592,4.252496804306588,7.571990309946472,7.252772768850982,nan,8.684397867702804,1.63855242775328,nan,0.2827786026785502,nan,-0.039750020629377845,-0.04702070000452348,-1.204,nan,nan,nan,0.0,0.0,-33.72270128262346,150.6740378962824,1.1925000000000001,17281,6170,1197,1197,0,0,0
47.59071741900061,running,1.0,7.160829233215202,1.140233996760062,0.025577224115376357,nan,nan,nan,nan,nan,8.66959154016671,0.51297489972792,0.039353027046585054,4.252546806031205,7.572371252361762,7.251041916485992,nan,8.684754499758819,1.6339576719386626,nan,0.3081950702409031,nan,-0.051761072908493744,-0.048920829921150134,1.21075,nan,nan,nan,0.0,0.0,-33.722701280985255,150.6740378747404,-1.2235,17281,6175,1236,1236,0,0,0
47.79090605000056,running,1.0,7.160829233215202,1.140233996760062,0.025577224115376357,nan,nan,nan,nan,nan,8.670049256830776,0.5130526162030793,0.061099741378409525,4.252728715241346,7.572798398044569,7.251041916485992,nan,8.685216007841412,1.6343505021260143,nan,0.3081950702409031,nan,-0.051761072908493744,-0.048920829921150134,1.21075,nan,nan,nan,0.0,0.0,-33.72270128098489,150.674037835237,1.2095,17281,6175,1236,1236,0,0,0
47.99109809100082,running,1.0,7.160829233215202,1.140233996760062,0.025577224115376357,nan,nan,nan,nan,nan,8.67049073399075,0.5130127045077244,0.07680590375132745,4.253000830902465,7.573148323884112,7.251041916485992,nan,8.685654356650728,1.634773500023343,nan,0.3081950702409031,nan,-0.051761072908493744,-0.048920829921150134,1.21075,nan,nan,nan,0.0,0.0,-33.722701283081534,150.67403778603196,-1.223,17281,6175,1236,1236,0,0,0
48.191317049000645,running,1.0,7.160829233215202,1.140233996760062,0.025577224115376357,nan,nan,nan,nan,nan,8.670982822498466,0.5128815387146322,0.08772955199238153,4.253377079666961,7.573491532904853,7.251041916485992,nan,8.686137840307264,1.635278254561213,nan,0.3081950702409031,nan,-0.051761072908493744,-0.048920829921150134,1.21075,nan,nan,nan,0.0,0.0,-33.72270128667745,150.6740377301865,1.224,17281,6175,1352,1352,0,0,0
48.39187269100057,running,1.0,7.078628423147442,1.12517607924693,-0.0861837541210053,nan,nan,nan,nan,nan,8.671424410484203,0.5127225896734218,0.09115546045906436,4.253749421680141,7.57377723584861,7.16749618502168,nan,8.68656927450088,1.7064871327281832,nan,0.30684725788644424,nan,-0.1510268696352244,0.006722743920007353,-1.2510000000000001,nan,nan,nan,0.0,0.0,-33.72270129108293,150.674037671081,-1.2315,17803,6175,1416,1416,0,0,0
48.592618543000754,running,1.0,7.021332182881345,1.3541640331521538,0.035837104103596695,nan,nan,nan,nan,nan,8.671779901633268,0.5126001736318302,0.08872797300772292,4.25404450391477,7.5740102296663565,7.15072484794711,nan,8.686916921461727,1.8526217644150065,nan,0.31588130528642633,nan,-0.208408007131736,0.26575982587552266,1.21875,nan,nan,nan,0.0,0.0,-33.7227012945372,150.6740376261349,-1.25625,17966,6415,1399,1399,0,0,0
48.792845382999985,running,1.0,6.991732476035582,1.3775566870651017,0.08183094199275756,nan,nan,nan,nan,nan,8.672072922076543,0.5125309263209981,0.08180550626409856,4.25426109313878,7.574219383385611,7.126148008744165,nan,8.687205345578557,1.889924226351959,nan,0.29014401743185275,nan,-0.19742192599446862,0.17932960238896503,-1.2445,nan,nan,nan,0.0,0.0,-33.72270129768033,150.67403758394752,-1.25725,17966,6492,1399,1399,0,0,0
48.99622500800069,running,1.0,6.955462849563839,1.4179121004921216,0.061416479309475115,nan,nan,nan,nan,nan,8.672327657416853,0.5125569136720198,0.06867129684502594,4.254376859628678,7.574447776808967,7.098516618025536,nan,8.687461170408202,1.9409515147850107,nan,0.30752097844546217,nan,-0.1764274152041454,0.1628309433876103,-1.26275,nan,nan,nan,0.0,0.0,-33.72270130106524,150.6740375314066,-1.26425,18027,6492,1363,1363,0,0,0
49.19702860899997,running,1.0,6.940658499478383,1.4576968138032886,0.08747202206585789,nan,nan,nan,nan,nan,8.672455526312497,0.5127317077991735,0.052435914567174516,4.254298863301528,7.574649816444463,7.092081528532634,nan,8.687599130948136,1.9728355212021211,nan,0.2924035820689526,nan,-0.17178809231596553,0.20116847030674795,-1.27725,nan,nan,nan,0.0,0.0,-33.7227013027413,150.67403749670677,1.2690000000000001,18027,6506,1358,1358,0,0,0
49.39721124700009,running,1.0,6.940658499478383,1.4576968138032886,0.08747202206585789,nan,nan,nan,nan,nan,8.672457960201472,0.5131295604239878,0.03041516278334406,4.2539653968973425,7.574866825181999,7.092081528532634,nan,8.687625050452096,1.972647122096929,nan,0.2924035820689526,nan,-0.17178809231596553,0.20116847030674795,-1.27725,nan,nan,nan,0.0,0.0,-33.72270130330891,150.6740374593232,-1.2670000000000001,18120,6506,1544,1544,0,0,0
49.59743795200029,running,1.0,6.9029605888497265,1.5727710152685683,0.09738707172009395,nan,nan,nan,nan,nan,8.672302156293203,0.5137479708911856,0.006650450673844427,4.253360841221593,7.57506984931527,7.079863950506499,nan,8.68750606720033,2.06206192700551,nan,0.2927256708407303,nan,-0.0901040209761748,0.21656492415982864,-1.27525,nan,nan,nan,0.0,0.0,-33.72270130243054,150.67403743887593,-1.29175,18120,6513,1544,1544,0,0,0
49.79758830400078,running,1.0,6.9029605888497265,1.5727710152685683,0.09738707172009395,nan,nan,nan,nan,nan,8.671971114844434,0.5146487464687604,-0.019593509432432474,4.252424002251132,7.575277978662996,7.079863950506499,nan,8.687228922328345,2.061315351131438,nan,0.2927256708407303,nan,-0.0901040209761748,0.21656492415982864,-1.27525,nan,nan,nan,0.0,0.0,-33.72270129931468,150.67403742168509,1.27475,18120,6513,1544,1544,0,0,0
49.998315506000836,running,1.0,6.9029605888497265,1.5727710152685683,0.09738707172009395,nan,nan,nan,nan,nan,8.671500578149207,0.5157529118712616,-0.04471087298705485,4.251240647041072,7.575478618799707,7.079863950506499,nan,8.686824698527403,2.0603448654681684,nan,0.2927256708407303,nan,-0.0901040209761748,0.21656492415982864,-1.27525,nan,nan,nan,0.0,0.0,-33.72270129400249,150.67403741698064,-1.2985,18120,6513,1677,1677,0,0,0
50.199356040000566,running,1.0,6.875290403034159,1.5885875176247475,0.09421026583191308,nan,nan,nan,nan,nan,8.670860051625759,0.5171548370170771,-0.06998542335348655,4.249714889750408,7.575697097704165,7.05643170640847,nan,8.68626865577675,2.090941977200109,nan,0.3097801461493583,nan,-0.021044129844923848,-0.03555530553392275,1.2790000000000001,nan,nan,nan,0.0,0.0,-33.72270128666261,150.67403742453834,-1.3185,18175,6513,1687,1687,0,0,0
50.39958852000018,running,1.0,6.888194996528581,1.5361907642028465,0.09090102427347038,nan,nan,nan,nan,nan,8.670196320984157,0.5185651546036723,-0.09009066782921825,4.248169533225791,7.575900585471572,7.057415417433177,nan,8.685690189269724,2.0520941990253565,nan,0.286873180896851,nan,0.02710004061622855,-0.19093591007666158,-1.306,nan,nan,nan,0.0,0.0,-33.7227012799331,150.67403743795305,-1.314,18147,6540,1687,1687,0,0,0
50.60020976300075,running,1.0,6.916951552095968,1.521901015268387,0.10655146783380909,nan,nan,nan,nan,nan,8.669431071340671,0.5201823366233751,-0.10782413488960728,4.246395255332118,7.5761304172746975,7.0824008270019405,nan,8.68502301459599,2.018569983061884,nan,0.28550643272387616,nan,0.10587945487556664,-0.22061215917464796,-1.30775,nan,nan,nan,0.0,0.0,-33.722701269947216,150.6740374644609,-1.3185,18115,6511,1579,1579,0,0,0
50.8006818190006,running,1.0,6.952033862550992,1.4902053862072195,0.10365811537758848,nan,nan,nan,nan,nan,8.66876909901726,0.5215944564530153,-0.11910922788051405,4.244849332295644,7.576336358371918,7.109956885884518,nan,8.684446929372015,1.9711385048657024,nan,0.3146976633871568,nan,0.12549603148523586,-0.1908785045528028,1.3155000000000001,nan,nan,nan,0.0,0.0,-33.72270126203266,150.6740374893554,1.32125,18115,6511,1579,1579,0,0,0
51.00155520500084,running,1.0,6.980665887857141,1.4539341720051164,0.10663668159680725,nan,nan,nan,nan,nan,8.667977434447202,0.5233196311735195,-0.12761576520510437,4.242969909631938,7.5766023114860275,7.130471289782782,nan,8.683760489583847,1.9269311557145339,nan,0.29619792873943196,nan,0.13584552884552956,-0.19719318743409142,1.3225,nan,nan,nan,0.0,0.0,-33.72270125122571,150.6740375282353,1.342,18152,6522,1475,1475,0,0,0
51.20248233000075,running,1.0,7.0145662045050905,1.4311626153244665,0.10810722164233585,nan,nan,nan,nan,nan,8.667275776949019,0.5249016909575377,-0.12980841148878391,4.241259545063258,7.57686667760936,7.159075741245326,nan,8.68315560029056,1.8848760685737918,nan,0.31741890451773364,nan,0.18856587188186147,-0.21427910530046634,1.32725,nan,nan,nan,0.0,0.0,-33.722701240881094,150.67403756995068,1.35,18152,6561,1475,1475,0,0,0
51.40376755000034,running,1.0,7.079714732573112,1.3281945159661304,0.11433405406731717,nan,nan,nan,nan,nan,8.666664181286919,0.5263431182648008,-0.12623757449137857,4.239716179260995,7.577130844103124,7.203225761202773,nan,8.682632383634953,1.778025370113889,nan,0.2873154893670264,nan,0.20500449437177254,-0.3180408430844539,-1.35025,nan,nan,nan,0.0,0.0,-33.722701233851424,150.67403760173167,-1.346,18003,6561,1414,1414,0,0,0
51.60394995000024,running,1.0,7.089653890056528,1.3234022101242642,0.10615176080733449,nan,nan,nan,nan,nan,8.66615056796696,0.5276141788439888,-0.11750992017809063,4.238369112202577,7.577385410358801,7.212113815696162,nan,8.682196864180822,1.7659615981644579,nan,0.28388432624541154,nan,0.23022380531178505,-0.31794431763681125,-1.35025,nan,nan,nan,0.0,0.0,-33.722701227957096,150.67403763087998,1.33725,17744,6522,1351,1351,0,0,0
51.8055357230005,running,1.0,7.14002973375507,1.3060451456521986,0.07853790498329505,nan,nan,nan,nan,nan,8.665704776899233,0.5287783082463395,-0.10338656655312485,4.237148669146109,7.577639271910442,7.2584969877646275,nan,8.681822722196419,1.7122581796574512,nan,0.2919271517426162,nan,0.1738029478903996,-0.15198784400753537,1.35,nan,nan,nan,0.0,0.0,-33.722701221988075,150.6740376652704,1.3647500000000001,17578,6387,1337,1337,0,0,0
52.01241341600053,running,1.0,7.152143023473047,1.2833599135123064,0.08665790577833082,nan,nan,nan,nan,nan,8.665346999947717,0.5297651587636221,-0.08497494267569765,4.236124955357582,7.577871410596742,7.266372031201299,nan,8.681525773327103,1.6904707417768232,nan,0.2853716643701711,nan,0.14307828069798742,-0.1637726634539978,-1.3467500000000001,nan,nan,nan,0.0,0.0,-33.722701218723124,150.67403769107128,-1.349,17578,6291,1337,1337,0,0,0
52.21264740400056,running,1.0,7.152143023473047,1.2833599135123064,0.08665790577833082,nan,nan,nan,nan,nan,8.665062241116875,0.530589073977882,-0.06283750696414402,4.23527779875792,7.5780769575930265,7.266372031201299,nan,8.681291862842425,1.6898486606703493,nan,0.2853716643701711,nan,0.14307828069798742,-0.1637726634539978,-1.3467500000000001,nan,nan,nan,0.0,0.0,-33.72270121844057,150.67403770583363,1.38875,17578,6291,1337,1337,0,0,0
52.41282824800055,running,1.0,7.152143023473047,1.2833599135123064,0.08665790577833082,nan,nan,nan,nan,nan,8.664853151975993,0.5312141551972376,-0.03969287358888955,4.2346388397037344,7.578238747971909,7.266372031201299,nan,8.681121392077767,1.6893830751569492,nan,0.2853716643701711,nan,0.14307828069798742,-0.1637726634539978,-1.3467500000000001,nan,nan,nan,0.0,0.0,-33.72270122025516,150.67403770863757,-1.381,17306,6291,1216,1216,0,0,0
52.613778748000186,running,1.0,7.145099110550395,1.206129154777672,0.05260812036637635,nan,nan,nan,nan,nan,8.664711526553283,0.5316390710186298,-0.018534980742840046,4.234204764826586,7.578349157286084,7.246184433037344,nan,8.681006044245038,1.6625759435163905,nan,0.30687739214792475,nan,-0.05634130263339146,-0.10167666771599934,1.3835,nan,nan,nan,0.0,0.0,-33.72270122361978,150.6740377039471,-1.4025,17281,6184,1213,1213,0,0,0
52.81732992900015,running,1.0,7.16762518165483,1.1531419566914716,0.03201576761420147,nan,nan,nan,nan,nan,8.664608666852976,0.531937669120873,0.0012340655916370513,4.233897927854173,7.578423937075939,7.259792498203697,nan,8.68092166958863,1.6207573297233866,nan,0.279849539043397,nan,0.04873230408676038,-0.20588274691857072,-1.3800000000000001,nan,nan,nan,0.0,0.0,-33.72270123045954,150.67403768624246,-1.39475,17304,6200,1218,1218,0,0,0
53.01906126200083,running,1.0,7.16996305136681,1.1745234634933457,0.02825124681609984,nan,nan,nan,nan,nan,8.664517971752637,0.5321736369457621,0.02366199013282773,4.233650365004337,7.5784751137404385,7.2655265139053515,nan,8.680845607582508,1.6267475863560392,nan,0.3024068227499327,nan,0.029008641791057638,-0.06111228068676191,1.383,nan,nan,nan,0.0,0.0,-33.722701237060434,150.67403766428262,-1.4020000000000001,17335,6202,1218,1218,0,0,0
53.22156138400078,running,1.0,7.158311497324511,1.1898487370229862,0.039732450307413535,nan,nan,nan,nan,nan,8.664460082501593,0.5322808854487397,0.042135912709053376,4.233528840805093,7.5784843482288125,7.2565255811389155,nan,8.680794402719005,1.6434351341184408,nan,0.317705070201287,nan,-0.029729390621453352,0.0010801195856826177,1.39975,nan,nan,nan,0.0,0.0,-33.72270124714286,150.67403762592897,-1.41625,17335,6216,1218,1218,0,0,0
53.422358281000015,running,1.0,7.121756452536497,1.2076183178536797,0.022587117135858432,nan,nan,nan,nan,nan,8.664418669891527,0.5322990169791808,0.05732814700719875,4.233491208319606,7.578459297226743,7.223417264069754,nan,8.680754179830336,1.6840020412660905,nan,0.30706501977903444,nan,-0.11861404267450427,0.05352210183934111,1.39725,nan,nan,nan,0.0,0.0,-33.72270125514592,150.67403759162676,1.434,17535,6216,1340,1340,0,0,0
53.62581647800016,running,1.0,7.085794701841275,1.2489815631057926,0.061598581022743966,nan,nan,nan,nan,nan,8.664385119230683,0.5322451293465846,0.06834560579755598,4.233518425699458,7.578401949706972,7.195028943765276,nan,8.680717388099861,1.733683598974027,nan,0.28091683266475687,nan,-0.15571712699491974,0.10843353670020846,-1.42225,nan,nan,nan,0.0,0.0,-33.72270126608749,150.67403753972607,1.418,17610,6239,1378,1378,0,0,0
53.82663837700056,running,1.0,7.065539913645898,1.2765999045723293,0.05850837906193967,nan,nan,nan,nan,nan,8.664344298760193,0.5321402062565102,0.07524113385379896,4.2335846600410605,7.578310910277963,7.179941614503377,nan,8.680670211831169,1.7636313969413169,nan,0.27828477195638424,nan,-0.17312205851430262,0.16501114525738103,-1.4132500000000001,nan,nan,nan,0.0,0.0,-33.722701274025205,150.67403749771285,1.4285,17828,6316,1378,1378,0,0,0
54.02685550800015,running,1.0,7.02724087407076,1.321447057236012,0.051401811729072606,nan,nan,nan,nan,nan,8.664274487302258,0.5320133491013923,0.07743019457631893,4.233653687364608,7.578183624748277,7.150408144105376,nan,8.680592755966547,1.8174390307212371,nan,0.31864992815948046,nan,-0.18190048611331672,0.18247276608729185,1.432,nan,nan,nan,0.0,0.0,-33.72270128334294,150.67403744165773,1.4395,17828,6420,1378,1378,0,0,0
54.227626332,running,1.0,6.988488354772726,1.3769930621787843,0.04321184231135298,nan,nan,nan,nan,nan,8.66414511071006,0.5318974302234327,0.07407728874110261,4.233681327265913,7.578012126862774,7.1228561250443985,nan,8.680456518854255,1.8767024779832424,nan,0.3096007343896649,nan,-0.17658537235545652,0.21718299353913748,1.42475,nan,nan,nan,0.0,0.0,-33.72270128906125,150.67403740134725,1.442,18076,6420,1434,1434,0,0,0
54.427800443000706,running,1.0,6.973219190728475,1.4114529574206258,0.09820403252726931,nan,nan,nan,nan,nan,8.6639623169849,0.5318532170745716,0.06656340473372853,4.233619767476625,7.577834422780569,7.11463177774896,nan,8.68027135950524,1.9058614908225089,nan,0.31686567185730974,nan,-0.1494563633237646,0.1884307088284659,-1.44375,nan,nan,nan,0.0,0.0,-33.722701294702134,150.67403735055314,-1.45425,18133,6510,1409,1409,0,0,0
54.627956389000246,running,1.0,6.954612474849413,1.4285898032467612,0.10343445230670986,nan,nan,nan,nan,nan,8.663695161898422,0.5318985480662368,0.05520616071655045,4.233437278253177,7.5776341119661765,7.099824188053652,nan,8.680007484083012,1.9300307868756617,nan,0.28467153443050625,nan,-0.1478038279623706,0.1681667104727582,-1.46125,nan,nan,nan,0.0,0.0,-33.72270129722089,150.67403731644944,1.46775,18133,6556,1383,1383,0,0,0
54.82844996300082,running,1.0,6.9166431998913085,1.4845016342050683,0.08525343381903694,nan,nan,nan,nan,nan,8.663226390611097,0.5321245871734996,0.03671616745932821,4.232993794695517,7.577361783980251,7.074157070390804,nan,8.679553448839124,1.9893654470251283,nan,0.32004065835653517,nan,-0.11475574831523398,0.15022706037487768,-1.46,nan,nan,nan,0.0,0.0,-33.722701297911556,150.6740372787961,1.449,18020,6556,1383,1383,0,0,0
55.028833539000516,running,1.0,6.8842593045530505,1.4822590837153393,0.06902789673617585,nan,nan,nan,nan,nan,8.662727443208464,0.5324730034300904,0.01910590763448436,4.232431030092812,7.5771301843248295,7.042025146474691,nan,8.679076808894994,2.016195059639833,nan,0.2802579661420589,nan,-0.13636845281946527,0.05840685577751716,-1.4795,nan,nan,nan,0.0,0.0,-33.72270129566176,150.6740372511307,1.46,18137,6491,1612,1612,0,0,0
