t,pose_x,pose_y,pose_yaw,goal_x,goal_y,goal_active,des_vx,des_wz,act_vx,act_wz,crosstrack_err,along_err,heading_err,mode,obstacle_pts
0.200,0.000,0.000,0.0000,0.000,0.000,0,0.000,0.000,0.000,0.000,0.000,0.000,0.0000,PLAN,0
0.401,0.000,0.000,0.0000,0.000,0.000,0,0.000,0.000,0.000,0.000,0.000,0.000,0.0000,PLAN,0
0.600,0.000,0.000,0.0000,0.000,0.000,0,0.000,0.000,0.000,0.000,0.000,0.000,0.0000,PLAN,0
0.800,0.000,0.000,0.0000,0.000,0.000,0,0.000,0.000,0.000,0.000,0.000,0.000,0.0000,PLAN,0
1.000,0.000,0.000,0.0000,0.000,0.000,0,0.000,0.000,0.000,0.000,0.000,0.000,0.0000,PLAN,0
1.200,0.000,0.000,0.0000,0.000,0.000,0,0.000,0.000,0.000,0.000,0.000,0.000,0.0000,PLAN,0
1.401,0.000,0.000,0.0000,0.000,0.000,0,0.000,0.000,0.000,0.000,0.000,0.000,0.0000,PLAN,0
1.600,0.000,0.000,0.0000,0.000,0.000,0,0.000,0.000,0.000,0.000,0.000,0.000,0.0000,PLAN,0
1.800,0.000,0.000,0.0000,0.000,0.000,0,0.000,0.000,0.000,0.000,0.000,0.000,0.0000,PLAN,0
2.000,0.000,0.000,0.0000,0.000,0.000,0,0.000,0.000,0.000,0.000,0.000,0.000,0.0000,PLAN,0
2.200,0.000,0.000,0.0000,0.000,0.000,0,0.000,0.000,0.000,0.000,0.000,0.000,0.0000,PLAN,0
2.400,0.000,0.000,0.0000,0.000,0.000,0,0.000,0.000,0.000,0.000,0.000,0.000,0.0000,PLAN,0
2.601,0.000,0.000,0.0000,0.000,0.000,0,0.000,0.000,0.000,0.000,0.000,0.000,0.0000,PLAN,0
2.801,0.000,0.000,0.0000,0.000,0.000,0,0.000,0.000,0.000,0.000,0.000,0.000,0.0000,PLAN,0
3.001,0.000,0.000,0.0000,0.000,0.000,0,0.000,0.000,0.000,0.000,0.000,0.000,0.0000,PLAN,0
3.200,-0.299,0.397,0.0018,0.000,0.000,0,0.000,0.000,0.010,0.060,0.000,0.000,0.0000,PLAN,207
3.400,-0.283,0.401,0.0009,0.000,0.000,0,0.000,0.000,0.136,-0.016,0.000,0.000,0.0000,PLAN,181
3.600,-0.283,0.401,0.0009,0.000,0.000,0,0.000,0.000,0.136,-0.016,0.000,0.000,0.0000,PLAN,181
3.800,-0.283,0.401,0.0009,0.000,0.000,0,0.000,0.000,0.136,-0.016,0.000,0.000,0.0000,PLAN,181
4.000,-0.283,0.401,0.0009,0.000,0.000,0,0.000,0.000,0.136,-0.016,0.000,0.000,0.0000,PLAN,181
4.200,-0.283,0.401,0.0009,0.000,0.000,0,0.000,0.000,0.136,-0.016,0.000,0.000,0.0000,PLAN,181
4.400,-0.339,0.487,-0.0031,0.000,0.000,0,0.000,0.000,0.501,-0.015,0.000,0.000,0.0000,PLAN,169
4.600,-0.438,0.535,-0.0011,0.000,0.000,0,0.000,0.000,-0.399,0.108,0.000,0.000,0.0000,PLAN,169
4.800,-0.429,0.546,0.0006,0.000,0.000,0,0.000,0.000,-0.030,-0.001,0.000,0.000,0.0000,PLAN,206
5.001,-0.445,0.582,0.0000,0.000,0.000,0,0.000,0.000,0.097,-0.010,0.000,0.000,0.0000,PLAN,196
5.201,-0.471,0.596,0.0009,0.000,0.000,0,0.000,0.000,0.004,0.026,0.000,0.000,0.0000,PLAN,196
5.400,-0.471,0.601,-0.0004,0.000,0.000,0,0.000,0.000,0.083,0.001,0.000,0.000,0.0000,PLAN,184
5.600,-0.482,0.600,-0.0006,0.000,0.000,0,0.000,0.000,0.031,0.005,0.000,0.000,0.0000,PLAN,195
5.800,-0.482,0.600,-0.0006,0.000,0.000,0,0.000,0.000,0.031,0.005,0.000,0.000,0.0000,PLAN,195
6.000,-0.482,0.600,-0.0006,0.000,0.000,0,0.000,0.000,0.031,0.005,0.000,0.000,0.0000,PLAN,195
6.200,-0.482,0.600,-0.0006,0.000,0.000,0,0.000,0.000,0.031,0.005,0.000,0.000,0.0000,PLAN,195
6.400,-0.474,0.574,0.0003,0.000,0.000,0,0.000,0.000,0.181,-0.000,0.000,0.000,0.0000,PLAN,195
6.600,-0.459,0.552,-0.0034,0.000,0.000,0,0.000,0.000,0.118,-0.037,0.000,0.000,0.0000,PLAN,195
6.800,-0.428,0.545,-0.0028,0.000,0.000,0,0.000,0.000,0.210,-0.183,0.000,0.000,0.0000,PLAN,191
7.000,-0.415,0.530,0.0000,0.000,0.000,0,0.000,0.000,0.208,-0.016,0.000,0.000,0.0000,PLAN,195
7.200,-0.397,0.506,0.0002,0.000,0.000,0,0.000,0.000,0.126,0.073,0.000,0.000,0.0000,PLAN,196
7.400,-0.365,0.489,-0.0038,0.000,0.000,0,0.000,0.000,0.142,-0.017,0.000,0.000,0.0000,PLAN,194
7.600,-0.356,0.438,-0.0021,0.000,0.000,0,0.000,0.000,0.094,-0.015,0.000,0.000,0.0000,PLAN,207
7.800,-0.314,0.425,-0.0017,0.000,0.000,0,0.000,0.000,0.303,0.106,0.000,0.000,0.0000,PLAN,216
8.000,-0.332,0.418,0.0011,0.000,0.000,0,0.000,0.000,0.006,-0.011,0.000,0.000,0.0000,PLAN,233
8.200,-0.332,0.418,0.0011,0.000,0.000,0,0.000,0.000,0.006,-0.011,0.000,0.000,0.0000,PLAN,233
8.400,-0.321,0.383,0.0011,0.000,0.000,0,0.000,0.000,0.057,0.011,0.000,0.000,0.0000,PLAN,241
8.600,-0.325,0.389,-0.0015,0.000,0.000,0,0.000,0.000,-0.010,0.040,0.000,0.000,0.0000,PLAN,241
8.801,-0.313,0.376,0.0029,0.000,0.000,0,0.000,0.000,0.037,-0.021,0.000,0.000,0.0000,PLAN,251
9.000,-0.313,0.376,0.0029,0.000,0.000,0,0.000,0.000,0.037,-0.021,0.000,0.000,0.0000,PLAN,251
9.200,-0.333,0.411,-0.0003,0.000,0.000,0,0.000,0.000,0.148,-0.033,0.000,0.000,0.0000,PLAN,251
9.400,-0.360,0.423,-0.0004,0.000,0.000,0,0.000,0.000,-0.099,0.051,0.000,0.000,0.0000,PLAN,224
9.600,-0.353,0.434,0.0010,0.000,0.000,0,0.000,0.000,0.071,0.042,0.000,0.000,0.0000,PLAN,215
9.800,-0.353,0.434,0.0010,0.000,0.000,0,0.000,0.000,0.071,0.042,0.000,0.000,0.0000,PLAN,215
10.000,-0.424,0.489,0.0003,0.000,0.000,0,0.000,0.000,-0.065,-0.004,0.000,0.000,0.0000,PLAN,215
10.200,-0.394,0.498,0.0008,0.000,0.000,0,0.000,0.000,0.185,0.001,0.000,0.000,0.0000,PLAN,224
10.400,-0.394,0.498,0.0008,0.000,0.000,0,0.000,0.000,0.185,0.001,0.000,0.000,0.0000,PLAN,224
10.600,-0.462,0.575,-0.0034,0.000,0.000,0,0.000,0.000,-0.204,-0.005,0.000,0.000,0.0000,PLAN,224
10.801,-0.454,0.566,0.0007,0.000,0.000,0,0.000,0.000,0.155,0.028,0.000,0.000,0.0000,PLAN,193
11.000,-0.490,0.585,0.0016,0.000,0.000,0,0.000,0.000,-0.058,0.105,0.000,0.000,0.0000,PLAN,193
11.200,-0.469,0.595,0.0001,0.000,0.000,0,0.000,0.000,0.110,-0.019,0.000,0.000,0.0000,PLAN,184
11.400,-0.469,0.595,0.0001,0.000,0.000,0,0.000,0.000,0.110,-0.019,0.000,0.000,0.0000,PLAN,184
11.601,-0.467,0.611,0.0006,0.000,0.000,0,0.000,0.000,0.125,0.007,0.000,0.000,0.0000,PLAN,182
11.801,-0.449,0.614,-0.0009,0.000,0.000,0,0.000,0.000,0.217,-0.006,0.000,0.000,0.0000,PLAN,179
12.001,-0.433,0.609,-0.0009,0.000,0.000,0,0.000,0.000,0.258,-0.023,0.000,0.000,0.0000,PLAN,171
12.200,-0.431,0.575,-0.0007,0.000,0.000,0,0.000,0.000,0.064,-0.012,0.000,0.000,0.0000,PLAN,169
12.400,-0.419,0.593,-0.0031,0.000,0.000,0,0.000,0.000,0.024,-0.016,0.000,0.000,0.0000,PLAN,164
12.600,-0.398,0.542,0.0002,0.000,0.000,0,0.000,0.000,0.057,0.005,0.000,0.000,0.0000,PLAN,165
12.800,-0.390,0.540,-0.0015,0.000,0.000,0,0.000,0.000,0.027,0.072,0.000,0.000,0.0000,PLAN,167
13.000,-0.373,0.513,0.0003,0.000,0.000,0,0.000,0.000,0.098,0.007,0.000,0.000,0.0000,PLAN,182
13.200,-0.320,0.478,-0.0052,0.000,0.000,0,0.000,0.000,0.610,-0.030,0.000,0.000,0.0000,PLAN,182
13.400,-0.335,0.455,-0.0018,0.000,0.000,0,0.000,0.000,0.112,-0.064,0.000,0.000,0.0000,PLAN,208
13.600,-0.335,0.455,-0.0018,0.000,0.000,0,0.000,0.000,0.112,-0.064,0.000,0.000,0.0000,PLAN,208
13.801,-0.350,0.439,0.0012,0.000,0.000,0,0.000,0.000,0.088,0.014,0.000,0.000,0.0000,PLAN,208
14.000,-0.357,0.419,-0.0011,0.000,0.000,0,0.000,0.000,-0.012,0.063,0.000,0.000,0.0000,PLAN,219
14.200,-0.349,0.390,-0.0045,0.000,0.000,0,0.000,0.000,-0.100,-0.013,0.000,0.000,0.0000,PLAN,227
14.400,-0.349,0.398,0.0002,0.000,0.000,0,0.000,0.000,0.081,-0.072,0.000,0.000,0.0000,PLAN,235
14.600,-0.357,0.423,0.0013,0.000,0.000,0,0.000,0.000,0.115,-0.009,0.000,0.000,0.0000,PLAN,235
14.800,-0.395,0.443,-0.0012,0.000,0.000,0,0.000,0.000,-0.176,0.048,0.000,0.000,0.0000,PLAN,236
15.000,-0.369,0.418,0.0004,0.000,0.000,0,0.000,0.000,0.100,-0.019,0.000,0.000,0.0000,PLAN,240
15.201,-0.376,0.426,0.0004,0.000,0.000,0,0.000,0.000,0.089,0.066,0.000,0.000,0.0000,PLAN,240
15.400,-0.441,0.452,-0.0009,0.000,0.000,0,0.000,0.000,-0.243,-0.002,0.000,0.000,0.0000,PLAN,241
15.600,-0.410,0.452,-0.0043,0.000,0.000,0,0.000,0.000,-0.009,-0.238,0.000,0.000,0.0000,PLAN,228
15.800,-0.436,0.478,-0.0057,0.000,0.000,0,0.000,0.000,-0.113,-0.101,0.000,0.000,0.0000,PLAN,233
16.000,-0.388,0.476,-0.0036,0.000,0.000,0,0.000,0.000,0.369,0.024,0.000,0.000,0.0000,PLAN,220
16.200,-0.447,0.502,-0.0002,0.000,0.000,0,0.000,0.000,-0.235,0.103,0.000,0.000,0.0000,PLAN,220
16.401,-0.438,0.531,0.0007,0.000,0.000,0,0.000,0.000,0.062,-0.027,0.000,0.000,0.0000,PLAN,199
16.600,-0.432,0.551,-0.0002,0.000,0.000,0,0.000,0.000,0.217,-0.008,0.000,0.000,0.0000,PLAN,197
16.800,-0.460,0.561,-0.0038,0.000,0.000,0,0.000,0.000,-0.103,-0.037,0.000,0.000,0.0000,PLAN,197
17.000,-0.423,0.558,-0.0007,0.000,0.000,0,0.000,0.000,0.132,-0.023,0.000,0.000,0.0000,PLAN,191
17.200,-0.438,0.575,-0.0007,0.000,0.000,0,0.000,0.000,0.004,-0.169,0.000,0.000,0.0000,PLAN,194
17.400,-0.415,0.587,-0.0013,0.000,0.000,0,0.000,0.000,0.222,0.081,0.000,0.000,0.0000,PLAN,191
17.600,-0.415,0.587,-0.0013,0.000,0.000,0,0.000,0.000,0.222,0.081,0.000,0.000,0.0000,PLAN,191
17.800,-0.419,0.591,-0.0006,0.000,0.000,0,0.000,0.000,0.052,0.038,0.000,0.000,0.0000,PLAN,184
18.000,-0.390,0.590,0.0015,0.000,0.000,0,0.000,0.000,0.231,0.010,0.000,0.000,0.0000,PLAN,177
18.200,-0.393,0.589,0.0006,0.000,0.000,0,0.000,0.000,0.180,-0.019,0.000,0.000,0.0000,PLAN,178
18.400,-0.411,0.541,-0.0020,0.000,0.000,0,0.000,0.000,-0.041,0.064,0.000,0.000,0.0000,PLAN,178
18.600,-0.404,0.557,-0.0015,0.000,0.000,0,0.000,0.000,-0.132,0.002,0.000,0.000,0.0000,PLAN,170
18.800,-0.383,0.555,0.0013,0.000,0.000,0,0.000,0.000,0.072,0.019,0.000,0.000,0.0000,PLAN,170
19.000,-0.390,0.600,-0.0019,0.000,0.000,0,0.000,0.000,-0.029,-0.032,0.000,0.000,0.0000,PLAN,164
19.201,-0.374,0.511,0.0002,0.000,0.000,0,0.000,0.000,0.139,-0.056,0.000,0.000,0.0000,PLAN,183
19.400,-0.374,0.511,0.0002,0.000,0.000,0,0.000,0.000,0.139,-0.056,0.000,0.000,0.0000,PLAN,183
19.600,-0.374,0.511,0.0002,0.000,0.000,0,0.000,0.000,0.139,-0.056,0.000,0.000,0.0000,PLAN,183
19.800,-0.394,0.476,-0.0041,0.000,0.000,0,0.000,0.000,0.059,-0.236,0.000,0.000,0.0000,PLAN,205
20.001,-0.384,0.471,0.0005,0.000,0.000,0,0.000,0.000,0.075,-0.001,0.000,0.000,0.0000,PLAN,215
20.200,-0.355,0.446,-0.0067,0.000,0.000,0,0.000,0.000,0.559,0.066,0.000,0.000,0.0000,PLAN,215
20.400,-0.362,0.410,-0.0016,0.000,0.000,0,0.000,0.000,-0.035,0.196,0.000,0.000,0.0000,PLAN,215
20.601,-0.403,0.463,-0.0008,0.000,0.000,0,0.000,0.000,0.144,-0.002,0.000,0.000,0.0000,PLAN,235
20.801,-0.375,0.444,-0.0044,0.000,0.000,0,0.000,0.000,0.474,0.035,0.000,0.000,0.0000,PLAN,229
21.000,-0.375,0.444,-0.0044,0.000,0.000,0,0.000,0.000,0.474,0.035,0.000,0.000,0.0000,PLAN,229
21.200,-0.409,0.433,-0.0064,0.000,0.000,0,0.000,0.000,-0.327,-0.123,0.000,0.000,0.0000,PLAN,229
21.401,-0.422,0.463,-0.0024,0.000,0.000,0,0.000,0.000,-0.121,-0.035,0.000,0.000,0.0000,PLAN,232
21.600,-0.391,0.460,-0.0006,0.000,0.000,0,0.000,0.000,0.312,0.047,0.000,0.000,0.0000,PLAN,230
21.800,-0.387,0.456,-0.0012,0.000,0.000,0,0.000,0.000,0.237,0.081,0.000,0.000,0.0000,PLAN,221
22.000,-0.408,0.473,-0.0026,0.000,0.000,0,0.000,0.000,-0.099,0.051,0.000,0.000,0.0000,PLAN,221
22.200,-0.381,0.485,-0.0002,0.000,0.000,0,0.000,0.000,0.275,0.051,0.000,0.000,0.0000,PLAN,218
22.400,-0.403,0.494,-0.0005,0.000,0.000,0,0.000,0.000,-0.059,0.044,0.000,0.000,0.0000,PLAN,207
22.600,-0.386,0.503,0.0012,0.000,0.000,0,0.000,0.000,0.126,0.023,0.000,0.000,0.0000,PLAN,214
22.800,-0.387,0.555,-0.0018,0.000,0.000,0,0.000,0.000,-0.018,-0.001,0.000,0.000,0.0000,PLAN,214
23.000,-0.377,0.533,0.0016,0.000,0.000,0,0.000,0.000,0.121,0.008,0.000,0.000,0.0000,PLAN,168
23.200,-0.370,0.547,0.0011,0.000,0.000,0,0.000,0.000,0.074,-0.008,0.000,0.000,0.0000,PLAN,168
23.400,-0.381,0.560,-0.0050,0.000,0.000,0,0.000,0.000,0.015,-0.269,0.000,0.000,0.0000,PLAN,165
23.600,-0.392,0.567,0.0013,0.000,0.000,0,0.000,0.000,-0.024,0.009,0.000,0.000,0.0000,PLAN,174
23.800,-0.379,0.573,0.0011,0.000,0.000,0,0.000,0.000,0.065,0.027,0.000,0.000,0.0000,PLAN,172
24.001,-0.379,0.578,0.0003,0.000,0.000,0,0.000,0.000,0.171,-0.025,0.000,0.000,0.0000,PLAN,171
24.200,-0.389,0.578,-0.0007,0.000,0.000,0,0.000,0.000,0.142,-0.021,0.000,0.000,0.0000,PLAN,173
24.400,-0.443,0.586,-0.0045,0.000,0.000,0,0.000,0.000,-0.241,0.011,0.000,0.000,0.0000,PLAN,173
24.600,-0.395,0.588,-0.0005,0.000,0.000,0,0.000,0.000,0.203,0.105,0.000,0.000,0.0000,PLAN,178
24.800,-0.426,0.591,-0.0010,0.000,0.000,0,0.000,0.000,0.015,0.030,0.000,0.000,0.0000,PLAN,178
25.000,-0.424,0.580,0.0008,0.000,0.000,0,0.000,0.000,0.066,0.012,0.000,0.000,0.0000,PLAN,176
25.200,-0.426,0.572,-0.0011,0.000,0.000,0,0.000,0.000,0.083,-0.090,0.000,0.000,0.0000,PLAN,191
25.401,-0.444,0.561,0.0015,0.000,0.000,0,0.000,0.000,0.017,0.027,0.000,0.000,0.0000,PLAN,195
25.600,-0.444,0.561,0.0015,0.000,0.000,0,0.000,0.000,0.017,0.027,0.000,0.000,0.0000,PLAN,195
25.800,-0.444,0.561,0.0015,0.000,0.000,0,0.000,0.000,0.017,0.027,0.000,0.000,0.0000,PLAN,195
26.000,-0.444,0.561,0.0015,0.000,0.000,0,0.000,0.000,0.017,0.027,0.000,0.000,0.0000,PLAN,195
26.200,-0.434,0.504,0.0003,0.000,0.000,0,0.000,0.000,0.379,-0.018,0.000,0.000,0.0000,PLAN,192
26.401,-0.434,0.504,0.0003,0.000,0.000,0,0.000,0.000,0.379,-0.018,0.000,0.000,0.0000,PLAN,192
26.600,-0.415,0.453,-0.0018,0.000,0.000,0,0.000,0.000,0.259,0.045,0.000,0.000,0.0000,PLAN,215
26.800,-0.405,0.453,0.0011,0.000,0.000,0,0.000,0.000,0.221,-0.002,0.000,0.000,0.0000,PLAN,230
27.000,-0.415,0.429,-0.0004,0.000,0.000,0,0.000,0.000,0.038,0.059,0.000,0.000,0.0000,PLAN,230
27.201,-0.391,0.426,0.0017,0.000,0.000,0,0.000,0.000,0.102,0.088,0.000,0.000,0.0000,PLAN,243
27.400,-0.374,0.421,-0.0016,0.000,0.000,0,0.000,0.000,0.158,-0.092,0.000,0.000,0.0000,PLAN,242
27.600,-0.350,0.395,-0.0009,0.000,0.000,0,0.000,0.000,0.234,0.085,0.000,0.000,0.0000,PLAN,249
27.800,-0.356,0.421,-0.0014,0.000,0.000,0,0.000,0.000,0.094,-0.130,0.000,0.000,0.0000,PLAN,237
28.000,-0.356,0.418,-0.0027,0.000,0.000,0,0.000,0.000,0.026,-0.083,0.000,0.000,0.0000,PLAN,225
28.200,-0.353,0.429,0.0013,0.000,0.000,0,0.000,0.000,-0.025,0.017,0.000,0.000,0.0000,PLAN,223
28.401,-0.347,0.429,0.0008,0.000,0.000,0,0.000,0.000,0.016,-0.004,0.000,0.000,0.0000,PLAN,218
28.600,-0.364,0.482,0.0012,0.000,0.000,0,0.000,0.000,0.007,0.027,0.000,0.000,0.0000,PLAN,218
28.801,-0.364,0.485,-0.0005,0.000,0.000,0,0.000,0.000,-0.038,-0.007,0.000,0.000,0.0000,PLAN,166
29.000,-0.369,0.526,-0.0025,0.000,0.000,0,0.000,0.000,-0.123,0.049,0.000,0.000,0.0000,PLAN,163
29.200,-0.385,0.537,-0.0015,0.000,0.000,0,0.000,0.000,-0.144,-0.077,0.000,0.000,0.0000,PLAN,166
29.400,-0.375,0.549,-0.0045,0.000,0.000,0,0.000,0.000,-0.030,-0.155,0.000,0.000,0.0000,PLAN,168
29.600,-0.405,0.570,0.0008,0.000,0.000,0,0.000,0.000,-0.154,0.002,0.000,0.000,0.0000,PLAN,166
29.800,-0.404,0.592,0.0015,0.000,0.000,0,0.000,0.000,-0.006,0.008,0.000,0.000,0.0000,PLAN,179
30.001,-0.462,0.610,0.0002,0.000,0.000,0,0.000,0.000,-0.232,0.076,0.000,0.000,0.0000,PLAN,179
30.200,-0.425,0.635,-0.0002,0.000,0.000,0,0.000,0.000,0.242,0.053,0.000,0.000,0.0000,PLAN,179
30.400,-0.460,0.641,-0.0002,0.000,0.000,0,0.000,0.000,0.045,-0.003,0.000,0.000,0.0000,PLAN,179
30.600,-0.486,0.644,-0.0002,0.000,0.000,0,0.000,0.000,-0.110,0.037,0.000,0.000,0.0000,PLAN,171
30.800,-0.478,0.639,-0.0002,0.000,0.000,0,0.000,0.000,0.031,-0.028,0.000,0.000,0.0000,PLAN,171
31.001,-0.478,0.639,-0.0002,0.000,0.000,0,0.000,0.000,0.031,-0.028,0.000,0.000,0.0000,PLAN,171
31.200,-0.523,0.626,0.0003,0.000,0.000,0,0.000,0.000,-0.104,0.064,0.000,0.000,0.0000,PLAN,180
31.400,-0.482,0.603,-0.0014,0.000,0.000,0,0.000,0.000,0.320,0.038,0.000,0.000,0.0000,PLAN,216
31.600,-0.482,0.603,-0.0014,0.000,0.000,0,0.000,0.000,0.320,0.038,0.000,0.000,0.0000,PLAN,216
31.801,-0.468,0.516,-0.0003,0.000,0.000,0,0.000,0.000,-0.031,-0.028,0.000,0.000,0.0000,PLAN,221
32.000,-0.424,0.492,0.0010,0.000,0.000,0,0.000,0.000,0.238,-0.006,0.000,0.000,0.0000,PLAN,221
32.201,-0.422,0.473,-0.0003,0.000,0.000,0,0.000,0.000,0.202,0.073,0.000,0.000,0.0000,PLAN,206
32.401,-0.392,0.463,0.0009,0.000,0.000,0,0.000,0.000,0.174,-0.005,0.000,0.000,0.0000,PLAN,228
32.601,-0.392,0.463,0.0009,0.000,0.000,0,0.000,0.000,0.174,-0.005,0.000,0.000,0.0000,PLAN,228
32.800,-0.348,0.409,-0.0026,0.000,0.000,0,0.000,0.000,0.352,0.056,0.000,0.000,0.0000,PLAN,249
33.000,-0.352,0.404,-0.0018,0.000,0.000,0,0.000,0.000,-0.044,0.044,0.000,0.000,0.0000,PLAN,249
33.200,-0.339,0.393,0.0005,0.000,0.000,0,0.000,0.000,0.016,-0.003,0.000,0.000,0.0000,PLAN,257
33.401,-0.318,0.372,-0.0001,0.000,0.000,0,0.000,0.000,0.174,0.083,0.000,0.000,0.0000,PLAN,254
33.600,-0.310,0.389,-0.0027,0.000,0.000,0,0.000,0.000,0.180,-0.192,0.000,0.000,0.0000,PLAN,254
33.800,-0.314,0.382,-0.0018,0.000,0.000,0,0.000,0.000,0.016,-0.020,0.000,0.000,0.0000,PLAN,265
34.000,-0.327,0.398,-0.0012,0.000,0.000,0,0.000,0.000,-0.192,0.072,0.000,0.000,0.0000,PLAN,250
34.200,-0.328,0.409,0.0019,0.000,0.000,0,0.000,0.000,-0.013,-0.080,0.000,0.000,0.0000,PLAN,181
34.400,-0.326,0.431,0.0001,0.000,0.000,0,0.000,0.000,-0.010,0.033,0.000,0.000,0.0000,PLAN,166
34.600,-0.347,0.452,-0.0028,0.000,0.000,0,0.000,0.000,-0.294,0.078,0.000,0.000,0.0000,PLAN,158
34.800,-0.332,0.476,-0.0043,0.000,0.000,0,0.000,0.000,0.187,0.014,0.000,0.000,0.0000,PLAN,149
35.000,-0.348,0.446,-0.0143,0.000,0.000,0,0.000,0.000,-0.078,-0.020,0.000,0.000,0.0000,PLAN,149
35.200,-0.386,0.543,0.0002,0.000,0.000,0,0.000,0.000,-0.156,-0.035,0.000,0.000,0.0000,PLAN,176
35.400,-0.431,0.614,0.0015,0.000,0.000,0,0.000,0.000,-0.150,0.010,0.000,0.000,0.0000,PLAN,176
35.601,-0.461,0.620,-0.0006,0.000,0.000,0,0.000,0.000,0.138,-0.012,0.000,0.000,0.0000,PLAN,187
35.800,-0.471,0.655,-0.0015,0.000,0.000,0,0.000,0.000,0.173,-0.027,0.000,0.000,0.0000,PLAN,194
36.001,-0.529,0.676,-0.0002,0.000,0.000,0,0.000,0.000,-0.272,0.064,0.000,0.000,0.0000,PLAN,194
36.200,-0.524,0.663,0.0003,0.000,0.000,0,0.000,0.000,-0.004,0.045,0.000,0.000,0.0000,PLAN,204
36.400,-0.524,0.663,0.0002,0.000,0.000,0,0.000,0.000,-0.002,0.042,0.000,0.000,0.0000,PLAN,225
36.600,-0.533,0.662,-0.0005,0.000,0.000,0,0.000,0.000,0.061,-0.017,0.000,0.000,0.0000,PLAN,225
36.800,-0.522,0.651,-0.0016,0.000,0.000,0,0.000,0.000,0.114,0.028,0.000,0.000,0.0000,PLAN,242
37.000,-0.530,0.632,-0.0007,0.000,0.000,0,0.000,0.000,-0.026,-0.038,0.000,0.000,0.0000,PLAN,224
37.201,-0.511,0.603,0.0037,0.000,0.000,0,0.000,0.000,0.005,0.030,0.000,0.000,0.0000,PLAN,218
37.400,-0.511,0.603,0.0037,0.000,0.000,0,0.000,0.000,0.005,0.030,0.000,0.000,0.0000,PLAN,218
37.600,-0.511,0.603,0.0037,0.000,0.000,0,0.000,0.000,0.005,0.030,0.000,0.000,0.0000,PLAN,218
37.800,-0.434,0.528,-0.0007,0.000,0.000,0,0.000,0.000,0.095,0.031,0.000,0.000,0.0000,PLAN,223
38.000,-0.397,0.491,-0.0004,0.000,0.000,0,0.000,0.000,0.151,0.063,0.000,0.000,0.0000,PLAN,214
38.200,-0.362,0.445,-0.0007,0.000,0.000,0,0.000,0.000,0.068,0.075,0.000,0.000,0.0000,PLAN,222
38.400,-0.352,0.442,-0.0037,0.000,0.000,0,0.000,0.000,0.073,-0.020,0.000,0.000,0.0000,PLAN,230
38.600,-0.334,0.400,-0.0042,0.000,0.000,0,0.000,0.000,0.071,-0.026,0.000,0.000,0.0000,PLAN,258
38.800,-0.311,0.397,-0.0035,0.000,0.000,0,0.000,0.000,0.022,-0.242,0.000,0.000,0.0000,PLAN,256
39.000,-0.317,0.391,-0.0005,0.000,0.000,0,0.000,0.000,0.038,0.054,0.000,0.000,0.0000,PLAN,260
39.200,-0.309,0.377,-0.0011,0.000,0.000,0,0.000,0.000,-0.011,0.001,0.000,0.000,0.0000,PLAN,266
39.400,-0.287,0.382,-0.0006,0.000,0.000,0,0.000,0.000,0.192,0.074,0.000,0.000,0.0000,PLAN,255
39.600,-0.299,0.385,0.0003,0.000,0.000,0,0.000,0.000,0.049,0.094,0.000,0.000,0.0000,PLAN,256
39.800,-0.345,0.426,-0.0019,0.000,0.000,0,0.000,0.000,-0.226,0.035,0.000,0.000,0.0000,PLAN,256
40.000,-0.314,0.429,-0.0021,0.000,0.000,0,0.000,0.000,0.276,0.057,0.000,0.000,0.0000,PLAN,218
40.200,-0.389,0.443,0.0015,0.000,0.000,0,0.000,0.000,-0.301,-0.104,0.000,0.000,0.0000,PLAN,211
40.400,-0.373,0.450,0.0010,0.000,0.000,0,0.000,0.000,-0.160,-0.049,0.000,0.000,0.0000,PLAN,202
40.600,-0.410,0.512,-0.0051,0.000,0.000,0,0.000,0.000,-0.037,-0.275,0.000,0.000,0.0000,PLAN,198
40.800,-0.407,0.529,0.0003,0.000,0.000,0,0.000,0.000,0.060,-0.028,0.000,0.000,0.0000,PLAN,193
41.000,-0.407,0.542,0.0025,0.000,0.000,0,0.000,0.000,0.013,0.007,0.000,0.000,0.0000,PLAN,193
41.200,-0.407,0.542,0.0025,0.000,0.000,0,0.000,0.000,0.013,0.007,0.000,0.000,0.0000,PLAN,193
41.400,-0.407,0.542,0.0025,0.000,0.000,0,0.000,0.000,0.013,0.007,0.000,0.000,0.0000,PLAN,193
41.600,-0.536,0.644,0.0008,0.000,0.000,0,0.000,0.000,-0.046,0.034,0.000,0.000,0.0000,PLAN,196
41.801,-0.536,0.644,0.0008,0.000,0.000,0,0.000,0.000,-0.046,0.034,0.000,0.000,0.0000,PLAN,196
42.000,-0.559,0.673,-0.0026,0.000,0.000,0,0.000,0.000,0.076,-0.090,0.000,0.000,0.0000,PLAN,196
42.200,-0.559,0.667,-0.0004,0.000,0.000,0,0.000,0.000,-0.102,0.088,0.000,0.000,0.0000,PLAN,235
42.400,-0.534,0.675,-0.0015,0.000,0.000,0,0.000,0.000,0.112,-0.005,0.000,0.000,0.0000,PLAN,235
42.600,-0.498,0.671,-0.0026,0.000,0.000,0,0.000,0.000,0.287,-0.006,0.000,0.000,0.0000,PLAN,235
42.800,-0.499,0.637,-0.0012,0.000,0.000,0,0.000,0.000,0.201,-0.007,0.000,0.000,0.0000,PLAN,232
43.000,-0.499,0.637,-0.0012,0.000,0.000,0,0.000,0.000,0.201,-0.007,0.000,0.000,0.0000,PLAN,232
43.200,-0.443,0.578,0.0004,0.000,0.000,0,0.000,0.000,0.198,0.087,0.000,0.000,0.0000,PLAN,191
43.400,-0.421,0.572,-0.0013,0.000,0.000,0,0.000,0.000,0.232,-0.029,0.000,0.000,0.0000,PLAN,187
43.600,-0.421,0.572,-0.0013,0.000,0.000,0,0.000,0.000,0.232,-0.029,0.000,0.000,0.0000,PLAN,187
43.800,-0.421,0.572,-0.0013,0.000,0.000,0,0.000,0.000,0.232,-0.029,0.000,0.000,0.0000,PLAN,187
44.000,-0.421,0.572,-0.0013,0.000,0.000,0,0.000,0.000,0.232,-0.029,0.000,0.000,0.0000,PLAN,187
44.200,-0.488,0.267,0.0003,0.000,0.000,0,0.000,0.000,0.247,-0.191,0.000,0.000,0.0000,PLAN,187
44.400,-0.191,0.532,-0.0036,0.000,0.000,0,0.000,0.000,1.493,-0.016,0.000,0.000,0.0000,PLAN,254
44.600,-0.143,0.239,-0.0217,0.000,0.000,0,0.000,0.000,0.291,0.354,0.000,0.000,0.0000,PLAN,254
44.800,-0.289,0.363,0.0017,0.000,0.000,0,0.000,0.000,-1.084,-0.052,0.000,0.000,0.0000,PLAN,268
45.000,-0.289,0.363,0.0017,0.000,0.000,0,0.000,0.000,-1.084,-0.052,0.000,0.000,0.0000,PLAN,268
45.200,-0.289,0.363,0.0017,0.000,0.000,0,0.000,0.000,-1.084,-0.052,0.000,0.000,0.0000,PLAN,268
45.400,-0.429,0.305,-0.0010,0.000,0.000,0,0.000,0.000,1.301,-0.166,0.000,0.000,0.0000,PLAN,128
45.600,-0.429,0.305,-0.0010,0.000,0.000,0,0.000,0.000,1.301,-0.166,0.000,0.000,0.0000,PLAN,128
45.800,-0.429,0.305,-0.0010,0.000,0.000,0,0.000,0.000,1.301,-0.166,0.000,0.000,0.0000,PLAN,128
46.000,-0.268,0.803,0.0018,0.000,0.000,0,0.000,0.000,0.223,0.068,0.000,0.000,0.0000,PLAN,202
46.200,-0.268,0.803,0.0018,0.000,0.000,0,0.000,0.000,0.223,0.068,0.000,0.000,0.0000,PLAN,202
46.400,-0.268,0.803,0.0018,0.000,0.000,0,0.000,0.000,0.223,0.068,0.000,0.000,0.0000,PLAN,202
46.600,-0.515,0.560,-0.0022,0.000,0.000,0,0.000,0.000,-0.845,0.044,0.000,0.000,0.0000,PLAN,186
46.800,-0.515,0.560,-0.0022,0.000,0.000,0,0.000,0.000,-0.845,0.044,0.000,0.000,0.0000,PLAN,186
47.000,-0.555,0.649,0.0005,0.000,0.000,0,0.000,0.000,0.112,-0.009,0.000,0.000,0.0000,PLAN,186
47.200,-0.552,0.645,0.0006,0.000,0.000,0,0.000,0.000,0.013,0.081,0.000,0.000,0.0000,PLAN,226
47.400,-0.535,0.641,-0.0015,0.000,0.000,0,0.000,0.000,0.182,0.017,0.000,0.000,0.0000,PLAN,223
47.600,-0.524,0.651,-0.0019,0.000,0.000,0,0.000,0.000,0.164,-0.087,0.000,0.000,0.0000,PLAN,217
47.800,-0.511,0.631,-0.0008,0.000,0.000,0,0.000,0.000,0.190,-0.040,0.000,0.000,0.0000,PLAN,218
