t,pose_x,pose_y,pose_yaw,goal_x,goal_y,goal_active,des_vx,des_wz,act_vx,act_wz,crosstrack_err,along_err,heading_err,mode,obstacle_pts,left_thrust,right_thrust,safety_stop,path_min_clearance,path_length,raw_obstacle_pts,safety_cloud_pts,lio_input_pts,registered_pts,dynamic_track_count,dynamic_point_count,dynamic_max_speed,goal_accepted,goal_status
0.201,0.000,0.000,0.0000,0.000,0.000,0,0.000,0.000,0.000,0.000,0.000,0.000,0.0000,PLAN,0,0.000,0.000,0,nan,0.000,0,0,0,0,0,0,0.000,0,none
0.401,0.000,0.000,0.0000,0.000,0.000,0,0.000,0.000,0.000,0.000,0.000,0.000,0.0000,PLAN,0,0.000,0.000,0,nan,0.000,0,0,0,0,0,0,0.000,0,none
0.600,0.000,0.000,0.0000,0.000,0.000,0,0.000,0.000,0.000,0.000,0.000,0.000,0.0000,PLAN,0,0.000,0.000,0,nan,0.000,0,0,0,0,0,0,0.000,0,none
0.801,0.000,0.000,0.0000,0.000,0.000,0,0.000,0.000,0.000,0.000,0.000,0.000,0.0000,PLAN,0,0.000,0.000,0,nan,0.000,0,0,0,0,0,0,0.000,0,none
1.001,-0.101,0.078,0.0007,0.000,0.000,0,0.000,0.000,-0.008,-0.000,0.000,0.000,0.0000,PLAN,0,0.000,0.000,0,nan,0.000,0,0,0,0,0,0,0.000,0,none
1.201,-0.101,0.078,-0.0002,0.000,0.000,0,0.000,0.000,-0.007,-0.000,0.000,0.000,0.0000,PLAN,0,0.000,0.000,0,nan,0.000,0,0,0,0,0,0,0.000,0,none
1.400,-0.101,0.078,-0.0002,0.000,0.000,0,0.000,0.000,-0.007,-0.000,0.000,0.000,0.0000,PLAN,0,0.000,0.000,0,nan,0.000,0,0,0,0,0,0,0.000,0,none
1.601,-0.101,0.078,-0.0002,0.000,0.000,0,0.000,0.000,-0.007,-0.000,0.000,0.000,0.0000,PLAN,0,0.000,0.000,0,nan,0.000,0,0,0,0,7,300,2.004,0,none
1.801,-0.101,0.078,-0.0002,0.000,0.000,0,0.000,0.000,-0.007,-0.000,0.000,0.000,0.0000,PLAN,0,0.000,0.000,0,nan,0.000,0,0,0,0,7,300,2.004,0,none
2.001,-0.101,0.078,-0.0002,0.000,0.000,0,0.000,0.000,-0.007,-0.000,0.000,0.000,0.0000,PLAN,0,0.000,0.000,0,nan,0.000,0,0,0,0,7,315,1.502,0,none
2.201,-0.101,0.078,-0.0002,0.000,0.000,0,0.000,0.000,-0.007,-0.000,0.000,0.000,0.0000,PLAN,0,0.000,0.000,0,nan,0.000,0,0,0,0,7,315,1.170,0,none
2.401,-0.101,0.126,0.0009,0.000,0.000,0,0.000,0.000,0.000,0.006,0.000,0.000,0.0000,PLAN,0,0.000,0.000,0,nan,0.000,0,0,22232,0,6,270,2.434,0,none
2.601,-0.100,0.125,0.0008,0.000,0.000,0,0.000,0.000,0.000,0.006,0.000,0.000,0.0000,PLAN,0,0.000,0.000,0,nan,0.000,0,0,22232,0,6,270,2.434,0,none
2.800,-0.100,0.125,0.0008,0.000,0.000,0,0.000,0.000,0.000,0.006,0.000,0.000,0.0000,PLAN,0,0.000,0.000,0,nan,0.000,0,0,22232,0,6,270,2.434,0,none
3.000,-0.100,0.125,0.0008,0.000,0.000,0,0.000,0.000,0.000,0.006,0.000,0.000,0.0000,PLAN,0,0.000,0.000,0,nan,0.000,0,0,22232,0,6,270,2.434,0,none
3.200,-0.100,0.125,0.0008,0.000,0.000,0,0.000,0.000,0.000,0.006,0.000,0.000,0.0000,PLAN,0,0.000,0.000,0,nan,0.000,0,0,22232,0,6,270,2.434,0,none
3.400,-0.100,0.125,0.0008,0.000,0.000,0,0.000,0.000,0.000,0.006,0.000,0.000,0.0000,PLAN,0,0.000,0.000,0,nan,0.000,3468,3468,22232,0,6,270,2.434,0,none
3.601,-0.100,0.125,0.0008,8.000,0.000,1,0.000,0.000,0.000,0.006,0.000,0.000,-0.0163,PLAN,0,0.000,0.000,0,nan,0.000,3468,3468,22232,0,6,270,2.434,0,none
3.800,-0.170,0.114,-0.0025,8.000,0.000,1,0.000,0.000,-0.006,-0.005,0.012,-0.069,-0.0115,PLAN,0,0.000,0.000,0,nan,0.000,3457,3457,22469,0,6,270,2.434,0,none
4.001,-0.178,0.132,0.0010,8.000,0.000,1,0.000,0.000,0.002,-0.003,0.006,-0.078,-0.0171,PLAN,447,0.000,0.000,0,nan,0.000,3424,3424,22469,7701,11,495,3.184,0,none
4.201,-0.185,0.129,0.0001,8.000,0.000,1,0.000,0.000,0.003,-0.000,0.002,-0.084,-0.0158,PLAN,447,0.000,0.000,0,nan,0.000,3409,3409,22529,7701,11,495,3.184,0,none
4.401,-0.187,0.126,-0.0006,8.000,0.000,1,0.000,0.000,0.003,-0.006,0.001,-0.086,-0.0148,PLAN,450,0.000,0.000,0,nan,0.000,3383,3383,22534,7721,12,540,5.000,0,none
4.601,-0.188,0.124,0.0006,8.000,0.000,1,0.000,0.000,0.002,0.013,0.003,-0.087,-0.0158,PLAN,464,0.000,0.000,0,nan,0.000,3389,3389,22534,7725,12,540,5.000,0,none
4.801,-0.186,0.123,-0.0005,8.000,0.000,1,0.000,0.000,0.003,0.005,0.004,-0.085,-0.0144,PLAN,471,0.000,0.000,0,nan,0.000,3386,3386,22445,7736,12,505,5.000,0,none
5.001,-0.184,0.118,0.0010,8.000,0.000,1,0.000,0.000,0.002,-0.000,0.009,-0.084,-0.0154,PLAN,481,0.000,0.000,0,nan,0.000,3386,3386,22445,7652,13,530,4.186,0,none
5.200,-0.184,0.118,0.0010,8.000,0.000,1,0.000,0.000,0.002,-0.000,0.009,-0.084,-0.0154,PLAN,481,0.000,0.000,0,nan,0.000,3386,3386,22445,7652,12,480,4.186,0,none
5.401,-0.184,0.118,0.0010,8.000,0.000,1,0.000,0.000,0.002,-0.000,0.009,-0.084,-0.0154,PLAN,481,0.000,0.000,0,nan,0.000,3386,3386,22191,7652,12,480,4.186,0,none
5.601,-0.168,0.101,-0.0006,8.000,0.000,1,0.000,0.000,0.000,0.007,0.025,-0.068,-0.0118,PLAN,481,0.000,0.000,0,nan,0.000,3466,3466,22191,7652,12,475,4.186,0,none
5.801,-0.167,0.101,-0.0004,8.000,0.000,1,0.000,0.000,0.000,0.007,0.026,-0.066,-0.0120,PLAN,480,0.000,0.000,0,nan,0.000,3471,3471,22191,7587,14,550,3.248,0,none
6.001,-0.167,0.101,-0.0004,8.000,0.000,1,0.000,0.000,0.000,0.007,0.026,-0.066,-0.0120,PLAN,480,0.000,0.000,0,nan,0.000,3471,3471,22191,7587,16,615,3.248,0,none
6.200,-0.167,0.101,-0.0004,8.000,0.000,1,0.000,0.000,0.000,0.007,0.026,-0.066,-0.0120,PLAN,480,0.000,0.000,0,nan,0.000,3471,3471,22191,7587,15,570,3.248,0,none
6.400,-0.167,0.101,-0.0004,8.000,0.000,1,0.000,0.000,0.000,0.007,0.026,-0.066,-0.0120,PLAN,480,0.000,0.000,0,nan,0.000,3537,3537,22191,7587,16,620,3.248,0,none
6.601,-0.167,0.101,-0.0004,8.000,0.000,1,0.000,0.000,0.000,0.007,0.026,-0.066,-0.0120,PLAN,480,0.000,0.000,0,nan,0.000,3489,3489,22191,7587,18,685,3.248,0,none
6.801,-0.167,0.101,-0.0004,8.000,0.000,1,0.000,0.000,0.000,0.007,0.026,-0.066,-0.0120,PLAN,480,0.000,0.000,0,nan,0.000,3487,3487,22191,7587,16,635,4.181,0,none
7.000,-0.167,0.101,-0.0004,8.000,0.000,1,0.000,0.000,0.000,0.007,0.026,-0.066,-0.0120,PLAN,480,0.000,0.000,0,nan,0.000,3432,3432,22191,7587,16,635,4.181,0,none
7.201,-0.167,0.101,-0.0004,8.000,0.000,1,0.000,0.000,0.000,0.007,0.026,-0.066,-0.0120,PLAN,480,0.000,0.000,0,nan,0.000,3431,3431,21780,7587,16,615,4.181,0,none
7.401,-0.046,0.062,-0.0013,8.000,0.000,1,0.000,0.000,-0.002,-0.006,0.062,0.056,-0.0065,PLAN,393,0.000,0.000,0,nan,0.000,3487,3487,21861,7476,17,675,4.181,0,none
7.601,-0.046,0.065,-0.0017,8.000,0.000,1,0.000,0.000,-0.001,0.006,0.059,0.056,-0.0064,PLAN,382,0.000,0.000,0,nan,0.000,3487,3487,21911,7469,14,560,4.181,0,none
7.801,-0.048,0.072,-0.0013,8.000,0.000,1,0.000,0.000,-0.002,0.011,0.052,0.053,-0.0077,PLAN,384,0.000,0.000,0,nan,0.000,3514,3514,21963,7541,14,570,4.181,0,none
8.001,-0.052,0.076,0.0022,8.000,0.000,1,0.000,0.000,-0.003,-0.000,0.048,0.050,-0.0117,PLAN,377,0.000,0.000,0,nan,0.000,3514,3514,21963,7549,14,570,4.181,0,none
8.200,-0.055,0.080,0.0015,8.000,0.000,1,0.000,0.000,-0.001,-0.005,0.044,0.046,-0.0114,PLAN,380,0.000,0.000,0,nan,0.000,3616,3616,22040,7553,14,585,4.181,0,none
8.400,-0.056,0.081,0.0006,8.000,0.000,1,0.000,0.000,-0.001,-0.001,0.043,0.045,-0.0107,PLAN,390,0.000,0.000,0,nan,0.000,3616,3616,22040,7588,13,540,4.181,0,none
8.600,-0.056,0.081,0.0006,8.000,0.000,1,0.000,0.000,-0.001,-0.001,0.043,0.045,-0.0107,PLAN,390,0.000,0.000,0,nan,0.000,3616,3616,22040,7588,11,495,2.602,0,none
8.801,-0.056,0.081,0.0006,8.000,0.000,1,0.000,0.000,-0.001,-0.001,0.043,0.045,-0.0107,PLAN,390,0.000,0.000,0,nan,0.000,3705,3705,22040,7588,11,495,2.602,0,none
9.001,-0.098,0.105,-0.0033,8.000,0.000,1,0.000,0.000,-0.004,0.001,0.020,0.003,-0.0097,PLAN,390,0.000,0.000,0,nan,0.000,3549,3549,22308,7588,11,485,2.602,0,none
9.201,-0.125,0.134,0.0005,8.000,0.000,1,0.000,0.000,0.002,0.015,0.008,-0.025,-0.0170,PLAN,439,0.000,0.000,0,nan,0.000,3608,3608,22331,7663,16,720,3.300,0,none
9.400,-0.140,0.149,0.0014,8.000,0.000,1,0.000,0.000,0.002,-0.016,0.023,-0.040,-0.0197,PLAN,429,0.000,0.000,0,nan,0.000,3584,3584,22331,7733,16,720,5.000,0,none
9.601,-0.142,0.150,0.0029,8.000,0.000,1,0.000,0.000,0.002,-0.016,0.024,-0.042,-0.0213,PLAN,438,0.000,0.000,0,nan,0.000,3584,3584,22331,7682,16,720,5.000,0,none
9.801,-0.142,0.150,0.0029,8.000,0.000,1,0.000,0.000,0.002,-0.016,0.024,-0.042,-0.0213,PLAN,438,0.000,0.000,0,nan,0.000,3590,3590,22331,7682,16,720,5.000,0,none
10.000,-0.142,0.150,0.0029,8.000,0.000,1,0.000,0.000,0.002,-0.016,0.024,-0.042,-0.0213,PLAN,438,0.000,0.000,0,nan,0.000,3590,3590,22331,7682,16,720,5.000,0,none
10.200,-0.142,0.150,0.0029,8.000,0.000,1,0.000,0.000,0.002,-0.016,0.024,-0.042,-0.0213,PLAN,438,0.000,0.000,0,nan,0.000,3521,3521,22331,7682,11,495,5.000,0,none
10.400,-0.142,0.150,0.0029,8.000,0.000,1,0.000,0.000,0.002,-0.016,0.024,-0.042,-0.0213,PLAN,438,0.000,0.000,0,nan,0.000,3507,3507,22331,7682,10,450,5.000,0,none
10.601,-0.142,0.150,0.0029,8.000,0.000,1,0.000,0.000,0.002,-0.016,0.024,-0.042,-0.0213,PLAN,438,0.000,0.000,0,nan,0.000,3355,3355,22446,7682,11,495,5.000,0,none
10.800,-0.180,0.123,-0.0016,8.000,0.000,1,0.000,0.000,0.002,-0.002,0.003,-0.079,-0.0135,PLAN,438,0.000,0.000,0,nan,0.000,3355,3355,22446,7682,11,495,5.000,0,none
11.000,-0.173,0.117,-0.0011,8.000,0.000,1,0.000,0.000,0.001,-0.006,0.009,-0.073,-0.0133,PLAN,456,0.000,0.000,0,nan,0.000,3355,3355,22313,7641,10,450,5.000,0,none
11.201,-0.162,0.111,0.0002,8.000,0.000,1,0.000,0.000,0.006,-0.001,0.015,-0.061,-0.0137,PLAN,484,0.000,0.000,0,nan,0.000,3383,3383,22182,7637,12,540,1.950,0,none
11.401,-0.153,0.096,0.0003,8.000,0.000,1,0.000,0.000,0.019,-0.002,0.030,-0.052,-0.0120,PLAN,478,0.000,0.000,0,nan,0.000,3429,3429,22023,7555,12,540,1.950,0,none
11.600,-0.125,0.072,-0.0020,8.000,0.000,1,0.000,0.000,0.080,-0.007,0.054,-0.024,-0.0068,PLAN,489,0.000,0.000,0,nan,0.000,3452,3452,22023,7524,13,565,2.736,0,none
11.800,-0.125,0.072,-0.0020,8.000,0.000,1,0.000,0.000,0.080,-0.007,0.054,-0.024,-0.0068,PLAN,489,0.000,0.000,0,nan,0.000,3452,3452,22023,7524,14,570,3.569,0,none
12.000,-0.125,0.072,-0.0020,8.000,0.000,1,0.000,0.000,0.080,-0.007,0.054,-0.024,-0.0068,PLAN,489,0.000,0.000,0,nan,0.000,3452,3452,22023,7524,14,570,3.569,0,none
12.200,-0.071,0.057,-0.0002,8.000,0.000,1,0.000,0.000,0.011,0.003,0.067,0.030,-0.0069,PLAN,489,0.000,0.000,0,nan,0.000,3386,3386,21549,7524,12,475,3.569,0,none
12.400,-0.045,0.013,-0.0002,8.000,0.000,1,0.000,0.000,-0.002,-0.013,0.111,0.057,-0.0014,PLAN,470,0.000,0.000,0,nan,0.000,3387,3387,21539,7275,15,580,3.591,0,none
12.601,-0.039,0.005,-0.0005,8.000,0.000,1,0.000,0.000,-0.002,0.006,0.119,0.063,-0.0001,PLAN,483,0.000,0.000,0,nan,0.000,3387,3387,21540,7273,15,580,3.591,0,none
12.800,-0.034,0.002,-0.0007,8.000,0.000,1,0.000,0.000,-0.003,0.018,0.123,0.068,0.0005,PLAN,486,0.000,0.000,0,nan,0.000,3392,3392,21551,7293,14,530,3.591,0,none
13.000,-0.032,0.002,-0.0008,8.000,0.000,1,0.000,0.000,-0.003,0.009,0.122,0.070,0.0005,PLAN,462,0.000,0.000,0,nan,0.000,3399,3399,21551,7286,18,700,3.591,0,none
13.201,-0.031,0.004,-0.0016,8.000,0.000,1,0.000,0.000,-0.003,-0.007,0.120,0.071,0.0011,PLAN,455,0.000,0.000,0,nan,0.000,3399,3399,21551,7309,18,700,3.591,0,none
13.400,-0.032,0.008,-0.0018,8.000,0.000,1,0.000,0.000,-0.002,-0.009,0.116,0.070,0.0008,PLAN,455,0.000,0.000,0,nan,0.000,3427,3427,21688,7309,17,645,3.591,0,none
13.601,-0.033,0.011,0.0002,8.000,0.000,1,0.000,0.000,-0.002,0.000,0.113,0.069,-0.0016,PLAN,441,0.000,0.000,0,nan,0.000,3427,3427,21688,7385,18,680,3.854,0,none
13.800,-0.033,0.011,0.0002,8.000,0.000,1,0.000,0.000,-0.002,0.000,0.113,0.069,-0.0016,PLAN,441,0.000,0.000,0,nan,0.000,3499,3499,21688,7385,15,595,3.543,0,none
14.001,-0.044,0.020,-0.0041,8.000,0.000,1,0.000,0.000,-0.003,0.005,0.104,0.058,0.0016,PLAN,441,0.000,0.000,0,nan,0.000,3553,3553,22003,7385,13,505,3.543,0,none
14.201,-0.051,0.032,0.0004,8.000,0.000,1,0.000,0.000,-0.001,-0.001,0.092,0.050,-0.0044,PLAN,386,0.000,0.000,0,nan,0.000,3639,3639,22003,7582,14,545,3.543,0,none
14.400,-0.051,0.032,0.0004,8.000,0.000,1,0.000,0.000,-0.001,-0.001,0.092,0.050,-0.0044,PLAN,386,0.000,0.000,0,nan,0.000,3639,3639,22003,7582,12,495,3.543,0,none
14.600,-0.051,0.032,0.0004,8.000,0.000,1,0.000,0.000,-0.001,-0.001,0.092,0.050,-0.0044,PLAN,386,0.000,0.000,0,nan,0.000,3639,3639,22003,7582,12,495,3.543,0,none
14.800,-0.051,0.032,0.0004,8.000,0.000,1,0.000,0.000,-0.001,-0.001,0.092,0.050,-0.0044,PLAN,386,0.000,0.000,0,nan,0.000,3615,3615,22281,7582,12,485,3.543,0,none
15.000,-0.136,0.126,0.0025,8.000,0.000,1,0.000,0.000,0.002,-0.005,0.001,-0.035,-0.0181,PLAN,432,0.000,0.000,0,nan,0.000,3584,3584,22330,7677,12,485,3.543,0,none
15.200,-0.158,0.154,-0.0037,8.000,0.000,1,0.000,0.000,0.003,0.014,0.028,-0.058,-0.0152,PLAN,432,0.000,0.000,0,nan,0.000,3584,3584,22329,7677,12,485,3.543,0,none
15.400,-0.177,0.174,0.0043,8.000,0.000,1,0.000,0.000,0.003,-0.013,0.047,-0.077,-0.0255,PLAN,439,0.000,0.000,0,nan,0.000,3584,3584,22329,7703,12,485,3.543,0,none
15.601,-0.177,0.174,0.0041,8.000,0.000,1,0.000,0.000,0.003,-0.013,0.048,-0.078,-0.0254,PLAN,427,0.000,0.000,0,nan,0.000,3558,3558,22329,7670,9,405,2.911,0,none
15.801,-0.177,0.174,0.0041,8.000,0.000,1,0.000,0.000,0.003,-0.013,0.048,-0.078,-0.0254,PLAN,427,0.000,0.000,0,nan,0.000,3558,3558,22329,7670,9,370,2.788,0,none
16.000,-0.177,0.174,0.0041,8.000,0.000,1,0.000,0.000,0.003,-0.013,0.048,-0.078,-0.0254,PLAN,427,0.000,0.000,0,nan,0.000,3526,3526,22329,7670,8,325,2.087,0,none
16.200,-0.189,0.167,-0.0020,8.000,0.000,1,0.000,0.000,-0.000,0.007,0.040,-0.089,-0.0183,PLAN,427,0.000,0.000,0,nan,0.000,3471,3471,22449,7670,10,415,1.906,0,none
16.400,-0.196,0.177,-0.0022,8.000,0.000,1,0.000,0.000,0.002,-0.013,0.050,-0.096,-0.0194,PLAN,466,0.000,0.000,0,nan,0.000,3335,3335,22431,7661,10,415,1.906,0,none
16.600,-0.194,0.175,0.0006,8.000,0.000,1,0.000,0.000,0.002,0.002,0.048,-0.095,-0.0219,PLAN,481,0.000,0.000,0,nan,0.000,3335,3335,22431,7660,11,460,1.906,0,none
16.801,-0.194,0.175,0.0006,8.000,0.000,1,0.000,0.000,0.002,0.002,0.048,-0.095,-0.0219,PLAN,481,0.000,0.000,0,nan,0.000,3317,3317,22270,7660,11,455,1.906,0,none
17.000,-0.164,0.150,0.0007,8.000,0.000,1,0.000,0.000,0.079,0.000,0.024,-0.064,-0.0190,PLAN,481,0.000,0.000,0,nan,0.000,3365,3365,22165,7660,15,615,3.065,0,none
17.201,-0.139,0.129,0.0007,8.000,0.000,1,0.000,0.000,0.124,-0.001,0.003,-0.039,-0.0165,PLAN,448,0.000,0.000,0,nan,0.000,3365,3365,22082,7588,15,615,3.065,0,none
17.401,-0.119,0.106,0.0007,8.000,0.000,1,0.000,0.000,0.145,-0.002,0.020,-0.018,-0.0137,PLAN,448,0.000,0.000,0,nan,0.000,3365,3365,21970,7584,15,615,3.065,0,none
17.601,-0.087,0.066,0.0002,8.000,0.000,1,0.000,0.000,0.146,-0.004,0.059,0.015,-0.0083,PLAN,490,0.000,0.000,0,nan,0.000,3365,3365,21970,7497,12,520,3.065,0,none
17.800,-0.075,0.042,-0.0011,8.000,0.000,1,0.000,0.000,0.120,-0.011,0.083,0.026,-0.0041,PLAN,490,0.000,0.000,0,nan,0.000,3432,3432,21795,7497,12,520,3.065,0,none
18.000,-0.062,0.030,-0.0001,8.000,0.000,1,0.000,0.000,0.125,0.000,0.095,0.040,-0.0036,PLAN,502,0.000,0.000,0,nan,0.000,3355,3355,21555,7427,12,515,3.428,0,none
18.200,-0.063,0.026,0.0020,8.000,0.000,1,0.000,0.000,-0.003,-0.012,0.098,0.039,-0.0052,PLAN,502,0.000,0.000,0,nan,0.000,3355,3355,21555,7427,8,335,3.215,0,none
18.401,-0.055,0.023,0.0008,8.000,0.000,1,0.000,0.000,-0.002,-0.015,0.102,0.046,-0.0036,PLAN,491,0.000,0.000,0,nan,0.000,3355,3355,21555,7323,10,420,2.691,0,none
18.600,-0.055,0.023,0.0008,8.000,0.000,1,0.000,0.000,-0.002,-0.015,0.102,0.046,-0.0036,PLAN,491,0.000,0.000,0,nan,0.000,3355,3355,21555,7323,9,375,2.691,0,none
18.800,-0.055,0.023,0.0008,8.000,0.000,1,0.000,0.000,-0.002,-0.015,0.102,0.046,-0.0036,PLAN,491,0.000,0.000,0,nan,0.000,3355,3355,21555,7323,7,275,2.691,0,none
19.000,-0.055,0.023,0.0008,8.000,0.000,1,0.000,0.000,-0.002,-0.015,0.102,0.046,-0.0036,PLAN,491,0.000,0.000,0,nan,0.000,3355,3355,21555,7323,6,230,2.691,0,none
19.200,-0.055,0.023,0.0008,8.000,0.000,1,0.000,0.000,-0.002,-0.015,0.102,0.046,-0.0036,PLAN,491,0.000,0.000,0,nan,0.000,3355,3355,21555,7323,4,140,2.691,0,none
19.400,-0.055,0.023,0.0008,8.000,0.000,1,0.000,0.000,-0.002,-0.015,0.102,0.046,-0.0036,PLAN,491,0.000,0.000,0,nan,0.000,3355,3355,21555,7323,3,95,2.691,0,none
19.601,-0.055,0.023,0.0008,8.000,0.000,1,0.000,0.000,-0.002,-0.015,0.102,0.046,-0.0036,PLAN,491,0.000,0.000,0,nan,0.000,3355,3355,21555,7323,3,95,2.691,0,none
19.801,-0.124,0.090,0.0004,8.000,0.000,1,0.000,0.000,-0.001,-0.000,0.036,-0.023,-0.0115,PLAN,491,0.000,0.000,0,nan,0.000,3355,3355,22009,7323,3,95,2.691,0,none
20.000,-0.123,0.089,0.0004,8.000,0.000,1,0.000,0.000,-0.000,-0.011,0.037,-0.023,-0.0114,PLAN,397,0.000,0.000,0,nan,0.000,3355,3355,22009,7505,0,0,0.000,0,none
20.201,-0.123,0.089,0.0004,8.000,0.000,1,0.000,0.000,-0.000,-0.011,0.037,-0.023,-0.0114,PLAN,397,0.000,0.000,0,nan,0.000,3749,3749,22009,7505,0,0,0.000,0,none
20.401,-0.123,0.089,0.0004,8.000,0.000,1,0.000,0.000,-0.000,-0.011,0.037,-0.023,-0.0114,PLAN,397,0.000,0.000,0,nan,0.000,3749,3749,22009,7505,5,225,0.724,0,none
20.601,-0.167,0.134,-0.0028,8.000,0.000,1,0.000,0.000,-0.000,-0.021,0.008,-0.066,-0.0136,PLAN,397,0.000,0.000,0,nan,0.000,3551,3551,22243,7505,7,315,0.946,0,none
20.800,-0.188,0.159,0.0010,8.000,0.000,1,0.000,0.000,0.004,0.015,0.032,-0.088,-0.0204,PLAN,416,0.000,0.000,0,nan,0.000,3551,3551,22243,7666,7,315,0.946,0,none
21.000,-0.191,0.162,0.0024,8.000,0.000,1,0.000,0.000,0.002,0.013,0.035,-0.091,-0.0222,PLAN,428,0.000,0.000,0,nan,0.000,3604,3604,22243,7676,8,360,2.201,0,none
21.201,-0.191,0.162,0.0024,8.000,0.000,1,0.000,0.000,0.002,0.013,0.035,-0.091,-0.0222,PLAN,428,0.000,0.000,0,nan,0.000,3604,3604,22243,7676,9,405,2.569,0,none
21.401,-0.191,0.162,0.0024,8.000,0.000,1,0.000,0.000,0.002,0.013,0.035,-0.091,-0.0222,PLAN,428,0.000,0.000,0,nan,0.000,3604,3604,22243,7676,9,405,2.569,0,none
21.601,-0.186,0.152,0.0018,8.000,0.000,1,0.000,0.000,0.019,0.009,0.026,-0.086,-0.0204,PLAN,428,0.000,0.000,0,nan,0.000,3604,3604,22452,7676,9,405,2.569,0,none
21.800,-0.216,0.203,-0.0023,8.000,0.000,1,0.000,0.000,0.002,0.015,0.076,-0.117,-0.0224,PLAN,458,0.000,0.000,0,nan,0.000,3604,3604,22483,7689,10,450,2.569,0,none
22.001,-0.216,0.209,-0.0021,8.000,0.000,1,0.000,0.000,0.002,0.001,0.082,-0.117,-0.0233,PLAN,457,0.000,0.000,0,nan,0.000,3597,3597,22483,7716,9,395,2.569,0,none
22.201,-0.214,0.213,-0.0024,8.000,0.000,1,0.000,0.000,0.002,0.003,0.086,-0.115,-0.0235,PLAN,463,0.000,0.000,0,nan,0.000,3597,3597,22483,7731,9,395,2.569,0,none
22.400,-0.213,0.213,0.0007,8.000,0.000,1,0.000,0.000,0.002,-0.009,0.086,-0.114,-0.0266,PLAN,464,0.000,0.000,0,nan,0.000,3597,3597,22483,7750,9,395,2.569,0,none
22.600,-0.213,0.213,0.0007,8.000,0.000,1,0.000,0.000,0.002,-0.009,0.086,-0.114,-0.0266,PLAN,464,0.000,0.000,0,nan,0.000,3360,3360,22331,7750,8,345,2.569,0,none
22.800,-0.191,0.202,0.0011,8.000,0.000,1,0.000,0.000,0.000,-0.003,0.075,-0.092,-0.0257,PLAN,464,0.000,0.000,0,nan,0.000,3360,3360,22331,7750,8,345,2.569,0,none
23.001,-0.190,0.202,0.0010,8.000,0.000,1,0.000,0.000,0.000,-0.003,0.075,-0.091,-0.0256,PLAN,414,0.000,0.000,0,nan,0.000,3389,3389,22331,7647,5,200,2.003,0,none
23.200,-0.190,0.202,0.0010,8.000,0.000,1,0.000,0.000,0.000,-0.003,0.075,-0.091,-0.0256,PLAN,414,0.000,0.000,0,nan,0.000,3389,3389,22331,7647,5,200,2.003,0,none
23.401,-0.190,0.202,0.0010,8.000,0.000,1,0.000,0.000,0.000,-0.003,0.075,-0.091,-0.0256,PLAN,414,0.000,0.000,0,nan,0.000,3389,3389,22331,7647,5,200,2.003,0,none
23.600,-0.190,0.202,0.0010,8.000,0.000,1,0.000,0.000,0.000,-0.003,0.075,-0.091,-0.0256,PLAN,414,0.000,0.000,0,nan,0.000,3389,3389,22331,7647,5,195,2.003,0,none
23.800,-0.123,0.145,0.0016,8.000,0.000,1,0.000,0.000,0.002,-0.006,0.019,-0.023,-0.0195,PLAN,414,0.000,0.000,0,nan,0.000,3439,3439,21648,7647,5,185,2.003,0,none
24.001,-0.088,0.098,-0.0002,8.000,0.000,1,0.000,0.000,-0.001,0.001,0.027,0.013,-0.0120,PLAN,491,0.000,0.000,0,nan,0.000,3439,3439,21648,7333,7,300,2.166,0,none
24.200,-0.088,0.098,-0.0002,8.000,0.000,1,0.000,0.000,-0.001,0.001,0.027,0.013,-0.0120,PLAN,491,0.000,0.000,0,nan,0.000,3439,3439,21603,7333,7,300,2.166,0,none
24.400,-0.081,0.077,0.0004,8.000,0.000,1,0.000,0.000,-0.003,-0.013,0.048,0.020,-0.0098,PLAN,491,0.000,0.000,0,nan,0.000,3434,3434,21629,7333,6,260,1.929,0,none
24.601,-0.073,0.065,0.0003,8.000,0.000,1,0.000,0.000,-0.002,-0.013,0.060,0.028,-0.0083,PLAN,481,0.000,0.000,0,nan,0.000,3434,3434,21629,7323,6,260,1.929,0,none
24.801,-0.073,0.065,0.0003,8.000,0.000,1,0.000,0.000,-0.002,-0.013,0.060,0.028,-0.0083,PLAN,481,0.000,0.000,0,nan,0.000,3544,3544,21629,7323,6,255,1.929,0,none
25.000,-0.082,0.061,0.0010,8.000,0.000,1,0.000,0.000,-0.002,-0.020,0.064,0.019,-0.0085,PLAN,481,0.000,0.000,0,nan,0.000,3544,3544,21814,7323,9,405,1.411,0,none
25.200,-0.081,0.060,0.0008,8.000,0.000,1,0.000,0.000,-0.001,-0.001,0.065,0.020,-0.0082,PLAN,457,0.000,0.000,0,nan,0.000,3544,3544,21814,7390,9,400,1.411,0,none
25.400,-0.081,0.060,0.0008,8.000,0.000,1,0.000,0.000,-0.001,-0.001,0.065,0.020,-0.0082,PLAN,457,0.000,0.000,0,nan,0.000,3544,3544,21814,7390,9,400,1.411,0,none
25.600,-0.081,0.060,0.0008,8.000,0.000,1,0.000,0.000,-0.001,-0.001,0.065,0.020,-0.0082,PLAN,457,0.000,0.000,0,nan,0.000,3544,3544,22148,7390,9,400,1.411,0,none
25.800,-0.130,0.076,-0.0011,8.000,0.000,1,0.000,0.000,-0.000,-0.005,0.050,-0.029,-0.0082,PLAN,457,0.000,0.000,0,nan,0.000,3631,3631,22206,7390,9,405,0.937,0,none
26.000,-0.150,0.089,0.0006,8.000,0.000,1,0.000,0.000,0.001,0.001,0.037,-0.049,-0.0115,PLAN,440,0.000,0.000,0,nan,0.000,3636,3636,22206,7571,9,405,0.937,0,none
26.201,-0.151,0.090,0.0012,8.000,0.000,1,0.000,0.000,0.001,0.001,0.036,-0.050,-0.0122,PLAN,423,0.000,0.000,0,nan,0.000,3591,3591,22206,7592,9,405,2.225,0,none
26.401,-0.151,0.090,0.0012,8.000,0.000,1,0.000,0.000,0.001,0.001,0.036,-0.050,-0.0122,PLAN,423,0.000,0.000,0,nan,0.000,3591,3591,22206,7592,9,405,2.997,0,none
26.600,-0.151,0.090,0.0012,8.000,0.000,1,0.000,0.000,0.001,0.001,0.036,-0.050,-0.0122,PLAN,423,0.000,0.000,0,nan,0.000,3591,3591,22206,7592,9,405,2.997,0,none
26.800,-0.180,0.102,-0.0066,8.000,0.000,1,0.000,0.000,-0.002,-0.004,0.024,-0.080,-0.0059,PLAN,423,0.000,0.000,0,nan,0.000,3531,3531,22319,7592,8,360,3.067,0,none
27.001,-0.196,0.142,0.0027,8.000,0.000,1,0.000,0.000,0.002,0.001,0.015,-0.095,-0.0200,PLAN,425,0.000,0.000,0,nan,0.000,3617,3617,22319,7665,8,360,3.067,0,none
27.201,-0.203,0.159,-0.0026,8.000,0.000,1,0.000,0.000,0.002,0.004,0.032,-0.103,-0.0168,PLAN,425,0.000,0.000,0,nan,0.000,3617,3617,22330,7665,8,360,2.730,0,none
27.400,-0.209,0.175,-0.0023,8.000,0.000,1,0.000,0.000,0.002,-0.004,0.048,-0.109,-0.0189,PLAN,450,0.000,0.000,0,nan,0.000,3617,3617,22330,7670,8,360,2.730,0,none
27.600,-0.211,0.178,0.0012,8.000,0.000,1,0.000,0.000,0.002,0.006,0.051,-0.111,-0.0229,PLAN,443,0.000,0.000,0,nan,0.000,3617,3617,22330,7658,8,360,2.730,0,none
27.800,-0.211,0.178,0.0012,8.000,0.000,1,0.000,0.000,0.002,0.006,0.051,-0.111,-0.0229,PLAN,443,0.000,0.000,0,nan,0.000,3617,3617,22330,7658,8,360,2.730,0,none
28.001,-0.211,0.178,0.0012,8.000,0.000,1,0.000,0.000,0.002,0.006,0.051,-0.111,-0.0229,PLAN,443,0.000,0.000,0,nan,0.000,3485,3485,22330,7658,5,225,2.162,0,none
28.200,-0.211,0.178,0.0012,8.000,0.000,1,0.000,0.000,0.002,0.006,0.051,-0.111,-0.0229,PLAN,443,0.000,0.000,0,nan,0.000,3485,3485,22330,7658,5,225,2.162,0,none
28.400,-0.211,0.178,0.0012,8.000,0.000,1,0.000,0.000,0.002,0.006,0.051,-0.111,-0.0229,PLAN,443,0.000,0.000,0,nan,0.000,3485,3485,22330,7658,5,225,2.162,0,none
28.600,-0.344,0.060,-0.0021,8.000,0.000,1,0.000,0.000,-0.003,0.017,0.069,-0.243,-0.0051,PLAN,443,0.000,0.000,0,nan,0.000,3513,3513,22254,7658,5,225,2.162,0,none
28.801,-0.124,0.047,-0.0027,8.000,0.000,1,0.000,0.000,-0.000,-0.003,0.079,-0.022,-0.0031,PLAN,448,0.000,0.000,0,nan,0.000,3513,3513,22254,7578,5,210,2.162,0,none
29.000,-0.123,0.066,0.0004,8.000,0.000,1,0.000,0.000,-0.001,0.005,0.059,-0.022,-0.0085,PLAN,325,0.000,0.000,0,nan,0.000,3513,3513,22254,7574,4,165,2.162,0,none
29.200,-0.114,0.085,0.0019,8.000,0.000,1,0.000,0.000,-0.002,0.007,0.040,-0.013,-0.0124,PLAN,325,0.000,0.000,0,nan,0.000,3530,3530,22083,7574,4,165,2.162,0,none
29.401,-0.107,0.092,-0.0019,8.000,0.000,1,0.000,0.000,-0.001,-0.004,0.034,-0.006,-0.0094,PLAN,439,0.000,0.000,0,nan,0.000,3546,3546,22021,7502,5,190,2.882,0,none
29.601,-0.105,0.096,0.0003,8.000,0.000,1,0.000,0.000,-0.002,-0.009,0.030,-0.004,-0.0121,PLAN,457,0.000,0.000,0,nan,0.000,3546,3546,22021,7495,6,235,2.743,0,none
29.800,-0.105,0.096,0.0003,8.000,0.000,1,0.000,0.000,-0.002,-0.009,0.030,-0.004,-0.0121,PLAN,457,0.000,0.000,0,nan,0.000,3546,3546,22021,7495,5,190,2.743,0,none
30.000,-0.105,0.096,0.0003,8.000,0.000,1,0.000,0.000,-0.002,-0.009,0.030,-0.004,-0.0121,PLAN,457,0.000,0.000,0,nan,0.000,3546,3546,21911,7495,5,190,2.743,0,none
30.200,-0.103,0.089,0.0008,8.000,0.000,1,0.000,0.000,-0.002,-0.007,0.037,-0.002,-0.0117,PLAN,469,0.000,0.000,0,nan,0.000,3546,3546,21911,7433,5,180,2.743,0,none
30.400,-0.103,0.089,0.0008,8.000,0.000,1,0.000,0.000,-0.002,-0.007,0.037,-0.002,-0.0117,PLAN,469,0.000,0.000,0,nan,0.000,3546,3546,21911,7433,4,135,2.743,0,none
30.600,-0.103,0.089,0.0008,8.000,0.000,1,0.000,0.000,-0.002,-0.007,0.037,-0.002,-0.0117,PLAN,469,0.000,0.000,0,nan,0.000,3599,3599,21911,7433,6,235,2.542,0,none
30.801,-0.103,0.089,0.0008,8.000,0.000,1,0.000,0.000,-0.002,-0.007,0.037,-0.002,-0.0117,PLAN,469,0.000,0.000,0,nan,0.000,3599,3599,21911,7433,6,235,2.542,0,none
31.001,-0.103,0.089,0.0008,8.000,0.000,1,0.000,0.000,-0.002,-0.007,0.037,-0.002,-0.0117,PLAN,469,0.000,0.000,0,nan,0.000,3575,3575,21911,7433,6,230,2.542,0,none
31.200,-0.103,0.089,0.0008,8.000,0.000,1,0.000,0.000,-0.002,-0.007,0.037,-0.002,-0.0117,PLAN,469,0.000,0.000,0,nan,0.000,3575,3575,21911,7433,6,260,2.005,0,none
31.400,-0.103,0.089,0.0008,8.000,0.000,1,0.000,0.000,-0.002,-0.007,0.037,-0.002,-0.0117,PLAN,469,0.000,0.000,0,nan,0.000,3575,3575,21911,7433,6,260,2.005,0,none
31.600,-0.103,0.089,0.0008,8.000,0.000,1,0.000,0.000,-0.002,-0.007,0.037,-0.002,-0.0117,PLAN,469,0.000,0.000,0,nan,0.000,3519,3519,21911,7433,4,170,2.005,0,none
31.800,-0.103,0.089,0.0008,8.000,0.000,1,0.000,0.000,-0.002,-0.007,0.037,-0.002,-0.0117,PLAN,469,0.000,0.000,0,nan,0.000,3504,3504,21911,7433,6,270,0.946,0,none
32.001,-0.103,0.089,0.0008,8.000,0.000,1,0.000,0.000,-0.002,-0.007,0.037,-0.002,-0.0117,PLAN,469,0.000,0.000,0,nan,0.000,3504,3504,21911,7433,7,315,0.955,0,none
32.201,-0.103,0.089,0.0008,8.000,0.000,1,0.000,0.000,-0.002,-0.007,0.037,-0.002,-0.0117,PLAN,469,0.000,0.000,0,nan,0.000,3502,3502,21911,7433,8,360,1.724,0,none
32.401,-0.103,0.089,0.0008,8.000,0.000,1,0.000,0.000,-0.002,-0.007,0.037,-0.002,-0.0117,PLAN,469,0.000,0.000,0,nan,0.000,3502,3502,21911,7433,8,360,1.724,0,none
32.601,-0.103,0.089,0.0008,8.000,0.000,1,0.000,0.000,-0.002,-0.007,0.037,-0.002,-0.0117,PLAN,469,0.000,0.000,0,nan,0.000,3511,3511,21911,7433,8,360,1.620,0,none
32.800,-0.103,0.089,0.0008,8.000,0.000,1,0.000,0.000,-0.002,-0.007,0.037,-0.002,-0.0117,PLAN,469,0.000,0.000,0,nan,0.000,3509,3509,21911,7433,8,360,1.299,0,none
33.001,-0.170,0.146,-0.0026,8.000,0.000,1,0.000,0.000,-0.000,-0.007,0.019,-0.070,-0.0152,PLAN,469,0.000,0.000,0,nan,0.000,3508,3508,22350,7433,8,360,0.847,0,none
33.200,-0.181,0.187,0.0011,8.000,0.000,1,0.000,0.000,0.001,0.005,0.061,-0.081,-0.0240,PLAN,432,0.000,0.000,0,nan,0.000,3508,3508,22350,7698,8,360,0.847,0,none
33.401,-0.181,0.187,0.0011,8.000,0.000,1,0.000,0.000,0.001,0.005,0.061,-0.081,-0.0240,PLAN,432,0.000,0.000,0,nan,0.000,3508,3508,22350,7698,8,360,0.847,0,none
33.601,-0.181,0.187,0.0011,8.000,0.000,1,0.000,0.000,0.001,0.005,0.061,-0.081,-0.0240,PLAN,432,0.000,0.000,0,nan,0.000,3508,3508,22350,7698,6,270,0.847,0,none
33.800,-0.181,0.187,0.0011,8.000,0.000,1,0.000,0.000,0.001,0.005,0.061,-0.081,-0.0240,PLAN,432,0.000,0.000,0,nan,0.000,3508,3508,22350,7698,6,270,0.847,0,none
34.000,-0.181,0.187,0.0011,8.000,0.000,1,0.000,0.000,0.001,0.005,0.061,-0.081,-0.0240,PLAN,432,0.000,0.000,0,nan,0.000,3508,3508,22350,7698,5,225,0.847,0,none
34.201,-0.142,0.189,-0.0012,8.000,0.000,1,0.000,0.000,0.006,0.015,0.063,-0.043,-0.0220,PLAN,432,0.000,0.000,0,nan,0.000,3598,3598,22214,7698,5,225,0.847,0,none
34.401,-0.126,0.182,-0.0009,8.000,0.000,1,0.000,0.000,-0.001,0.010,0.057,-0.027,-0.0216,PLAN,422,0.000,0.000,0,nan,0.000,3598,3598,22214,7576,4,180,0.526,0,none
34.601,-0.121,0.180,0.0006,8.000,0.000,1,0.000,0.000,-0.001,0.002,0.054,-0.022,-0.0227,PLAN,431,0.000,0.000,0,nan,0.000,3589,3589,22183,7577,4,180,0.526,0,none
34.802,-0.118,0.176,0.0009,8.000,0.000,1,0.000,0.000,-0.001,0.007,0.050,-0.019,-0.0226,PLAN,429,0.000,0.000,0,nan,0.000,3586,3586,22154,7532,4,180,0.593,0,none
35.000,-0.118,0.173,0.0013,8.000,0.000,1,0.000,0.000,-0.002,-0.011,0.048,-0.019,-0.0227,PLAN,429,0.000,0.000,0,nan,0.000,3586,3586,22154,7532,4,180,1.632,0,none
35.201,-0.117,0.172,0.0006,8.000,0.000,1,0.000,0.000,-0.001,-0.004,0.047,-0.017,-0.0218,PLAN,420,0.000,0.000,0,nan,0.000,3582,3582,22147,7510,4,180,1.632,0,none
35.401,-0.118,0.167,0.0008,8.000,0.000,1,0.000,0.000,-0.001,-0.006,0.042,-0.018,-0.0214,PLAN,420,0.000,0.000,0,nan,0.000,3582,3582,22147,7525,4,180,1.327,0,none
35.600,-0.118,0.167,0.0008,8.000,0.000,1,0.000,0.000,-0.001,-0.006,0.042,-0.018,-0.0214,PLAN,432,0.000,0.000,0,nan,0.000,3582,3582,22147,7525,4,180,0.773,0,none
35.800,-0.118,0.167,0.0008,8.000,0.000,1,0.000,0.000,-0.001,-0.006,0.042,-0.018,-0.0214,PLAN,432,0.000,0.000,0,nan,0.000,3582,3582,22147,7525,4,180,0.773,0,none
36.001,-0.118,0.167,0.0008,8.000,0.000,1,0.000,0.000,-0.001,-0.006,0.042,-0.018,-0.0214,PLAN,432,0.000,0.000,0,nan,0.000,3531,3531,22198,7525,4,180,0.773,0,none
36.200,-0.145,0.152,0.0005,8.000,0.000,1,0.000,0.000,-0.000,-0.005,0.026,-0.045,-0.0191,PLAN,432,0.000,0.000,0,nan,0.000,3515,3515,22216,7525,4,180,0.723,0,none
36.402,-0.152,0.147,0.0012,8.000,0.000,1,0.000,0.000,0.000,-0.004,0.021,-0.052,-0.0192,PLAN,435,0.000,0.000,0,nan,0.000,3515,3515,22216,7548,4,180,0.807,0,none
36.829,-0.153,0.147,-0.0000,8.000,0.000,1,0.000,0.000,0.000,-0.004,0.021,-0.053,-0.0180,PLAN,435,0.000,0.000,0,nan,0.000,3477,3477,22296,7548,4,180,0.807,0,none
37.001,-0.159,0.145,0.0013,8.000,0.000,1,0.000,0.000,0.001,0.013,0.019,-0.059,-0.0191,PLAN,435,0.000,0.000,0,nan,0.000,3484,3484,22296,7590,5,225,1.073,0,none
37.201,-0.159,0.145,0.0013,8.000,0.000,1,0.000,0.000,0.001,0.013,0.019,-0.059,-0.0191,PLAN,435,0.000,0.000,0,nan,0.000,3484,3484,22296,7590,5,225,1.061,0,none
37.401,-0.159,0.145,0.0013,8.000,0.000,1,0.000,0.000,0.001,0.013,0.019,-0.059,-0.0191,PLAN,435,0.000,0.000,0,nan,0.000,3470,3470,22410,7590,4,180,1.061,0,none
37.601,-0.194,0.145,-0.0003,8.000,0.000,1,0.000,0.000,0.001,0.015,0.018,-0.094,-0.0175,PLAN,427,0.000,0.000,0,nan,0.000,3474,3474,22399,7672,4,180,0.784,0,none
37.800,-0.200,0.147,-0.0010,8.000,0.000,1,0.000,0.000,0.001,-0.014,0.020,-0.100,-0.0168,PLAN,429,0.000,0.000,0,nan,0.000,3474,3474,22399,7646,4,180,0.784,0,none
38.001,-0.200,0.147,0.0011,8.000,0.000,1,0.000,0.000,0.001,-0.014,0.020,-0.100,-0.0190,PLAN,432,0.000,0.000,0,nan,0.000,3474,3474,22366,7715,4,180,1.632,0,none
38.201,-0.199,0.148,0.0009,8.000,0.000,1,0.000,0.000,0.001,0.005,0.021,-0.099,-0.0190,PLAN,432,0.000,0.000,0,nan,0.000,3489,3489,22360,7715,4,180,1.632,0,none
38.400,-0.197,0.149,0.0013,8.000,0.000,1,0.000,0.000,0.001,-0.007,0.022,-0.097,-0.0194,PLAN,436,0.000,0.000,0,nan,0.000,3489,3489,22360,7662,4,180,1.579,0,none
38.600,-0.195,0.151,-0.0012,8.000,0.000,1,0.000,0.000,0.001,0.003,0.024,-0.095,-0.0172,PLAN,433,0.000,0.000,0,nan,0.000,3486,3486,22335,7642,4,180,1.579,0,none
38.801,-0.193,0.150,-0.0017,8.000,0.000,1,0.000,0.000,0.002,-0.008,0.023,-0.093,-0.0165,PLAN,421,0.000,0.000,0,nan,0.000,3518,3518,22294,7639,4,180,0.973,0,none
39.000,-0.190,0.151,0.0006,8.000,0.000,1,0.000,0.000,0.001,-0.003,0.024,-0.090,-0.0191,PLAN,428,0.000,0.000,0,nan,0.000,3567,3567,22252,7618,4,180,0.865,0,none
39.201,-0.185,0.152,0.0005,8.000,0.000,1,0.000,0.000,0.001,0.003,0.026,-0.085,-0.0191,PLAN,444,0.000,0.000,0,nan,0.000,3567,3567,22252,7595,4,180,0.865,0,none
39.401,-0.185,0.152,0.0005,8.000,0.000,1,0.000,0.000,0.001,0.003,0.026,-0.085,-0.0191,PLAN,444,0.000,0.000,0,nan,0.000,3567,3567,22240,7595,4,180,0.865,0,none
39.601,-0.177,0.155,0.0006,8.000,0.000,1,0.000,0.000,0.000,0.012,0.028,-0.077,-0.0195,PLAN,445,0.000,0.000,0,nan,0.000,3567,3567,22240,7530,4,180,0.865,0,none
39.801,-0.177,0.155,0.0006,8.000,0.000,1,0.000,0.000,0.000,0.012,0.028,-0.077,-0.0195,PLAN,445,0.000,0.000,0,nan,0.000,3567,3567,22240,7530,4,180,0.865,0,none
40.000,-0.166,0.161,0.0014,8.000,0.000,1,0.000,0.000,-0.000,-0.005,0.035,-0.066,-0.0212,PLAN,445,0.000,0.000,0,nan,0.000,3613,3613,22196,7530,5,225,0.781,0,none
40.200,-0.162,0.159,0.0004,8.000,0.000,1,0.000,0.000,0.000,-0.001,0.033,-0.063,-0.0199,PLAN,421,0.000,0.000,0,nan,0.000,3604,3604,22196,7551,5,225,0.781,0,none
40.401,-0.155,0.163,-0.0015,8.000,0.000,1,0.000,0.000,0.003,0.005,0.037,-0.055,-0.0184,PLAN,421,0.000,0.000,0,nan,0.000,3605,3605,22148,7551,5,225,0.573,0,none
40.600,-0.150,0.164,0.0005,8.000,0.000,1,0.000,0.000,-0.000,-0.008,0.038,-0.050,-0.0206,PLAN,429,0.000,0.000,0,nan,0.000,3605,3605,22170,7562,5,225,0.573,0,none
40.800,-0.144,0.165,0.0006,8.000,0.000,1,0.000,0.000,-0.001,-0.016,0.039,-0.044,-0.0209,PLAN,417,0.000,0.000,0,nan,0.000,3605,3605,22170,7552,5,225,0.573,0,none
41.000,-0.144,0.165,0.0006,8.000,0.000,1,0.000,0.000,-0.001,-0.016,0.039,-0.044,-0.0209,PLAN,417,0.000,0.000,0,nan,0.000,3626,3626,22170,7552,5,225,0.573,0,none
41.201,-0.147,0.165,-0.0021,8.000,0.000,1,0.000,0.000,-0.002,0.005,0.039,-0.047,-0.0181,PLAN,417,0.000,0.000,0,nan,0.000,3633,3633,22215,7552,5,225,0.582,0,none
41.401,-0.145,0.167,-0.0016,8.000,0.000,1,0.000,0.000,-0.000,-0.003,0.042,-0.046,-0.0190,PLAN,433,0.000,0.000,0,nan,0.000,3641,3641,22220,7583,5,210,1.289,0,none
41.601,-0.145,0.168,0.0007,8.000,0.000,1,0.000,0.000,-0.000,0.002,0.042,-0.045,-0.0213,PLAN,442,0.000,0.000,0,nan,0.000,3641,3641,22220,7577,5,210,1.289,0,none
41.800,-0.152,0.167,-0.0024,8.000,0.000,1,0.000,0.000,-0.001,-0.013,0.041,-0.052,-0.0181,PLAN,442,0.000,0.000,0,nan,0.000,3568,3568,22268,7577,5,215,1.139,0,none
42.000,-0.158,0.167,-0.0029,8.000,0.000,1,0.000,0.000,-0.000,0.011,0.041,-0.058,-0.0176,PLAN,427,0.000,0.000,0,nan,0.000,3510,3510,22309,7613,6,270,1.144,0,none
42.200,-0.162,0.169,-0.0004,8.000,0.000,1,0.000,0.000,0.002,-0.008,0.042,-0.062,-0.0202,PLAN,425,0.000,0.000,0,nan,0.000,3510,3510,22309,7650,6,270,1.144,0,none
42.400,-0.162,0.169,0.0018,8.000,0.000,1,0.000,0.000,0.001,0.015,0.043,-0.062,-0.0225,PLAN,415,0.000,0.000,0,nan,0.000,3470,3470,22383,7681,6,270,1.144,0,none
42.602,-0.168,0.168,0.0012,8.000,0.000,1,0.000,0.000,0.001,0.001,0.042,-0.068,-0.0218,PLAN,415,0.000,0.000,0,nan,0.000,3463,3463,22380,7687,7,315,1.183,0,none
42.801,-0.172,0.167,0.0017,8.000,0.000,1,0.000,0.000,0.001,0.016,0.041,-0.072,-0.0221,PLAN,413,0.000,0.000,0,nan,0.000,3463,3463,22386,7672,8,360,1.560,0,none
43.001,-0.176,0.166,0.0014,8.000,0.000,1,0.000,0.000,0.002,0.002,0.040,-0.076,-0.0218,PLAN,424,0.000,0.000,0,nan,0.000,3460,3460,22386,7692,8,360,1.560,0,none
43.201,-0.176,0.166,0.0014,8.000,0.000,1,0.000,0.000,0.002,0.002,0.040,-0.076,-0.0218,PLAN,424,0.000,0.000,0,nan,0.000,3452,3452,22364,7692,7,315,0.970,0,none
43.400,-0.181,0.164,0.0016,8.000,0.000,1,0.000,0.000,0.001,0.015,0.037,-0.081,-0.0216,PLAN,423,0.000,0.000,0,nan,0.000,3452,3452,22364,7664,6,270,0.861,0,none
43.601,-0.180,0.164,-0.0006,8.000,0.000,1,0.000,0.000,0.003,-0.001,0.037,-0.080,-0.0194,PLAN,423,0.000,0.000,0,nan,0.000,3445,3445,22341,7664,6,270,0.904,0,none
43.801,-0.183,0.160,-0.0019,8.000,0.000,1,0.000,0.000,0.001,0.004,0.034,-0.084,-0.0177,PLAN,422,0.000,0.000,0,nan,0.000,3457,3457,22324,7619,6,270,0.973,0,none
44.000,-0.182,0.158,0.0009,8.000,0.000,1,0.000,0.000,0.001,-0.021,0.032,-0.082,-0.0203,PLAN,446,0.000,0.000,0,nan,0.000,3457,3457,22324,7658,6,270,0.973,0,none
44.201,-0.182,0.159,-0.0011,8.000,0.000,1,0.000,0.000,0.001,0.009,0.032,-0.082,-0.0183,PLAN,446,0.000,0.000,0,nan,0.000,3452,3452,22239,7658,6,270,0.973,0,none
44.401,-0.180,0.157,0.0006,8.000,0.000,1,0.000,0.000,0.000,-0.001,0.030,-0.080,-0.0197,PLAN,426,0.000,0.000,0,nan,0.000,3466,3466,22174,7544,6,270,1.225,0,none
44.601,-0.178,0.155,0.0009,8.000,0.000,1,0.000,0.000,-0.000,-0.006,0.029,-0.078,-0.0199,PLAN,426,0.000,0.000,0,nan,0.000,3497,3497,22175,7544,6,270,1.225,0,none
44.800,-0.174,0.153,0.0003,8.000,0.000,1,0.000,0.000,0.000,0.008,0.026,-0.074,-0.0190,PLAN,440,0.000,0.000,0,nan,0.000,3497,3497,22175,7549,5,225,1.537,0,none
45.001,-0.173,0.152,0.0003,8.000,0.000,1,0.000,0.000,0.000,0.008,0.026,-0.073,-0.0189,PLAN,453,0.000,0.000,0,nan,0.000,3497,3497,22175,7544,3,135,1.537,0,none
45.201,-0.173,0.152,0.0003,8.000,0.000,1,0.000,0.000,0.000,0.008,0.026,-0.073,-0.0189,PLAN,453,0.000,0.000,0,nan,0.000,3497,3497,22175,7544,3,135,1.537,0,none
45.400,-0.173,0.152,0.0003,8.000,0.000,1,0.000,0.000,0.000,0.008,0.026,-0.073,-0.0189,PLAN,453,0.000,0.000,0,nan,0.000,3591,3591,22175,7544,3,130,1.537,0,none
45.600,-0.173,0.152,0.0003,8.000,0.000,1,0.000,0.000,0.000,0.008,0.026,-0.073,-0.0189,PLAN,453,0.000,0.000,0,nan,0.000,3591,3591,22128,7544,4,180,1.346,0,none
45.801,-0.142,0.149,0.0000,8.000,0.000,1,0.000,0.000,-0.001,-0.012,0.023,-0.042,-0.0183,PLAN,453,0.000,0.000,0,nan,0.000,3599,3599,22132,7509,5,225,0.946,0,none
46.001,-0.137,0.146,-0.0009,8.000,0.000,1,0.000,0.000,-0.001,-0.005,0.021,-0.037,-0.0171,PLAN,439,0.000,0.000,0,nan,0.000,3599,3599,22134,7557,5,225,0.946,0,none
46.200,-0.135,0.146,0.0004,8.000,0.000,1,0.000,0.000,-0.001,0.009,0.020,-0.035,-0.0183,PLAN,422,0.000,0.000,0,nan,0.000,3615,3615,22134,7553,5,225,0.946,0,none
46.401,-0.135,0.146,0.0004,8.000,0.000,1,0.000,0.000,-0.001,0.009,0.020,-0.035,-0.0183,PLAN,422,0.000,0.000,0,nan,0.000,3626,3626,22134,7553,5,225,0.946,0,none
46.601,-0.135,0.146,0.0004,8.000,0.000,1,0.000,0.000,-0.001,0.009,0.020,-0.035,-0.0183,PLAN,422,0.000,0.000,0,nan,0.000,3626,3626,22134,7553,5,225,0.946,0,none
46.801,-0.145,0.150,-0.0019,8.000,0.000,1,0.000,0.000,-0.001,-0.001,0.024,-0.045,-0.0166,PLAN,422,0.000,0.000,0,nan,0.000,3642,3642,22206,7553,5,225,0.662,0,none
47.001,-0.146,0.151,0.0010,8.000,0.000,1,0.000,0.000,-0.000,0.001,0.025,-0.046,-0.0195,PLAN,430,0.000,0.000,0,nan,0.000,3647,3647,22206,7568,5,220,1.033,0,none
47.200,-0.146,0.151,0.0010,8.000,0.000,1,0.000,0.000,-0.000,0.001,0.025,-0.046,-0.0195,PLAN,430,0.000,0.000,0,nan,0.000,3634,3634,22206,7568,5,225,1.614,0,none
47.401,-0.146,0.151,0.0010,8.000,0.000,1,0.000,0.000,-0.000,0.001,0.025,-0.046,-0.0195,PLAN,430,0.000,0.000,0,nan,0.000,3634,3634,22206,7568,5,225,1.614,0,none
47.601,-0.157,0.151,-0.0013,8.000,0.000,1,0.000,0.000,-0.006,0.001,0.025,-0.057,-0.0172,PLAN,430,0.000,0.000,0,nan,0.000,3540,3540,22318,7568,6,270,1.563,0,none
47.800,-0.174,0.168,0.0004,8.000,0.000,1,0.000,0.000,0.001,-0.016,0.042,-0.074,-0.0210,PLAN,428,0.000,0.000,0,nan,0.000,3540,3540,22318,7701,6,270,1.563,0,none
48.001,-0.174,0.168,0.0004,8.000,0.000,1,0.000,0.000,0.001,-0.016,0.042,-0.074,-0.0210,PLAN,428,0.000,0.000,0,nan,0.000,3500,3500,22318,7701,5,225,1.563,0,none
48.200,-0.174,0.168,0.0004,8.000,0.000,1,0.000,0.000,0.001,-0.016,0.042,-0.074,-0.0210,PLAN,428,0.000,0.000,0,nan,0.000,3500,3500,22318,7701,6,270,1.398,0,none
48.401,-0.174,0.168,0.0004,8.000,0.000,1,0.000,0.000,0.001,-0.016,0.042,-0.074,-0.0210,PLAN,428,0.000,0.000,0,nan,0.000,3500,3500,22318,7701,6,270,1.398,0,none
48.601,-0.174,0.168,0.0004,8.000,0.000,1,0.000,0.000,0.001,-0.016,0.042,-0.074,-0.0210,PLAN,428,0.000,0.000,0,nan,0.000,3475,3475,22318,7701,5,225,1.111,0,none
48.801,-0.174,0.168,0.0004,8.000,0.000,1,0.000,0.000,0.001,-0.016,0.042,-0.074,-0.0210,PLAN,428,0.000,0.000,0,nan,0.000,3475,3475,22318,7701,5,225,0.312,0,none
49.000,-0.174,0.168,0.0004,8.000,0.000,1,0.000,0.000,0.001,-0.016,0.042,-0.074,-0.0210,PLAN,428,0.000,0.000,0,nan,0.000,3475,3475,22318,7701,4,180,0.312,0,none
49.201,-0.174,0.168,0.0004,8.000,0.000,1,0.000,0.000,0.001,-0.016,0.042,-0.074,-0.0210,PLAN,428,0.000,0.000,0,nan,0.000,3475,3475,22318,7701,4,180,0.312,0,none
49.400,-0.174,0.168,0.0004,8.000,0.000,1,0.000,0.000,0.001,-0.016,0.042,-0.074,-0.0210,PLAN,428,0.000,0.000,0,nan,0.000,3464,3464,22318,7701,4,180,0.312,0,none
49.601,-0.174,0.168,0.0004,8.000,0.000,1,0.000,0.000,0.001,-0.016,0.042,-0.074,-0.0210,PLAN,428,0.000,0.000,0,nan,0.000,3484,3484,22318,7701,4,180,0.258,0,none
49.800,-0.174,0.168,0.0004,8.000,0.000,1,0.000,0.000,0.001,-0.016,0.042,-0.074,-0.0210,PLAN,428,0.000,0.000,0,nan,0.000,3520,3520,22318,7701,4,180,1.272,0,none
